,Close,Close,Close,High,High,High,Low,Low,Low,Open,Open,Open,Volatilidade,Volatilidade,Volatilidade,Volume,Volume,Volume
,AMD,IBM,INTC,AMD,IBM,INTC,AMD,IBM,INTC,AMD,IBM,INTC,AMD,IBM,INTC,AMD,IBM,INTC
Date,,,,,,,,,,,,,,,,,,
2023-04-17,89.87000274658203,116.61027526855469,31.369522094726562,90.69000244140625,117.43134729112886,31.85753582668746,88.30000305175781,115.6797316165053,31.008392975585302,90.2300033569336,117.04818266736157,31.18407821695117,2.3899993896484375,1.7516156746235652,0.8491428511021581,47250800,3662700,29601100
2023-04-18,89.77999877929688,116.57378387451172,31.066951751708984,92.16000366210938,117.39484894713205,31.681848188343167,89.33000183105469,116.18149428991002,31.018151126854903,91.61000061035156,116.90221268768067,31.65256855808052,2.8300018310546875,1.2133546572220268,0.6636970614882642,46246300,3193800,26041400
2023-04-19,89.94000244140625,115.24181365966797,30.40325355529785,90.54000091552734,115.8439354078255,30.76438451737318,88.22000122070312,114.31127009287154,30.334931934219302,88.51000213623047,115.40602804913807,30.35445292927733,2.3199996948242188,1.5326653149539595,0.42945258315387846,37344500,7014400,25746600
2023-04-20,90.11000061035156,115.27830505371094,30.12020492553711,91.58000183105469,119.49312939601286,30.50085500022003,88.7300033569336,114.80390484114022,29.973799332236496,88.83000183105469,118.73591822306813,30.022601817211516,2.8499984741210938,4.689224554872638,0.5270556679835359,47082700,9749600,30255100
2023-04-21,88.43000030517578,114.70356750488281,29.573631286621094,89.80000305175781,115.58849331741229,30.100687008481,88.05999755859375,114.28390306721496,29.505309662296582,89.80000305175781,114.94988562583394,30.100687008481,1.7400054931640625,1.3045902501973217,0.5953773461844172,41118300,6725400,28655800
2023-04-24,87.56999969482422,114.40249633789062,28.948972702026367,88.63999938964844,114.99549311842607,29.64195312806772,86.33999633789062,113.63616021650452,28.900172076394732,88.11000061035156,114.53934281959899,29.407704912487166,2.3000030517578125,1.3593329019215474,0.7417810516729872,40423800,4043900,38732500
2023-04-25,83.80000305175781,114.84953308105469,28.18766975402832,87.05999755859375,115.12322607163634,28.86112916363043,83.76000213623047,113.81863580909395,28.1779111185137,86.9000015258789,113.9463573486182,28.73424642407108,3.2999954223632812,1.3045902625423906,0.6832180451167318,52771500,4275400,38289900
2023-04-26,85.94000244140625,114.81304168701172,28.353595733642578,87.3499984741211,115.45165635310431,29.095376794335365,85.31999969482422,114.14706607387322,28.148630869547965,86.51000213623047,114.77654882378054,28.5000013355668,2.029998779296875,1.3045902792310926,0.9467459247874004,47786600,4070200,41218800
2023-04-27,87.44000244140625,115.8348159790039,29.144180297851562,87.56999969482422,115.88042683584855,29.23202291741756,84.08999633789062,114.45724003274456,27.826542865986188,86.41000366210938,115.28743697475635,28.06078923095398,3.4800033569335938,1.423186803103988,1.405480051431372,53087200,3204900,60186200
2023-04-28,89.37000274658203,115.32392883300781,30.315412521362305,89.75,116.09025804022643,31.789214215921206,86.44000244140625,114.62145343275581,30.071405655275562,87.0199966430664,115.47901827347326,31.213357863026513,3.30999755859375,1.4688046074706165,1.7178085606456435,50686100,5061200,80252400
2023-05-01,89.69000244140625,115.03199005126953,29.573631286621094,91.04000091552734,115.63411184442207,30.491097620067237,88.61000061035156,115.00462214436294,29.554112152260263,91.02999877929688,115.26919017829645,30.36421486941095,2.4300003051757812,0.6294897000591249,0.9369854678069736,59358700,2725000,36918500
2023-05-02,89.91000366210938,114.18356323242188,29.056337356567383,90.45999908447266,115.36042505446365,29.846919062283263,88.12000274658203,112.45930844132084,29.036816360963385,89.31999969482422,115.22358551257663,29.573630708701103,2.339996337890625,2.901116613142804,0.8101027013198774,70483500,4445300,33463400
2023-05-03,81.62000274658203,112.6235122680664,29.915239334106445,85.4800033569336,114.55759214850674,30.364212904596823,81.0199966430664,112.45017987786439,29.52482874778298,83.54000091552734,114.45723852035219,29.905478836745296,4.4600067138671875,2.1074122706423566,0.8393841568138427,109482200,4554200,45554500
2023-05-04,86.61000061035156,111.82069396972656,30.615957260131836,91.63999938964844,112.68737683083495,31.086368450197742,81.11000061035156,111.08173264688043,29.77313580932783,81.56999969482422,112.24035144691707,29.831938610021997,10.529998779296875,1.6056441839545244,1.3132326408699129,122840500,4468200,46104000
2023-05-05,89.83999633789062,112.80597686767578,30.37095069885254,90.43000030517578,113.21650937643042,30.782560950703065,84.72000122070312,112.03964070161845,30.116144174445274,84.98999786376953,112.31333368098927,30.753159550839502,5.709999084472656,1.1768686748119705,0.6664167762577904,78491100,4971900,35024600
2023-05-08,95.04000091552734,112.5779037475586,30.155349731445312,95.66000366210938,113.05229703206683,30.223951136941427,89.16999816894531,111.80244957234038,29.782939431254807,89.98999786376953,112.90633254464188,30.086748325949195,6.4900054931640625,1.2498474597264533,0.44101170568661985,95503200,3663800,30882800
2023-05-09,95.05999755859375,112.05079650878906,29.498733520507812,96.16000366210938,112.79059167684659,29.969144763263547,93.43000030517578,111.57918396798175,29.31252836928229,94.88999938964844,112.72586012878227,29.77313914415793,2.7300033569335938,1.21140770886484,0.6566163939812562,68674800,4540000,30706500
2023-05-10,97.0199966430664,112.83682250976562,29.371326446533203,99.94000244140625,113.27145163432613,29.792737178090977,96.12000274658203,111.98606301989072,28.90091524959575,96.41999816894531,112.80908142610592,29.684935780406107,3.8199996948242188,1.285388614435405,0.8918219284952258,95619500,4189200,40526500
2023-05-11,97.0999984741211,111.80113220214844,28.28350257873535,99.19000244140625,113.04028113376228,29.08712222504971,96.13999938964844,111.4774744256232,28.244300708550234,98.16000366210938,112.83683708702917,29.008720353927533,3.0500030517578125,1.5628067081390782,0.8428215164994768,57061000,3446500,47144400
2023-05-12,95.26000213623047,113.59510040283203,28.371702194213867,97.44999694824219,113.61359916061801,28.51870545480219,93.68000030517578,111.99530355958144,28.146295200780703,96.83000183105469,112.27272848469985,28.45010405781083,3.7699966430664062,1.6182956010365643,0.37241025402148864,53829700,4564800,24153800
2023-05-15,97.4000015258789,114.07598876953125,29.204723358154297,97.43000030517578,114.38115482811637,29.234124760049205,93.44999694824219,113.13274950757908,28.303100928438564,95.19999694824219,113.74308162474932,28.32270186303517,3.9800033569335938,1.2484053205372874,0.9310238316106414,51749200,2915700,28717500
2023-05-16,101.4800033569336,114.16845703125,28.636308670043945,103.27999877929688,114.53835462851545,29.30272547676297,97.30999755859375,113.23446718557697,28.626508202974787,97.38999938964844,114.06673501562176,29.028319875818404,5.970001220703125,1.3038874429384748,0.6762172737881826,90622900,2748400,22812000
2023-05-17,103.75,116.24911499023438,28.29330062866211,104.13999938964844,116.37857808198785,28.96951600834132,100.05000305175781,114.17769846696922,28.107095499689855,101.79000091552734,114.61232758437423,28.930316010753835,4.089996337890625,2.2008796150186356,0.8624205086514642,75240900,4515100,41667300
2023-05-18,107.93000030517578,116.65601348876953,29.087121963500977,108.0999984741211,116.98892062748662,29.165523833918176,103.93000030517578,115.76826347059395,28.293302791870843,103.9800033569336,115.86998548826917,28.420705130330777,4.1699981689453125,1.2206571568926705,0.8722210420473324,74338700,3797900,36529200
2023-05-19,105.81999969482422,117.68247985839844,29.33212661743164,107.29000091552734,118.63495440435165,29.63593361688515,104.62000274658203,117.02591493968588,28.910715883440798,106.36000061035156,117.24785068772148,29.008718684013914,2.6699981689453125,1.60903946466577,0.725217733444353,67880200,4306700,40683000
2023-05-22,108.0,117.90440368652344,29.67513656616211,108.79000091552734,118.54247683472931,29.841740772433006,103.48999786376953,117.58074595019056,29.224324414797557,104.68000030517578,117.90440368652344,29.25372581681525,5.3000030517578125,0.9617308845387527,0.6174163576354488,65424200,2806800,28693400
2023-05-23,108.12000274658203,118.53324127197266,28.920516967773438,110.98999786376953,119.3747585898276,29.59673424999005,107.19000244140625,117.5622678919986,28.900916033390814,107.25,117.66398992064504,29.44972911136836,3.7999954223632812,1.8124906978289914,0.6958182165992355,73099100,4592300,29400900
2023-05-24,108.2699966430664,116.22138214111328,28.420703887939453,108.91000366210938,118.27430710609238,28.900915556908675,105.63999938964844,116.02718748972471,28.244299219900157,105.9800033569336,118.20032617550343,28.72451088886938,3.2700042724609375,2.2471196163676694,0.6566163370085185,65910500,3915500,28045800
2023-05-25,120.3499984741211,117.22010040283203,26.852663040161133,120.69000244140625,117.65472953940355,27.724885860098915,115.80000305175781,115.60180462933957,26.323450937587317,117.30999755859375,116.15664748349505,27.724885860098915,4.8899993896484375,2.052924910063979,1.4014349225115978,108514700,4102900,78009400
2023-05-26,127.02999877929688,119.18978881835938,28.420703887939453,127.43000030517578,119.90184287265728,28.5089062219591,120.88999938964844,117.26632710558727,26.55865814499301,122.45999908447266,117.4975122040875,26.89186654701214,6.540000915527344,2.635515767070018,1.9502480769660906,92922800,5612600,71910600
2023-05-30,125.2699966430664,119.73538970947266,29.39093017578125,130.7899932861328,120.28099729977724,29.43993251506952,123.51000213623047,118.60720522980749,28.42070628885094,130.4199981689453,119.80937063884309,29.10672408490176,7.279991149902344,1.6737920699697497,1.0192262262185778,98902300,3741100,54874800
2023-05-31,118.20999908447266,118.9123764038086,30.81196403503418,123.95999908447266,119.69841146567445,31.644985050897073,117.86000061035156,117.86742218839181,29.07732060245757,122.41999816894531,118.83839547124545,29.106722003928486,6.099998474121094,1.8309892772826402,2.567664448439505,87552200,11590200,136243800
2023-06-01,119.47000122070312,120.0498046875,30.508153915405273,121.27999877929688,120.35495660026373,31.301974899480218,116.5999984741211,118.16332638244899,30.400352519575563,117.29000091552734,118.77365842881365,31.16477023413201,4.680000305175781,2.1916302178147475,0.901622379904655,66032900,4136100,52667400
2023-06-02,117.86000061035156,122.45413970947266,30.684558868408203,121.66000366210938,123.10145526060937,30.958966332449027,117.68000030517578,120.35497474825291,30.214147675122152,120.75,120.56767523038556,30.772761200805327,3.9800033569335938,2.746480512356456,0.7448186573268742,52382400,5375800,36521000
2023-06-05,117.93000030517578,122.65757751464844,29.263526916503906,119.31999969482422,123.5268358292692,30.772763403645975,116.41999816894531,122.31542805011813,29.234125513850884,116.58999633789062,123.10144899706881,30.684561064934964,2.9000015258789062,1.2114077791510738,1.5386378897950905,52602900,3993500,48244100
2023-06-06,124.2300033569336,122.70381164550781,30.341550827026367,124.41999816894531,122.93499675626943,30.82176436940935,117.73999786376953,121.95477414430724,29.106721878535176,117.91000366210938,122.46337009964732,29.175323279090467,6.680000305175781,0.9802226119621906,1.7150424908741755,75257500,3298000,42295300
2023-06-07,117.83000183105469,124.26661682128906,30.65515899658203,125.33999633789062,124.32209898644068,30.74336132799938,117.06999969482422,122.2414331307449,30.312150137653216,124.02999877929688,122.52810039097382,30.410152935811148,8.269996643066406,2.080665855695784,0.43121119034616484,81755200,5772000,39098000
2023-06-08,121.05000305175781,124.29437255859375,31.184371948242188,122.20999908447266,125.74620778943799,31.213773349248747,117.05000305175781,123.924467896606,30.439553279307525,118.30000305175781,124.55329876677514,30.802163081396642,5.159996032714844,1.8217398928319852,0.7742200699412223,65246900,4128500,35199000
2023-06-09,124.91999816894531,125.11739349365234,30.713960647583008,127.25,125.85718872177672,31.35097604666667,123.55000305175781,124.07243220478588,30.067144781529084,123.56999969482422,124.24813515888772,31.292175114093027,3.6999969482421875,1.7847565169908393,1.2838312651375858,75105000,3981500,40218000
2023-06-12,129.19000244140625,126.15308380126953,32.409400939941406,130.47999572753906,126.33802905937128,32.63480606389449,126.4000015258789,125.5982480269643,30.733560406314766,128.52000427246094,125.76469452613026,30.772760403448927,4.079994201660156,0.7397810324069809,1.9012456575797216,85394700,4494500,59881600
2023-06-13,124.52999877929688,127.2442855834961,33.23262023925781,132.8300018310547,127.77138027780373,33.27182210422168,122.44999694824219,125.76469528887127,32.40939976749475,132.32000732421875,126.23630781645376,33.095417450379905,10.3800048828125,2.006684988932463,0.8624223367269295,132461900,3927300,51990000
2023-06-14,127.33000183105469,126.87438201904297,34.869266510009766,127.7300033569336,128.47417898485415,34.88886370620157,123.80999755859375,126.63395459107736,33.12482070775246,126.52999877929688,127.42923191178689,33.193422109911886,3.9200057983398438,1.8402243937767935,1.7640429984491064,95888100,4514900,74404300
2023-06-15,124.23999786376953,127.98406982421875,35.10447311401367,125.69999694824219,128.35397446234418,35.692486248650205,122.26000213623047,126.85588537116968,34.516459979377146,125.38999938964844,126.93912273375987,34.575259049742996,3.4399948120117188,1.4980890911745064,1.1760262692730592,85587100,3812600,67676300
2023-06-16,120.08000183105469,127.13333892822266,35.64348220825195,125.8499984741211,128.9735778771156,36.064892949994906,119.9000015258789,127.1240966015971,34.8888630599796,125.81999969482422,128.75163504430134,35.63368361033754,5.9499969482421875,1.8494812755184853,1.1760298900153074,82007100,7473700,110240300
2023-06-20,118.93000030517578,125.72771453857422,34.30084991455078,121.75,126.90212472019549,36.36870175041591,117.69999694824219,125.66297593574737,34.02644431155308,119.08999633789062,126.09760506483902,36.03549334456329,4.0500030517578125,1.239148784448119,2.3422574388628306,58851800,4271300,65970200
2023-06-21,112.11000061035156,123.6285629272461,32.2427978515625,119.19000244140625,125.20061899616566,34.349847649977356,111.66999816894531,123.2586582513458,32.17419645626733,118.48999786376953,124.94169277824577,34.22244345650248,7.5200042724609375,1.941960744819852,2.1756511937100242,82835600,5501300,70973500
2023-06-22,110.69999694824219,121.2982177734375,32.05659484863281,114.0,122.95351128055941,32.57601028427737,109.8499984741211,120.84508981849585,31.488182682818767,112.23999786376953,121.76983038010816,32.03699391346735,4.150001525878906,2.1084214620635606,1.0878276014586064,70754800,6012800,45740300
2023-06-23,110.01000213623047,119.68914794921875,32.34080123901367,111.0999984741211,120.7895913265601,32.781812912699415,107.45999908447266,119.45796284004348,31.390176491123963,109.30999755859375,120.58614730165233,31.56658116059826,3.6399993896484375,1.331628486516621,1.391636421575452,73622000,11324700,46327100
2023-06-26,107.51000213623047,121.45540618896484,32.674007415771484,112.55000305175781,121.52014479286518,33.311024649713566,107.19999694824219,119.57818422172564,32.43879995967875,110.94999694824219,119.65216515028916,32.52700228840156,5.350006103515625,1.9419605711395462,0.8722246900348196,68557000,4845600,38952400
2023-06-27,110.38999938964844,122.38014221191406,33.41883087158203,110.97000122070312,122.94423442522785,33.546235091607585,107.08000183105469,120.98378927554269,32.3506041155903,108.56999969482422,121.4184183961493,32.55641208286126,3.8899993896484375,1.9604451496851567,1.1956309760172843,59381600,3219900,33038900
2023-06-28,110.16999816894531,121.84380340576172,32.8994140625,111.77999877929688,122.22295039790207,33.13462152950488,107.62999725341797,121.05778244568808,32.370200065610916,108.20999908447266,122.12122837831369,32.93861593008346,4.150001525878906,1.1651679522139915,0.7644214638939602,67534100,2753800,33906900
2023-06-29,111.23999786376953,123.97069549560547,32.25259780883789,112.76000213623047,124.23887811285428,32.67400853399177,109.83999633789062,121.77906526772554,31.840989419708507,112.06999969482422,121.83454743393739,32.67400853399177,2.9200057983398438,2.459812845128738,0.8330191142832604,58347200,3639800,38313000
2023-06-30,113.91000366210938,123.7395248413086,32.77200698852539,114.69000244140625,124.86770938738123,32.88961258096364,112.41000366210938,123.38811893371933,32.49760141649386,113.02999877929688,124.55330100186468,32.693606998728754,2.279998779296875,1.4795904536618991,0.39201116446978546,53378800,4236700,33811300
2023-07-03,115.81999969482422,123.61006164550781,32.94841766357422,116.7300033569336,124.2388925265065,33.21302468720255,114.51000213623047,122.87026641921184,32.47800642328926,115.16000366210938,123.37887651919159,32.8700176594415,2.220001220703125,1.3686261072946593,0.7350182639132896,31860000,1477100,15753000
2023-07-05,113.94999694824219,124.13717651367188,31.86058807373047,117.66000366210938,124.20190101475396,32.66421143222731,113.86000061035156,122.61134613989567,31.850789475753086,116.0999984741211,123.28641690090923,32.64461049777656,3.8000030517578125,1.5905548748582845,0.813421956474226,49501600,2955100,37664700
2023-07-06,113.4800033569336,122.21370697021484,31.331375122070312,113.79000091552734,123.82274639774559,31.399978390882627,110.30999755859375,121.64961470493496,30.753160655387852,112.06999969482422,123.2124283961409,31.262773722505944,3.4800033569335938,2.173131692810628,0.6468177354947748,42342000,3507700,41693600
2023-07-07,113.16999816894531,122.13970947265625,31.213773727416992,115.33000183105469,123.77650387458448,31.762586801452922,113.04000091552734,121.83454345803112,31.18437232605422,114.16000366210938,121.86228454023174,31.360776995734906,2.2900009155273438,1.941960416553357,0.5782144753987026,37211300,2982700,28356300
2023-07-10,113.58000183105469,122.89800262451172,32.08599853515625,113.61000061035156,123.03672216104424,32.1742008752923,109.87999725341797,121.78831688435025,31.135373729078424,113.0,121.84379905479535,31.23337653692382,3.7300033569335938,1.2484052766939868,1.038827146213876,49330200,2369200,36305700
2023-07-11,111.31999969482422,124.32211303710938,32.63480758666992,113.2699966430664,124.43307737995359,32.69361038898678,109.5,123.2031708418902,31.850788914924802,111.66000366210938,123.60081658778196,32.16439638362285,3.7699966430664062,1.2299065380633891,0.8428214740619744,59899500,2924000,28148800
2023-07-12,114.58000183105469,122.8425064086914,33.30122756958008,115.4000015258789,125.14511499182967,33.39923224945889,112.30999755859375,122.59283667023475,32.39960694567266,112.88999938964844,124.90468757725056,33.017019605675934,3.0900039672851562,2.552278321594926,0.9996253037862317,57993100,3732200,37762200
2023-07-13,115.91999816894531,123.84123229980469,33.19341278076172,116.16000366210938,124.90469222283615,33.61482341187091,113.58000183105469,123.32337993503954,32.94840677376777,115.76000213623047,123.46208535045211,33.46782205077153,2.5800018310546875,1.5813122877966066,0.6664166381031364,49206700,3221400,32745800
2023-07-14,115.94000244140625,123.3603744506836,32.4878044128418,122.12000274658203,123.84124345144618,33.19341930959561,115.25,122.93500173150203,32.34079928433291,116.16999816894531,123.83200112639264,33.10521698018942,6.870002746582031,0.9062417199441484,0.8526200252627021,91927200,2861500,30438700
2023-07-17,118.31999969482422,124.13717651367188,33.683433532714844,118.83999633789062,124.47932600184245,33.9088386690032,112.7300033569336,123.08297285107241,32.40940271354346,115.94999694824219,123.23092061515474,32.49760504848202,6.109992980957031,1.3963531507700395,1.4994359554597452,68593300,3167400,34111200
2023-07-18,117.93000030517578,125.17285919189453,33.81083679199219,118.43000030517578,125.71845263304046,34.00684239065943,115.19000244140625,124.18338020604347,33.154222335727155,117.55000305175781,124.57178358526508,33.59523025960864,3.2399978637695312,1.5350724269969902,0.8526200549322738,57980100,3852100,29662200
2023-07-19,116.43000030517578,125.2838134765625,33.771636962890625,121.66999816894531,126.18081270773317,34.144047248986105,115.55000305175781,125.01564499475664,33.644236493788966,121.30000305175781,125.33005331423037,33.712837896688654,6.1199951171875,1.165167712976526,0.4998107551971387,70363100,5520000,26486700
2023-07-20,110.25,127.9655990600586,32.703407287597656,115.05000305175781,129.7595979459725,33.52662778478136,109.23999786376953,126.28256452241295,32.56620449448299,114.95999908447266,126.86515557166271,33.02681707579284,5.810005187988281,3.477033423559547,0.9604232902983725,76340400,10896300,37878000
2023-07-21,110.94999694824219,128.4834442138672,33.340423583984375,112.30000305175781,129.2602228285411,33.565828700360015,109.54000091552734,127.39224311289396,32.75240682350843,110.97000122070312,127.80838761614487,33.05621567001245,2.7600021362304688,1.8679797156471238,0.8134218768515851,76815400,5858600,79737000
2023-07-24,110.61000061035156,129.0382843017578,32.95821762084961,111.30999755859375,129.5746354897481,33.77163583016144,108.55000305175781,128.3354865952983,32.88961622025087,110.62000274658203,128.86259545795818,33.164021822645815,2.7599945068359375,1.2391488944497837,0.8820196099105715,45583600,3475200,25225800
2023-07-25,113.0,129.7688446044922,33.41883087158203,114.05000305175781,129.8613101943296,33.654038374821795,111.0,128.575921379094,32.73281677566697,111.13999938964844,128.92732730757118,33.026823350844346,3.0500030517578125,1.2853888152355921,0.9212215991548263,44916300,3770800,31771100
2023-07-26,110.08999633789062,130.453125,33.67363739013672,112.36000061035156,130.61957148623864,33.84023973578182,109.30000305175781,129.3526817506969,33.02682146625675,111.91000366210938,129.8705340773295,33.04642240194962,3.05999755859375,1.2668897355417528,0.8134182695250729,51721700,4046400,32643200
2023-07-27,111.0999984741211,132.21014404296875,33.859832763671875,115.08000183105469,132.5892910161995,34.330243894949916,110.51000213623047,131.2206649826475,33.428623494624176,111.79000091552734,131.59056963107486,34.12443972598365,4.569999694824219,1.3686260335520046,0.90162040032574,70678000,6331600,58890800
2023-07-28,112.95999908447266,132.6540069580078,36.09429931640625,114.86000061035156,133.1163771559168,36.25110306595705,112.44000244140625,132.0991711867682,34.80066370949184,113.37999725341797,132.64476463380035,36.01589557238271,2.4199981689453125,1.0172059691486197,1.4504393564652034,55526000,6686400,90863000
2023-07-31,114.4000015258789,133.32907104492188,35.05546951293945,114.68000030517578,133.71747445032463,36.447102218638456,112.3499984741211,132.72799539777566,34.957464840251916,114.16000366210938,132.9869215944312,36.13349474303034,2.3300018310546875,0.9894790525489725,1.48963737838654,54187300,6138100,55630700
2023-08-01,117.5999984741211,132.54302978515625,35.084869384765625,118.19000244140625,133.6064754931535,35.300475928267105,113.16000366210938,131.4703276434296,34.57525629735052,114.26000213623047,133.39378917363751,35.10447031949267,5.029998779296875,2.1361478497238977,0.7252196309165839,95279300,4797700,24702200
2023-08-02,109.3499984741211,133.31983947753906,33.703033447265625,119.5,133.4400602608365,34.47725350402442,107.37999725341797,131.59982154073083,33.59523018132506,119.48999786376953,132.0344507152763,34.44785397276639,12.120002746582031,1.840238720105674,0.8820233226993608,173372000,4957400,39052000
2023-08-03,113.1500015258789,133.57876586914062,34.17344665527344,114.95999908447266,134.29082002353533,34.33025039539027,108.94999694824219,132.52456223620197,33.44823075916909,108.94999694824219,132.95919141131375,33.60503449928593,6.010002136230469,1.766257787333359,0.8820196362211803,90605400,3951900,24817900
2023-08-04,115.81999969482422,133.3845672607422,34.56195068359375,118.8499984741211,135.09532862279636,34.975043685807705,113.95999908447266,133.15338214880896,33.91280775321122,114.4800033569336,134.17058817506347,33.91280775321122,4.8899993896484375,1.9419464739874002,1.0622359325964865,83169700,4223100,26674900
2023-08-07,116.80999755859375,135.17857360839844,34.65046691894531,119.08000183105469,135.4744973722481,34.965202626684565,115.48999786376953,134.02264786290144,34.17836335733644,116.36000061035156,134.0873864776517,34.82750622354184,3.5900039672851562,1.4518495093466584,0.7868392693481283,65854800,3438700,22486900
2023-08-08,113.2300033569336,134.9288787841797,34.44392395019531,115.45999908447266,135.15080745548832,34.52260600489445,111.41000366210938,133.26434319726945,33.30300601746458,114.94000244140625,134.73467708636554,34.09967917404251,4.049995422363281,1.886464258218865,1.2195999874298664,54141800,4654600,34753600
2023-08-09,110.47000122070312,133.2825927734375,33.716094970703125,113.1500015258789,135.57427592987048,34.52260572248699,108.77999877929688,133.10486790118236,33.66691821792523,112.88999938964844,135.57427592987048,34.4242522169312,4.370002746582031,2.4694080286881217,0.8556875045617645,56257100,4072900,28720200
2023-08-10,110.2300033569336,133.9934844970703,34.10951614379883,113.88999938964844,135.23754439047696,34.512771515517244,109.47000122070312,133.46967280990918,33.91280538277738,111.30000305175781,133.79704797798587,34.129187595095544,4.4199981689453125,1.7678715805677712,0.5999661327398655,57297800,4735800,30957300
2023-08-11,107.56999969482422,133.8719024658203,34.316062927246094,109.06999969482422,134.18058031970315,34.37507728487278,106.4800033569336,133.02071546938018,33.79478256668778,108.8499984741211,133.8719024658203,33.89313607745299,2.589996337890625,1.1598648503229754,0.5802947181850016,55667700,2526400,28783700
2023-08-14,111.9800033569336,132.7400665283203,35.09306716918945,111.98999786376953,134.10571629138627,35.1225724709791,105.41999816894531,132.63717393470873,33.902972472360176,106.75,133.80640146538707,34.09967948688556,6.569999694824219,1.4685423566775455,1.219599998618925,57421800,4226400,36896100
2023-08-15,111.3499984741211,132.70266723632812,34.198036193847656,113.18000030517578,133.1142376851526,35.04388984965245,110.16999816894531,132.07596287936346,34.17836474232362,111.98999786376953,132.35658039199828,34.82750763483381,3.0100021362304688,1.0382748057891433,0.8655251073288284,53816600,3656600,27420300
2023-08-16,107.19000244140625,131.55213928222656,32.978431701660156,110.44000244140625,132.90844048616412,34.06033899883146,106.9800033569336,131.4773070007461,32.90958349888829,110.08999633789062,132.54364203444578,33.952147893919765,3.4599990844726562,1.4311334854180302,1.1507554999431733,54327300,3285300,35757300
2023-08-17,104.44000244140625,131.57086181640625,32.04405975341797,107.8499984741211,133.44162618994434,33.03744357008837,104.0999984741211,131.51474116884802,31.817839959101025,107.62000274658203,131.89823701809573,33.00793827167546,3.75,1.926885021096325,1.2196036109873454,59064300,3742100,39906700
2023-08-18,105.44999694824219,132.27239990234375,32.21126174926758,106.06999969482422,132.66525871234512,32.368629595522066,101.68000030517578,130.72901071362446,31.650638562489394,102.4000015258789,130.9535075791108,31.699815310954158,4.3899993896484375,1.9362479987206598,0.7179910330326713,59916700,3915500,23701100
2023-08-21,108.22000122070312,133.086181640625,32.594852447509766,108.54000091552734,133.1890742561397,32.62435775236178,105.66999816894531,131.99178615167796,31.493277293662434,106.19999694824219,132.28175235736478,32.06373444849641,2.8700027465820312,1.1972881044617338,1.1310804586993477,49319200,2937800,43718200
2023-08-22,105.66000366210938,132.34725952148438,32.34896469116211,109.72000122070312,133.97481574576344,33.24399520132266,104.8499984741211,132.16953458370617,32.28995408184249,109.4000015258789,133.44165520523143,32.6735380502047,4.870002746582031,1.8052811620572697,0.9540411194801734,47295200,3557500,23425300
2023-08-23,109.43000030517578,134.14315795898438,33.4210319519043,110.08000183105469,134.20862728782512,33.58823741993685,105.0,132.43140690661858,32.26044253360494,105.6500015258789,132.56235983709905,32.3391283425487,5.0800018310546875,1.777220381206547,1.3277948863319153,54656300,2559100,32324300
2023-08-24,101.80000305175781,134.27410888671875,32.05389404296875,111.63999938964844,135.13465874172644,33.52921901502571,100.87000274658203,133.96543106816185,31.955540545609786,111.05999755859375,134.23668560839738,33.165306572463045,10.769996643066406,1.169227673564592,1.573678469415924,109179100,2900200,37931000
2023-08-25,102.25,135.95779418945312,32.703041076660156,104.12000274658203,136.07003547436025,32.85057509357383,99.58000183105469,134.22733159221127,31.81784447906994,101.16999816894531,134.8633845704159,31.994883798587985,4.540000915527344,1.8427038821489816,1.0327306145038904,74793100,3660100,27324800
2023-08-28,102.61000061035156,136.58453369140625,33.06695556640625,104.06999969482422,137.25801012004328,33.22432344305988,100.88999938964844,135.82687627739006,32.66370014798469,103.47000122070312,136.01394989138882,32.948930596902564,3.1800003051757812,1.4311338426532245,0.5606232950751888,55386800,3561100,22341800
2023-08-29,105.91999816894531,136.98670959472656,33.745601654052734,106.56999969482422,137.24861544836733,33.91280335214455,101.79000091552734,136.21034071686333,32.919419508789375,102.11000061035156,136.84640798484705,32.9390909589082,4.779998779296875,1.0382747315040035,0.9933838433551756,50850300,2778100,29943600
2023-08-30,106.58999633789062,137.37020874023438,33.96198272705078,107.66999816894531,137.42632937971192,34.089845286735404,104.5,136.3319340915072,33.22432017432113,105.4000015258789,136.95863835366902,33.499716745329984,3.1699981689453125,1.0943952882047085,0.8655251124142751,54847300,2245400,26279200
2023-08-31,105.72000122070312,137.34217834472656,34.56195068359375,108.05999755859375,138.18401666590526,34.975043685807705,104.86000061035156,137.07090949775082,33.73576843111181,106.19000244140625,137.44507096378624,33.75543988378352,3.1999969482421875,1.1131071681544427,1.2392752546958974,58919000,3885900,48157600
2023-09-01,109.44999694824219,138.38043212890625,36.00776672363281,110.05999755859375,138.53009669250983,36.14546312570516,106.61000061035156,137.4263383769315,35.142241658105185,107.0,137.7443648699903,35.20125600982714,3.4499969482421875,1.1037583155783182,1.0032214675999782,54856100,2727800,43808500
2023-09-05,110.77999877929688,138.5581817626953,36.10612487792969,111.81999969482422,139.37195977934553,36.79461072896934,106.30000305175781,138.0343699693204,35.8602373419831,109.0,138.35239651918363,35.97826606063861,5.519996643066406,1.337589810025122,0.9343733869862376,66042200,3731300,43379400
2023-09-06,109.27999877929688,138.49269104003906,36.37167739868164,111.33000183105469,138.74524823916116,36.43069174751434,108.22000122070312,137.61342945796966,35.43730417786343,110.55999755859375,138.11854385621388,35.95858821268886,3.1100006103515625,1.1318187811914981,0.9933875696509062,47736700,2932200,39643400
2023-09-07,106.58999633789062,137.98757934570312,37.551944732666016,107.69000244140625,139.16615572146065,37.709312605354064,105.08999633789062,137.87532378172693,36.1454677290402,106.13999938964844,138.55816303051884,36.22415354135724,2.600006103515625,1.290831939733721,1.5638448763138655,49080100,3332900,67659700
2023-09-08,106.08999633789062,138.1372528076172,37.38473892211914,109.73999786376953,138.98845413591516,38.19125348335013,105.75,137.74439394981843,37.08967463246908,107.0199966430664,137.82858920511924,37.49293003711157,3.9899978637695312,1.244060186096732,1.1015788508810544,46232000,3722800,44255200
2023-09-11,105.31999969482422,138.79200744628906,37.955196380615234,107.51000213623047,139.16615459571918,38.10273038812013,103.0,138.04369887462997,37.217533846982086,107.31999969482422,138.96973233774796,37.61095536569803,4.510002136230469,1.12245572108921,0.8851965411380434,50611300,3273600,36349300
2023-09-12,105.30999755859375,136.84642028808594,38.22075271606445,106.73999786376953,138.43656719181027,39.410847288064396,103.18000030517578,136.37872918270818,38.014208121309835,104.19999694824219,138.36173490221384,38.014208121309835,3.55999755859375,2.0578380091020847,1.3966391667545608,44413600,4457700,55326600
2023-09-13,107.70999908447266,137.08026123046875,38.07322311401367,108.73999786376953,137.48246871662258,38.50598755520661,104.83000183105469,136.49096589021613,37.62079097271727,105.0999984741211,136.51902621377107,38.161742772262606,3.9099960327148438,0.991502826406446,0.8851965824893355,44702300,2627800,35407800
2023-09-14,106.62999725341797,137.8285675048828,38.033878326416016,109.1500015258789,138.18400302151983,38.26009813780729,106.22000122070312,137.01477531711055,37.66996586139009,108.43000030517578,137.8566278279647,38.17157848394199,2.9300003051757812,1.1692277044092805,0.5901322764172008,45920600,2723100,30616500
2023-09-15,101.48999786376953,136.55645751953125,37.25687789916992,106.76000213623047,138.2962690461886,37.88634934698742,101.27999877929688,136.12617541173418,37.001152778527945,106.06999969482422,137.60408105461948,37.78799208829982,5.480003356933594,2.1700936344544175,0.8851965684594774,71103600,6234000,68881200
2023-09-18,102.37000274658203,135.71458435058594,37.36506652832031,102.98999786376953,137.01476488801174,37.758484281127345,99.44999694824219,135.6865240296399,36.892959221839014,100.81999969482422,136.35065159522483,37.00115032324325,3.5400009155273438,1.328240858371828,0.8655250592883306,49061300,2508100,29322200
2023-09-19,101.61000061035156,137.0522003173828,35.74220657348633,102.86000061035156,137.23927389787755,37.473252894705155,100.69999694824219,135.31238890046308,35.42747087871927,101.75,135.63041541458406,37.41424229690223,2.160003662109375,1.9268849974144757,2.0457820159858855,41704100,3945400,53288100
2023-09-20,100.33999633789062,140.1483154296875,34.11935043334961,103.94000244140625,142.1126094676603,35.653689886763196,100.27999877929688,138.55816855910012,34.06033983064438,102.36000061035156,138.77330246670675,35.62418458541059,3.660003662109375,3.554440908560167,1.5933500561188154,55180600,9632400,57660800
2023-09-21,96.11000061035156,137.85662841796875,34.08000946044922,98.87000274658203,139.6057885039554,34.67013796763067,95.83999633789062,137.791144815298,33.893132556683504,98.5999984741211,139.37194296207272,34.00132365845407,3.0300064086914062,1.8146436886574122,0.7770054109471687,59704300,4944600,45240600
2023-09-22,96.19999694824219,137.41700744628906,33.617740631103516,98.41999816894531,138.5301145885905,34.316060258283514,95.61000061035156,137.33282647068648,33.578397729078986,96.91999816894531,137.88469856337034,34.237378206180104,2.80999755859375,1.1972881179040087,0.7376625292045276,52169400,2562000,29232700
2023-09-25,97.37999725341797,137.01478576660156,33.725929260253906,97.44999694824219,137.903396035163,33.804611306582146,94.45999908447266,136.79965184896673,33.21448282731153,95.94999694824219,137.09898101506755,33.440698869430115,2.9899978637695312,1.1037441861962805,0.5901284792706178,43223700,2694200,21729400
2023-09-26,95.95999908447266,133.98414611816406,33.27349853515625,97.83000183105469,136.7248090038253,34.20786804017717,95.2699966430664,133.7783609005541,33.08662163259565,96.5,136.10745335099543,33.578396636057406,2.5600051879882812,2.9464481032711944,1.1212464075815163,42866500,4824700,34198300
2023-09-27,98.06999969482422,133.91867065429688,34.04066848754883,99.2300033569336,134.5266776606574,34.25705070334605,96.3499984741211,132.5997782993179,33.322677387430296,96.81999969482422,134.38636176405114,33.362016538710535,2.8800048828125,1.9268993613395082,0.9343733159157566,51261500,4439800,44369100
2023-09-28,102.76000213623047,132.43141174316406,34.601287841796875,104.19999694824219,133.0861764194793,35.073391371665416,97.76000213623047,131.1499427143186,33.8144486253493,97.94000244140625,132.95522348421625,34.08000756439011,6.439994812011719,1.9362337051607028,1.2589427463161158,72542100,5783200,32265300
2023-09-29,102.81999969482422,131.234130859375,34.96520233154297,104.94000244140625,132.945882067826,35.31928093774724,102.55999755859375,130.588714831441,34.58161842547019,104.69000244140625,132.8242778095775,35.06355958434724,2.3800048828125,2.35716723638501,0.7376625122770477,56078600,5704000,28763700
2023-10-02,103.2699966430664,131.70181274414062,34.87668228149414,103.70999908447266,132.30980544715322,35.388128734395956,101.69999694824219,130.8225512183322,34.40457872926451,102.20999908447266,130.99091315844058,35.024216283042065,2.0100021362304688,1.4872542288210298,0.9835500051314483,45118600,3275300,26086200
2023-10-03,100.08000183105469,131.31832885742188,35.10289764404297,103.29000091552734,132.48755680660213,35.93891738317694,99.16999816894531,130.9535303081897,34.68980845092264,101.80000305175781,131.76730839352248,34.68980845092264,4.120002746582031,1.5340264984124303,1.2491089322543019,48117000,3284400,45292600
2023-10-04,104.06999969482422,131.954345703125,35.33895492553711,104.4000015258789,132.07593565772666,35.919249626936264,100.33999633789062,130.94413142953056,34.74882637412426,100.6500015258789,131.29956688433103,35.919249626936264,4.060005187988281,1.1318042281961027,1.1704232528120002,51023200,2637600,39842200
2023-10-05,102.91000366210938,132.3752899169922,35.29960632324219,103.73999786376953,132.54365185820302,35.5061509077,100.2699966430664,131.13122990667,35.014375943593656,103.41000366210938,131.7953432607341,35.37829211843291,3.470001220703125,1.4124219515330196,0.4917749641063409,51789700,3223900,25771200
2023-10-06,107.23999786376953,132.85231018066406,35.59467315673828,107.87000274658203,133.70351126369695,35.86023210702724,102.02999877929688,131.05637837414903,34.6012893073867,102.16000366210938,132.26301492736482,35.279937456828144,5.840003967285156,2.647132889547919,1.2589427996405362,64864100,3511100,33262200
2023-10-09,106.97000122070312,133.01133728027344,35.46681594848633,107.30999755859375,133.19841085347014,35.57500330172597,104.79000091552734,131.5895524329408,34.9160265729728,106.01000213623047,133.10488120327116,35.11273733222375,2.5199966430664062,1.6088584205293444,0.6589767287531743,39593200,2354400,19376100
2023-10-10,109.01000213623047,132.92715454101562,35.83073043823242,110.12000274658203,134.1525028428357,36.135632319891045,106.4000015258789,132.56235608266616,35.22093042686105,107.48999786376953,133.38549692111567,35.5455000088046,3.720001220703125,1.5901467601695458,0.9147018930299922,57105500,3015800,24044100
2023-10-11,108.30999755859375,133.97479248046875,36.2733268737793,110.0999984741211,134.07768509643034,36.42085713002743,106.93000030517578,132.95522927772203,35.781551849060826,109.13999938964844,133.30131613468373,36.017601759836104,3.1699981689453125,1.1224558187083176,0.6393052809666031,51085600,2511500,19262600
2023-10-12,108.79000091552734,132.11338806152344,36.233985900878906,111.30999755859375,133.694172002281,36.6077359901128,107.51000213623047,131.84211922871194,35.79138760467375,108.4000015258789,133.30131318805726,36.19464299633936,3.7999954223632812,1.8520527735690564,0.8163483854390492,60959400,3921100,23639200
2023-10-13,105.08999633789062,129.5130157470703,35.378292083740234,108.97000122070312,131.06573923251304,36.184802723928144,104.75,129.3352908590694,35.2701009914317,108.6500015258789,130.73836405133113,36.135625977954774,4.220001220703125,1.730448373443636,0.9147017324964466,52881500,4582800,28390100
2023-10-16,106.45999908447266,130.21453857421875,35.95859146118164,107.4800033569336,130.74769890904616,36.3323377817168,105.02999877929688,129.56912269037733,35.4864878837064,105.41999816894531,130.28000789441293,35.54549848592473,2.4500045776367188,1.1785762186688373,0.8458498980103997,42464500,3361500,29555800
2023-10-17,105.13999938964844,131.2528076171875,35.46681594848633,106.29000091552734,131.53341079579948,35.75204260985726,101.66000366210938,127.50191670471405,34.493099753764234,103.54000091552734,128.25957383255934,35.3291157906487,4.629997253417969,4.031494091085435,1.2589428560930287,49642100,4172800,24993600
2023-10-18,102.16999816894531,130.92543029785156,35.0537223815918,104.77999877929688,131.35569805997352,35.42747244260579,101.73999786376953,130.56063185918393,34.8668492270576,103.37999725341797,130.95349061830308,34.935697428830494,3.0400009155273438,0.7950662007895914,0.5606232155481905,50450000,3330000,22086000
2023-10-19,102.4000015258789,129.0920867919922,35.083229064941406,105.5999984741211,130.40163037996174,35.76188101195215,101.83999633789062,129.0172545064397,34.93569880615984,103.80999755859375,129.68138212021844,35.36845948464315,3.7600021362304688,1.384375873522032,0.826182205792307,52734200,5314200,29201800
2023-10-20,101.80999755859375,128.29701232910156,34.3455696105957,104.33999633789062,130.27066913205388,35.683198421665395,101.44000244140625,128.25958905231488,34.296392853236455,102.27999877929688,129.22303147399887,35.063564525435886,2.899993896484375,2.0110800797390027,1.3868055684289402,61317900,4865600,32303300
2023-10-23,100.01000213623047,127.56742095947266,33.29317092895508,102.41999816894531,128.7834063245584,34.61112827418337,99.31999969482422,127.09036693296173,32.840738762430185,100.80999755859375,127.80126649472741,34.03083353818108,3.0999984741210938,1.6930393915966704,1.7703895117531872,50817400,3457500,53924700
2023-10-24,101.66999816894531,128.88629150390625,34.02099609375,101.79000091552734,129.06401638410628,34.13902104821362,99.37999725341797,127.25873580691228,33.08662280371101,100.97000122070312,127.90415173067112,33.08662280371101,2.410003662109375,1.8052805771939973,1.052398244502612,51982900,3698000,52673900
2023-10-25,96.05999755859375,128.22219848632812,32.289947509765625,101.02999877929688,129.54109086314804,33.88329742018063,95.2300033569336,127.52066181007926,32.01455096519045,100.41999816894531,128.61505731229147,33.617738476453894,5.799995422363281,2.0204290530687814,1.8687464549901804,53424500,6472500,44658500
2023-10-26,93.66999816894531,134.4705352783203,31.985050201416016,97.5199966430664,135.07854225095045,32.67353603255021,93.12000274658203,132.43140900386027,31.62113770928137,95.98999786376953,133.01134138048667,32.34896269355066,4.399993896484375,2.6471332470901814,1.0523983232688394,49896400,11130200,59142500
2023-10-27,96.43000030517578,133.31068420410156,34.95536804199219,97.3499984741211,135.34981068779675,35.781550195415,94.58999633789062,132.5530268542368,34.03082863700385,95.80000305175781,134.3395961303769,34.08984298794316,2.7600021362304688,2.7967838335599424,1.7507215584111506,52458700,5469200,84128200
2023-10-30,96.18000030517578,133.41355895996094,35.10289764404297,97.04000091552734,135.1627189913773,35.36845659045408,94.69999694824219,133.36678699848375,34.34556370471026,96.13999938964844,133.93737067378837,34.886519198480364,2.3400039672851562,1.7959319928935429,1.022892885743822,43716600,4204100,36656300
2023-10-31,98.5,135.2936553955078,35.899574279785156,98.81999969482422,135.40589667110527,35.968422478248286,94.06999969482422,133.37611939153496,35.034049246604525,96.23999786376953,133.75962944688894,35.073392146282146,4.75,2.029777279570311,0.934373231643761,79547100,6591800,41185200
2023-11-01,108.04000091552734,136.0045623779297,36.67658233642578,108.1500015258789,137.04283716188584,36.706087637360646,98.5,135.11595216727156,35.68319468290073,98.58000183105469,135.63041521748394,35.899576894944936,9.650001525878906,1.9268849946142836,1.0228929544599197,138641500,4750100,41710700
2023-11-02,107.83000183105469,137.51052856445312,37.079837799072266,109.41000366210938,137.59472380762605,37.197862755048476,105.91000366210938,135.48075095513767,36.302832355675335,107.95999908447266,136.35066380072962,36.961812843096055,3.5,2.113972852488388,0.895030399373141,71377000,3902700,35440000
2023-11-03,112.25,138.34300231933594,37.51259994506836,113.38999938964844,138.85746531193232,37.68963926195629,107.86000061035156,137.76307000375328,37.0503302007559,109.05000305175781,137.92208324277442,37.37490353236572,5.529998779296875,1.0943953081790312,0.639309061200386,65632200,3510500,30502700
2023-11-06,111.75,139.34388732910156,37.448463439941406,113.08000183105469,139.58708156263762,37.69515950507372,110.22000122070312,138.29626383350057,37.34978275531855,112.5999984741211,138.33367284142932,37.5175380370358,2.8600006103515625,1.2908177291370464,0.3453767497551681,49270400,4597200,23877200
2023-11-07,113.44999694824219,139.21292114257812,38.25762176513672,114.6500015258789,139.63384023751405,38.385904758025376,111.22000122070312,138.4646126000263,37.47806138691897,111.86000061035156,139.3999947100165,37.73462737269627,3.4300003051757812,1.1692276374877508,0.9078433711064093,50550200,3549900,32052000
2023-11-08,113.58999633789062,138.4646453857422,37.418853759765625,115.31999969482422,140.0080205235477,38.37603560514898,112.87999725341797,138.05307487624694,37.251102258437705,113.55000305175781,139.60581297196023,38.336563335089636,2.44000244140625,1.9549456473007751,1.1249333467112734,41880600,3618600,33483400
2023-11-09,113.48999786376953,138.7010955810547,37.30044174194336,115.80999755859375,139.05112181372021,38.010927565462474,113.05999755859375,137.43347202131113,37.270839420724386,114.0999984741211,138.6348837649288,37.54713779018939,2.75,1.6176497924090825,0.7400881447380883,61146900,3412700,48955800
2023-11-10,118.58999633789062,140.97149658203125,38.346431732177734,119.69999694824219,141.11338937131686,38.47471472253525,114.02999877929688,138.91869910057915,37.73462662816008,114.3499984741211,139.47682998466027,37.73462662816008,5.6699981689453125,2.194690270737709,0.7400880943751744,75135900,3179000,38862500
2023-11-13,116.79000091552734,140.10121154785156,37.72475814819336,118.68000030517578,140.4701472989715,38.060264914615274,116.0,139.39171860841546,37.63594742283806,118.33999633789062,140.44176873616775,37.84317119390614,2.6800003051757812,1.078428690556052,0.42431749177721656,46741900,2647200,24558300
2023-11-14,119.87999725341797,142.2864227294922,38.88916778564453,122.11000061035156,142.66481312413805,38.96811233380719,119.22000122070312,140.99987517916063,37.56687671818588,119.69999694824219,141.3782655738065,38.28722878089558,2.8899993896484375,1.6649379449774244,1.4012356156213102,61017400,4321900,45457400
2023-11-15,118.0,144.33924865722656,40.073307037353516,120.58999633789062,144.94468206877693,40.300266952053384,116.87000274658203,142.27698162638012,39.05692051407083,120.54000091552734,142.27698162638012,39.066786699804304,3.7199935913085938,2.667700442396807,1.2433464379825523,59555600,4632500,47392100
2023-11-16,119.83000183105469,144.7932891845703,42.7770881652832,120.7300033569336,145.06763448563302,42.82643038048199,116.41000366210938,143.9135250359241,40.28052565895118,117.19999694824219,144.7365320697761,40.45814709367577,4.319999694824219,1.1541094497089261,2.5459047215308104,49661900,3519200,86405700
2023-11-17,120.62000274658203,144.6324920654297,43.23101806640625,121.48999786376953,145.20954686815574,43.23101806640625,118.81999969482422,144.22572306473378,41.99753779046285,119.63999938964844,145.01088250489892,42.34291076201377,2.6699981689453125,0.9838238034219557,1.2334802759433998,38508900,4426500,49735000
2023-11-20,121.52999877929688,146.01364135742188,44.14872741699219,121.93000030517578,146.32580552399304,44.33621506262218,120.06999969482422,144.12166033269168,43.20141171013172,120.69999694824219,144.27300784432114,43.20141171013172,1.8600006103515625,2.2041451913013645,1.134803352490458,43138700,3658500,44564900
2023-11-21,119.16000366210938,145.59738159179688,43.063262939453125,120.6500015258789,146.3068743706651,44.06978329979618,117.94000244140625,145.21897678226662,42.72775615267211,120.54000091552734,146.25011725790245,43.911897974504114,2.7099990844726562,1.0878975883984765,1.342027147124071,41064800,2859500,37252100
2023-11-22,122.51000213623047,146.7515106201172,43.09286117553711,124.76000213623047,147.30018684129055,44.04017680174799,119.94999694824219,145.8338986819942,42.96458194884538,120.0,146.155531987095,43.44810406483085,4.810005187988281,1.4662881592963402,1.0755948529026114,56862200,3044700,31481200
2023-11-24,122.30999755859375,146.79879760742188,43.3790283203125,123.25,147.0069166704177,43.41850058791116,121.54000091552734,145.6068547840843,43.0336553895308,122.02999877929688,146.7515096305614,43.10272997568714,1.7099990844726562,1.4000618863333898,0.38484519838036135,19001000,1799200,13037100
2023-11-27,122.6500015258789,147.16773986816406,43.4974479675293,123.88999938964844,147.70694691362786,43.96123396715262,121.7699966430664,146.3920207777284,43.07313047380296,122.06999969482422,146.61906368010023,43.07313047380296,2.1200027465820312,1.3149261358994693,0.8881034933496608,32743000,4053100,33339900
2023-11-28,122.01000213623047,147.243408203125,43.64546203613281,122.54000091552734,147.33801302227167,43.79348116276332,120.79000091552734,146.496082096674,43.082995377789274,121.9800033569336,147.0447582914533,43.11259769740228,1.75,0.8419309255976657,0.7104857849740469,32047100,2666200,24548900
2023-11-29,123.8499984741211,147.96237182617188,44.34607696533203,125.7300033569336,149.0029526749801,44.740792118757376,123.4800033569336,147.59343612287887,44.010570214205295,123.9800033569336,147.7164050675306,44.010570214205295,2.25,1.4095165521012234,0.7302219045520815,37876300,3568900,38982000
2023-11-30,121.16000366210938,149.99624633789062,44.1092529296875,124.05000305175781,150.0340940400357,44.49409815176386,119.6500015258789,148.4164439880553,43.82308461840098,123.61000061035156,148.4732011066039,44.05991447429258,4.400001525878906,1.6176500519804051,0.6710135333628742,44494200,6740600,46263000
2023-12-01,121.38999938964844,151.8787841796875,43.16194152832031,121.4000015258789,151.91661745005652,43.77374666363665,118.6500015258789,149.46650541423264,42.29357039916354,119.87999725341797,149.854365000198,43.77374666363665,2.75,2.450112035823878,1.4801762644731085,37048000,4871900,43928400
2023-12-04,118.56999969482422,152.39907836914062,41.790306091308594,119.9000015258789,153.99779022096408,42.73762170997078,116.37000274658203,151.63281392370658,41.13902872088735,119.75,151.63281392370658,42.72775176074531,3.529998779296875,2.364976297257499,1.5985929890834285,39854400,5779000,50417600
2023-12-05,118.37999725341797,152.67340087890625,41.365989685058594,118.48999786376953,153.69507231534064,41.731102530170645,116.44999694824219,152.03958899822982,41.06008900826224,117.43000030517578,152.0774222656523,41.35612349986118,2.0400009155273438,1.6554833171108214,0.6710135219084066,39191600,4556700,31859300
2023-12-06,116.81999969482422,151.6233367919922,40.72458267211914,122.83000183105469,153.581543805171,42.027137460168056,116.37999725341797,151.36791534795415,40.6259019977016,120.69000244140625,152.86258187894063,41.91859060045017,6.450004577636719,2.2136284572168563,1.4012354624664596,60599000,3555900,31992300
2023-12-07,128.3699951171875,151.56658935546875,41.59295654296875,128.67999267578125,152.74907740471895,41.87912110704372,119.55999755859375,151.3300917456187,40.63577464121815,120.79000091552734,152.3044607434274,41.19824134769675,9.1199951171875,1.418985659100258,1.2433464658255744,118579100,3665500,29118700
2023-12-08,128.9199981689453,153.21263122558594,42.135684967041016,131.0,153.2882977648025,42.39224719590146,126.88999938964844,151.35848345204369,41.257447654791754,129.5399932861328,151.35848345204369,41.28704997543026,4.1100006103515625,1.9298143127588219,1.1347995411097074,89341000,4561300,42815000
2023-12-11,134.41000366210938,154.67889404296875,43.95136642456055,135.0399932861328,154.81133212923268,44.138854055701096,128.25,153.2031512432653,42.51066248602941,130.55999755859375,153.8937202334509,42.58960325966863,6.7899932861328125,1.6081808859673856,1.628191569671685,98668300,6077200,48288200
2023-12-12,137.61000061035156,155.81411743164062,43.457977294921875,139.88999938964844,157.35607228767526,43.85268871838199,131.89999389648438,154.12078618124116,43.05339592141253,132.25,154.45188866373766,43.77374793940317,7.9900054931640625,3.2352861064341027,0.7992927969694605,111677800,5292300,31452200
2023-12-13,138.19000244140625,154.78294372558594,43.9809684753418,139.24000549316406,156.06003653199997,44.128987600899464,136.02999877929688,153.95048199401845,42.75735825929165,137.97000122070312,155.4924365214453,43.497446358514516,3.2100067138671875,2.1095545379815235,1.3716293416078145,70651600,4989100,35216100
2023-12-14,138.0,154.11129760742188,44.582908630371094,141.82000732421875,154.66942847214483,46.44793008966711,135.72999572753906,151.5003548977781,44.05991423037119,138.88999938964844,154.13020702222525,44.41515336581766,6.0900115966796875,3.1690735743667346,2.388015859295919,76115200,6129800,70620800
2023-12-15,139.14999389648438,153.46803283691406,45.54995346069336,140.88999938964844,155.22757572209986,46.645284403284116,137.25,153.28829233463483,45.066427600130005,139.52000427246094,153.5342590997198,45.33285975624256,3.6399993896484375,1.939283387465025,1.5788568031541104,70211800,11016100,84583400
2023-12-18,138.89999389648438,153.9504852294922,45.0861701965332,139.7899932861328,154.50861610964446,45.61903458514181,137.64999389648438,152.85313288451377,44.800005630161714,139.14999389648438,153.46802087998074,45.54009380402375,2.1399993896484375,1.6554832251306948,0.819028954980098,45199500,3677300,27895700
2023-12-19,140.14999389648438,152.83421325683594,46.0433464050293,143.47000122070312,153.51532752876588,46.06308253893593,138.55999755859375,152.60718478930502,44.908543173235216,138.57000732421875,153.06125615903545,44.99735389367373,4.910003662109375,0.9081427394608568,1.154539365700714,63739800,3766600,35358800
2023-12-20,135.47000122070312,151.40579223632812,45.155242919921875,139.5800018310547,153.06127571874885,46.32951851625015,135.3699951171875,151.36794453045735,45.096038277608145,139.0,152.5788112942543,46.023614061925066,4.2100067138671875,1.693331188291495,1.2334802386420023,54671700,4865800,38159100
2023-12-21,139.91000366210938,152.0963592529297,46.457801818847656,139.97999572753906,152.3801593044508,46.497270325887236,137.3800048828125,150.91387106715018,45.411809214497815,138.13999938964844,151.91661873914396,45.865729041858266,2.5999908447265625,1.4662882373006312,1.0854611113894208,47179400,2982900,28320500
2023-12-22,139.60000610351562,153.3828887939453,47.365638732910156,140.6999969482422,153.63831025350288,47.52352404478188,138.30999755859375,152.30446027374157,46.57621217355154,140.47999572753906,152.39906509125728,46.625550627708435,2.3899993896484375,1.333849979761311,0.9473118712303403,35396600,2442700,30095700
2023-12-26,143.41000366210938,154.39511108398438,49.83259963989258,143.85000610351562,154.48970147025895,49.852335774632216,139.9199981689453,153.29775867358228,48.06625510566455,140.07000732421875,153.46803002967792,48.27347887400653,3.9300079345703125,1.1919427966766705,1.7860806689676636,47157400,1772400,60287400
2023-12-27,146.07000732421875,154.63160705566406,50.08916091918945,146.25,154.80187840994722,50.60228911990351,143.17999267578125,153.89372121643038,49.52669426469732,144.72000122070312,154.32888317960214,49.96088169222299,3.07000732421875,0.9081571935168427,1.075594855206191,49033400,3234600,52148000
2023-12-28,148.75999450683594,154.9059295654297,49.72405242919922,150.41000366210938,155.10459390269122,50.19770836675126,145.9499969482422,154.57482714821649,49.497092527723204,146.8000030517578,155.10459390269122,50.13850372723399,4.4600067138671875,0.5297667544747355,0.7006158390280532,63800700,2071300,27705200
2023-12-29,147.41000366210938,154.7167510986328,49.58590316772461,151.0500030517578,155.31271530551766,49.9016737922272,147.1999969482422,154.03563677533324,49.11224723097072,149.5,154.9059463140672,49.63524162200012,3.850006103515625,1.2770785301844114,0.7894265612564766,62079200,2526200,29288700
2024-01-02,138.5800018310547,152.77745056152344,47.16828155517578,144.39999389648438,154.47076703692662,48.727402316983216,137.42999267578125,151.79362689058553,46.82290860884264,144.27999877929688,154.03561953360204,48.54978086907395,6.970001220703125,2.677140146341088,1.9044937081405777,64902000,3825000,45905700
2024-01-03,135.32000732421875,151.4530792236328,46.42819595336914,137.42999267578125,152.99503386604115,47.178154054921954,133.74000549316406,151.4341553726251,46.181499902857844,135.7100067138672,152.3044648682836,46.4775344106148,3.6899871826171875,1.5608784934160553,0.9966541520641101,61988600,4086100,35858400
2024-01-04,136.00999450683594,152.17202758789062,46.250572204589844,137.6999969482422,153.07071564749404,46.536740512433994,134.0,151.51929185401653,44.64211674522337,134.3000030517578,151.5665942644523,45.11577268702602,3.6999969482421875,1.551423793477511,1.894623767210625,58610300,3212000,47797800
2024-01-05,138.5800018310547,150.56385803222656,46.27030563354492,141.00999450683594,151.87878430737425,47.197885092412385,136.44000244140625,150.10031747046338,46.023609609681465,136.77999877929688,151.27335093827034,46.40845480462325,4.5699920654296875,1.7784668369108658,1.1742754827309199,69657700,4199400,34344000
2024-01-08,146.17999267578125,152.43690490722656,47.809696197509766,147.14999389648438,152.5125858775572,48.11559689647681,140.14999389648438,149.36243585655637,46.349256004061985,140.36000061035156,150.11923112519364,46.44793292031915,7.0,3.150150021000826,1.7663408924148243,71756900,3321700,42135100
2024-01-09,149.25999450683594,151.43417358398438,47.41497802734375,149.86000061035156,151.8125640416299,47.91824005579795,145.0800018310547,150.8949520254353,47.16828198790462,145.9499969482422,151.35849260552112,47.37550575760561,4.779998779296875,0.9176120161946244,0.7499580678933313,67875700,2617200,30097000
2024-01-10,148.5399932861328,152.5220489501953,46.84264373779297,150.8800048828125,152.62610848577296,47.6616726062049,146.64999389648438,151.11253230016268,46.31964559049682,150.07000732421875,151.62336083457203,47.60246796769483,4.230010986328125,1.513576185610276,1.3420270157080836,56951200,2967800,31480200
2024-01-11,148.02000427246094,153.40179443359375,47.010398864746094,150.3800048828125,153.46800625025972,47.2077564583543,143.69000244140625,151.6327827118009,46.11242538989763,148.52000427246094,152.3233660414135,46.81304127113789,6.69000244140625,1.8352235384588198,1.095331068456666,62764600,3778200,31707900
2024-01-12,146.55999755859375,156.84521484375,46.49726486206055,148.75,157.0154861910575,47.039995353979776,145.0,153.58155077500805,45.994006636825546,148.0399932861328,154.16806021751387,46.97092076942365,3.75,3.433935416049451,1.0459887171542306,48293100,4958300,27587900
2024-01-16,158.74000549316406,157.94256591796875,46.43806076049805,159.72000122070312,158.2168967868534,46.59594606476858,149.97999572753906,156.41005163127508,45.767047276277616,150.36000061035156,156.84521357309384,46.35911622622149,9.740005493164062,1.8068451555783156,0.8288987884909673,112711400,4869600,43720700
2024-01-17,160.1699981689453,157.11009216308594,45.45127868652344,160.63999938964844,158.75612070584432,45.80651781369869,154.39999389648438,156.5614159821665,45.04669734109243,158.4499969482422,157.78173728418727,45.80651781369869,6.2400054931640625,2.1947047236778303,0.7598204726062576,104085000,4288600,33488000
2024-01-18,162.6699981689453,157.82904052734375,46.122291564941406,168.60000610351562,157.97094775322964,46.94132042959796,158.22000122070312,156.12625485939233,45.55982115169575,166.1999969482422,157.49795253628028,46.408456099754304,10.3800048828125,1.8446928938373048,1.3814992779022077,131864900,3776900,46681300
2024-01-19,174.22999572753906,162.21841430664062,47.5136604309082,174.25,162.31301911150115,48.11559562704901,162.1999969482422,160.04263370684748,45.826256598878,165.8000030517578,161.37648350818154,46.37885710247488,12.050003051757812,2.2703854046536662,2.289339028171014,140367900,6929100,55979800
2024-01-22,168.17999267578125,163.4955291748047,47.582733154296875,174.72000122070312,165.0280290656748,48.520175090034456,164.14999389648438,163.0887457803298,47.01039653759373,174.38999938964844,163.48607446690286,48.2044044616061,10.57000732421875,1.9392832853449988,1.5097785524407286,122973800,4926000,45639500
2024-01-23,168.4199981689453,164.54559326171875,48.24387741088867,169.6300048828125,164.6212742354347,48.29321586647265,164.27000427246094,163.1644407520751,46.6946265669979,166.5,163.56175503808143,47.48405314919019,5.3600006103515625,1.4568334833595884,1.598589299474753,76830500,3983500,37224100
2024-01-24,178.2899932861328,164.53611755371094,48.44123077392578,180.5800018310547,165.41589620772137,49.11224425135441,170.55999755859375,163.56174851233186,47.63206812719406,172.5500030517578,165.32129138568354,48.520171543120746,10.020004272460938,1.8541476953895142,1.4801761241603515,125516400,9097800,49375800
2024-01-25,180.3300018310547,180.1449737548828,48.89515686035156,184.9199981689453,186.2655337765493,49.63524501796823,177.6300048828125,174.8474353284207,48.32282397588851,183.41000366210938,174.9704187191838,49.33921050777817,7.2899932861328125,11.418098448128603,1.3124210420797198,127171400,29596200,84845100
2024-01-26,177.25,177.2975311279297,43.07312774658203,181.22999572753906,181.99910489136101,44.80986611742092,174.14999389648438,176.105588339117,42.77708950325992,175.2899932861328,180.97743345752056,43.5961221183612,7.0800018310546875,5.893516552244023,2.032776614160994,107381200,9895900,127665300
2024-01-29,177.8300018310547,177.0326690673828,43.260616302490234,178.88999938964844,179.2273740486902,43.40863542733626,174.39999389648438,176.0015428431667,42.24422985568122,178.77000427246094,177.33539296880593,43.1323333119092,4.4900054931640625,3.225831205523491,1.1644055716550383,89384500,6107900,51790900
2024-01-30,172.05999755859375,177.7232208251953,42.3527717590332,178.47999572753906,178.46109221977267,43.2408789546181,169.52000427246094,176.68263999332223,42.323169440607906,176.1300048828125,177.57187332388182,43.09285983392641,8.959991455078125,1.7784522264504403,0.9177095140101912,122265700,4575100,47958800
2024-01-31,167.69000244140625,173.74061584472656,42.51066589355469,171.3000030517578,177.515108639631,43.21128178449899,162.55999755859375,173.24869675108727,41.80018005243761,165.74000549316406,176.94752300974193,42.00740383466907,8.740005493164062,4.266411888543729,1.4111017320613826,133157300,8876100,51584200
2024-02-01,170.47999572753906,176.8056182861328,42.786964416503906,171.13999938964844,177.3826730672467,42.99418819944557,165.86000061035156,172.84193022499832,41.92846319840053,169.27000427246094,173.71223975091823,42.57974063356224,5.279998779296875,4.540742842248392,1.0657250010450383,91576700,4669400,38819900
2024-02-02,177.66000366210938,175.75555419921875,42.03700256347656,179.0,177.26914464869162,42.56986689876739,173.0500030517578,175.59473755959584,41.05021843039699,173.7899932861328,176.99481377749217,42.43171772242148,5.9499969482421875,1.67440708909578,1.5196484683703986,82134300,4055400,53683500
2024-02-05,174.22999572753906,173.51358032226562,42.20475769042969,180.00999450683594,175.74611853812394,42.57973671381655,171.11000061035156,173.36221837398068,41.869250935669385,179.08999633789062,175.49069705472684,42.05673856522146,8.899993896484375,2.383900164143256,0.7104857781471665,76349200,4379600,28890300
2024-02-06,167.8800048828125,173.50413513183594,42.29877853393555,173.8800048828125,174.70553277124722,42.3383627277486,165.5,173.15410880289102,41.70497032294128,173.14999389648438,173.63657323518325,42.259190564805955,8.3800048828125,1.5514239683562039,0.6333924048073243,68854100,3337600,34068200
2024-02-07,170.94000244140625,173.8162841796875,42.33836364746094,172.97000122070312,174.08116034131385,42.65505985674417,168.1999969482422,172.76623424085875,42.11073848299591,169.47000122070312,173.43787935260116,42.44722867727391,4.7700042724609375,1.3149261004550965,0.5443213737482537,53665400,4841200,34269200
2024-02-08,169.35000610351562,175.9927978515625,42.061256408691406,172.1699981689453,176.1741770072959,42.52640562884181,168.60000610351562,173.25305783842543,41.89301319520865,170.3300018310547,174.34131820655887,42.278986473496566,3.5699920654296875,2.9211191688704616,0.6333924336331549,43385300,5161200,33206500
2024-02-09,172.47999572753906,177.88294982910156,42.86289596557617,175.10000610351562,178.6848229071641,43.07072715064209,168.66000366210938,175.5059678786827,41.96229038830714,171.0,176.06918721449318,42.11073961678992,6.44000244140625,3.1788550284813937,1.1084367623349536,56375700,5064600,51193000
2024-02-12,171.91000366210938,177.7111358642578,43.57545852661133,177.41000366210938,178.0166050966192,44.57503398469183,170.6699981689453,175.67780120764667,42.87278906222066,172.67999267578125,177.4629266363031,42.94206612066388,6.7400054931640625,2.338803888972535,1.7022449224711664,58177100,4724000,51107300
2024-02-13,171.5399932861328,175.36276245117188,42.71444320678711,173.1699981689453,176.38420743394371,43.17959243106469,164.3000030517578,174.0835819210102,42.318571044595544,167.94000244140625,175.91644086712276,42.55609509697383,8.8699951171875,2.3006255129335216,0.8610213864691474,63071300,4290500,36622200
2024-02-14,178.6999969482422,175.23867797851562,43.73380661010742,178.74000549316406,176.60377040115893,43.83277653306883,172.8800048828125,173.9881201254148,42.94206610299881,173.47000122070312,176.60377040115893,43.36762733344154,5.8600006103515625,2.615650275744116,0.8907104300700226,57402500,3173400,36186200
2024-02-15,176.75999450683594,178.38888549804688,43.595252990722656,180.5,178.49389372193224,44.802659637413264,175.25999450683594,175.28638700702334,43.56556390115373,179.13999938964844,175.28638700702334,44.29792246284209,5.2400054931640625,3.2075067149089023,1.2370957362595334,51126400,4714300,44024500
2024-02-16,173.8699951171875,179.1239471435547,43.060829162597656,180.3300018310547,180.3744903870369,43.76350244978494,173.25,177.5106455608878,42.67485587510025,177.4499969482422,178.15979129594098,43.57546147103312,7.0800018310546875,2.8638448261490907,1.088646574684688,53940300,4842800,29975300
2024-02-20,165.69000244140625,175.11456298828125,44.060401916503906,171.80999755859375,180.20266225207192,44.703689430093235,162.0,174.75180465802893,42.97175541030291,171.13999938964844,179.12394273291176,43.80308389081493,9.80999755859375,5.450857594042986,1.731934019790323,66550000,4247200,61514100
2024-02-21,164.2899932861328,171.54429626464844,43.021240234375,164.89999389648438,174.72316566013762,44.22864304125819,161.80999755859375,170.63741501419017,42.63526698932861,162.74000549316406,174.2744954875262,44.02081187474342,3.089996337890625,4.085750645947456,1.5933760519295745,48365700,4723700,57485200
2024-02-22,181.86000061035156,175.84962463378906,42.53630065917969,183.8300018310547,176.17419021771957,44.218751667634606,172.0,173.67308916804774,42.090945425277404,173.1999969482422,174.16949301576193,44.218751667634606,11.830001831054688,2.5011010496718313,2.1278062423572024,100684700,5078400,62809300
2024-02-23,176.52000427246094,177.29110717773438,42.54619598388672,183.8000030517578,177.99752755431382,43.060824460813436,174.5500030517578,176.19330570338985,42.21960091454698,181.86000061035156,176.50831584966502,42.68475009500671,9.25,1.804221850923966,0.8412235462664555,69207400,3433800,33810700
2024-02-26,176.00999450683594,175.77325439453125,42.54619598388672,179.83999633789062,177.68248428355884,43.22907143525656,174.80999755859375,175.70642435660662,42.3779490094436,178.77999877929688,177.17653952826797,43.05092935658332,5.029998779296875,1.9760599269522174,0.8511224258129602,45435100,4620800,27035400
2024-02-27,178.0,176.4796600341797,42.28887939453125,178.4600067138672,176.7278692420286,42.82330564855216,172.49000549316406,174.33177641020274,42.07114934097092,175.9199981689453,175.80189158105708,42.803511664108804,5.970001220703125,2.396092831825854,0.7521563075812381,43665200,3641400,25126400
2024-02-28,176.5399932861328,176.89015197753906,41.556522369384766,176.83999633789062,176.9569674491374,42.01177270231313,173.58999633789062,175.21957582609545,41.477346428710284,176.25,176.25056171322424,42.00187382207049,3.25,1.7373916230419582,0.5344262736028469,35914400,3216300,26928500
2024-02-29,192.52999877929688,176.63238525390625,42.60557556152344,193.0,178.36979127983284,42.704545483662436,179.82000732421875,176.3078196994804,41.922700087688604,179.82000732421875,177.70154922908156,41.93259519224425,13.17999267578125,2.0619715803524343,0.7818453959738321,105538500,6458500,48875100
2024-03-01,202.63999938964844,179.65853881835938,43.36762619018555,202.72000122070312,179.83037709160604,43.81298139348012,195.4199981689453,176.7755974601576,42.68475072867816,197.91000366210938,177.07154034373414,42.96185895503192,7.3000030517578125,3.05477963144844,1.1282306648019613,103820800,4018400,41426100
2024-03-04,205.36000061035156,184.29794311523438,45.1391487121582,211.00999450683594,185.09981610422884,46.12882527668589,203.5,179.0857541205036,43.397315844412255,205.16000366210938,179.23848142821672,43.81298196467845,7.5099945068359375,6.014061983725242,2.731509432273633,86835300,7938300,59990800
2024-03-05,205.1300048828125,183.23834228515625,42.71444320678711,205.3300018310547,185.13803133700895,44.40678933828843,199.14999389648438,181.9209835193473,42.24929398250953,200.5,183.2860759473546,44.09999199914086,6.1800079345703125,3.2170478176616655,2.1574953557788987,65407100,5653600,56655100
2024-03-06,210.6300048828125,187.25726318359375,44.05050277709961,214.80999755859375,189.13785571097074,45.04017935400904,207.32000732421875,184.20249840210516,43.11031304928887,210.42999267578125,184.7179840414352,43.476492325656736,7.489990234375,4.935357308865576,1.9298663047201714,86687000,6945800,52652000
2024-03-07,211.3800048828125,187.62001037597656,45.67357635498047,213.8300018310547,189.71061938592936,45.94078571326764,208.22000122070312,187.2381702336526,44.71358885003174,212.52000427246094,188.6128180520472,45.07976813297767,5.6100006103515625,2.4724491522767664,1.2271968632358963,63869000,4604500,50378200
2024-03-08,207.38999938964844,187.0568084716797,43.54576873779297,227.3000030517578,188.7942147833183,46.14861915352694,205.60000610351562,185.558070479034,43.54576873779297,213.41000366210938,187.16181670552893,45.960578190502105,21.699996948242188,3.236144304284295,2.6028504157339682,120815200,3943100,54916600
2024-03-11,198.38999938964844,183.02833557128906,44.39689254760742,203.5500030517578,186.5126891695597,44.46616960706335,196.6999969482422,182.21692153578147,43.20927988143693,203.00999450683594,186.2358426538276,43.4171110598047,6.850006103515625,4.29576763377824,1.2568897256264222,73098600,4725100,35051000
2024-03-12,202.75999450683594,188.80374145507812,44.77296829223633,202.85000610351562,190.14019654306446,44.802657380309554,194.27000427246094,183.4292546877305,44.00101802448503,200.52000427246094,183.72519755446203,44.59482621316421,8.580001831054688,6.710941855333971,0.801639355824527,68951700,5880100,31795800
2024-03-13,194.7899932861328,187.77276611328125,42.78371810913086,198.8300018310547,189.10923584255522,44.51565212448583,192.6999969482422,186.4554073286815,42.75402901982607,198.72999572753906,188.5841946834215,44.0505029236892,6.1300048828125,2.6538285138737194,1.761623104659762,70526900,3993300,53195900
2024-03-14,187.05999755859375,184.6511688232422,42.30867385864258,196.92999267578125,188.77511253386942,42.90247829740919,184.02999877929688,183.40062552846277,42.07114981794601,192.9199981689453,188.01141763564934,42.783718164719176,12.899993896484375,5.37448700540665,0.8313284794631812,84490500,4109600,38100000
2024-03-15,191.05999755859375,182.39828491210938,42.199806213378906,193.8000030517578,184.29795933419666,42.70454335281141,184.47999572753906,182.04506747666287,41.912799116471504,184.8300018310547,183.2765289153828,42.011769033672145,9.32000732421875,2.252891857533797,0.791744236339909,95289500,8828200,66952900
2024-03-18,190.64999389648438,182.9901123046875,42.26908493041992,193.5,184.46021267919213,42.93217018813967,188.0500030517578,181.68229469731048,42.16021990487515,193.2899932861328,182.99965320877766,42.64516307994282,5.4499969482421875,2.777917981881643,0.7719502832645233,59306900,5410600,27668300
2024-03-19,181.4199981689453,184.5652618408203,41.61589813232422,185.61000061035156,184.79437468621234,41.853422165234505,177.36000061035156,181.64414225184964,41.01219483335548,183.16000366210938,182.79923281874795,41.81383419719672,8.25,3.1502324343626924,0.8412273318790255,83509500,5317300,34673000
2024-03-20,179.72999572753906,185.15713500976562,41.76435470581055,182.67999267578125,185.17621682238186,42.565990363070036,174.0,182.6273964762755,40.982509258950394,182.02999877929688,184.11659357141457,42.54620015267069,8.67999267578125,2.5488203461063677,1.5834811041196417,81773100,3238600,74865000
2024-03-21,178.67999267578125,183.1905975341797,41.98208236694336,187.69000244140625,184.59388263351033,43.149901135053874,177.66000366210938,181.38637591593567,41.88311621045273,185.97000122070312,184.24067977390592,42.54620153995399,10.029998779296875,3.2075067175746597,1.266784924601147,75265600,6013600,50807600
2024-03-22,179.64999389648438,182.1787109375,42.13053512573242,180.75999450683594,184.2311417901921,42.35816030455685,175.0500030517578,181.8636862605863,41.65549078184012,177.2100067138672,183.286067759451,41.81383889647089,5.709991455078125,2.36745552960582,0.7026695227167252,57899100,3988400,28503100
2024-03-25,178.6300048828125,180.22174072265625,41.39817428588867,182.8000030517578,182.15962237235144,41.78414755859529,172.0,180.18356253577983,40.15117964680319,172.89999389648438,181.6250257922098,40.46787585904025,10.800003051757812,1.9760598365716078,1.6329679117921003,71935300,3718300,47276500
2024-03-26,177.8699951171875,179.94491577148438,41.556522369384766,182.60000610351562,181.376838178154,41.83363061111218,176.3300018310547,179.94491577148438,41.22992727707748,179.5399932861328,180.44131961768488,41.51693439904752,6.2700042724609375,1.431922406669628,0.603703334034698,65322400,4229500,39109700
2024-03-27,179.58999633789062,182.14053344726562,43.318145751953125,181.22999572753906,182.29327533355487,43.37752770777571,175.39999389648438,180.04038349272665,42.061256001916675,179.9600067138672,180.99499843263237,42.100843972465064,5.8300018310546875,2.2528918408282266,1.3162717058590374,55685600,3693300,51017800
2024-03-28,180.49000549316406,182.2932586669922,43.714012145996094,183.39999389648438,183.21922167307596,44.139573371770645,178.3000030517578,181.70138755330152,43.25876183131705,179.47000122070312,182.27416229138495,43.30824490459669,5.0999908447265625,1.5178341197744487,0.8808115404535926,57628600,3742200,54204200
2024-04-01,183.33999633789062,181.2145538330078,44.060401916503906,187.24000549316406,181.8159658998585,44.94121347108948,179.89999389648438,179.96401060584097,43.72391172736055,180.10000610351562,181.37683662308686,43.832776755512306,7.3400115966796875,1.8519552940175288,1.2173017437289317,74299900,2364300,31712600
2024-04-02,178.6999969482422,180.3076629638672,43.48638916015625,180.10000610351562,181.1859069043864,43.62494705770123,174.8300018310547,179.085757084339,43.05093280810779,179.47000122070312,180.55585758849205,43.476494055132804,5.2700042724609375,2.100149820047392,0.5740142495934393,61598800,2693500,32748400
2024-04-03,180.77000427246094,182.23599243164062,39.913658142089844,182.0500030517578,182.66558082229906,41.22003092103447,176.6999969482422,179.93538141818,39.804793114625035,177.5399932861328,180.0403896478103,40.97261177691137,5.350006103515625,2.7301994041190767,1.4152378064094364,49835100,2826200,83718000
2024-04-04,165.8300018310547,179.4103240966797,39.31985092163086,183.02000427246094,184.5079640946079,40.3590105980652,165.64999389648438,178.83754933828155,39.29016183168939,182.9199981689453,183.2860582052079,40.170973402908174,17.370010375976562,5.670414756326352,1.0688487663758082,88280000,2983900,57307200
2024-04-05,170.4199981689453,180.5558624267578,38.31037902832031,172.69000244140625,181.68231558835393,39.052636454070694,165.5800018310547,179.48669839508756,38.11244295972358,168.10000610351562,180.03082131610992,38.943771427576664,7.1100006103515625,2.195617193266372,0.9401934943471133,66080300,2014300,67263000
2024-04-08,169.89999389648438,181.20501708984375,37.58791732788086,171.66000366210938,181.60595362153109,38.4588338048539,166.82000732421875,180.33631398805375,37.518640266960844,168.1999969482422,180.6513386700084,38.24110374178147,4.839996337890625,1.2696396334773397,0.9401935378930588,43997500,2678300,56967800
2024-04-09,170.77999877929688,180.71815490722656,37.93430709838867,171.60000610351562,182.57011025162373,38.18172625626916,167.2899932861328,178.18843110148913,36.94463046686671,170.2100067138672,181.89232722401522,37.657195074347136,4.3100128173828125,4.381679150134602,1.2370957894024457,42886100,2794200,78671700
2024-04-10,167.13999938964844,177.59654235839844,36.81596755981445,169.77999877929688,179.39122295855782,37.82543807040204,164.0,177.10015311831475,36.63782548292745,166.7100067138672,178.91391552798495,37.62750200993688,5.779998779296875,2.2910698402430683,1.1876125874745966,59600000,3081700,51108400
2024-04-11,170.5,177.46292114257812,37.24153137207031,170.9499969482422,178.32208337492776,37.28111556667766,166.5500030517578,176.2028369279083,36.697209999223986,167.5500030517578,177.59656665877444,37.04359529776712,4.399993896484375,2.1192464470194636,0.5839055674536766,48994500,2861700,41909100
2024-04-12,163.27999877929688,173.99766540527344,35.321556091308594,165.6999969482422,176.76604284451213,36.32113156006494,161.82000732421875,173.44398700417216,35.23248504731364,164.52999877929688,175.64914513697371,36.311232680000735,3.8799896240234375,3.3220558403399707,1.0886465127513034,63519600,3547400,80254800
2024-04-15,160.32000732421875,173.0239715576172,35.935157775878906,164.44000244140625,178.9712190255664,36.32113103584749,158.75999450683594,172.6707686630919,35.519491651462836,164.42999267578125,177.1479154163445,35.66794464775069,5.6800079345703125,6.300450362474493,0.8016393843846572,61461200,3528100,50751600
2024-04-16,163.4600067138672,175.41050720214844,35.88566970825195,164.8800048828125,177.28155902146304,36.13308884345184,161.6699981689453,174.56090043018744,35.390831437852185,162.27999877929688,177.1669953157783,35.895568587837126,3.2100067138671875,2.720658591275594,0.742257405599652,55302100,4473700,30607500
2024-04-17,154.02000427246094,174.79000854492188,35.31166076660156,164.4499969482422,176.28874648803682,35.757015983802184,153.8800048828125,173.52990978037508,35.00485966690412,163.97000122070312,175.8018980924266,35.727323119111105,10.569992065429688,2.758836707661743,0.7521563168980663,75909000,3003000,41173300
2024-04-18,155.0800018310547,173.23397827148438,34.67826843261719,156.9600067138672,175.13366728919507,35.29186685801872,152.32000732421875,171.99297590797426,34.41105530172058,155.50999450683594,174.07404409901767,35.054342816560656,4.6399993896484375,3.140691381220819,0.8808115562981413,52669800,2886700,42334400
2024-04-19,146.63999938964844,173.33897399902344,33.84694290161133,154.25,174.5036053336513,34.767342507621755,145.2899932861328,172.37481820106018,33.82714891515427,151.58999633789062,174.15038791822005,34.767342507621755,8.960006713867188,2.1287871325911283,0.9401935924674873,71618200,3038000,59070300
2024-04-22,148.63999938964844,173.6444549560547,34.054771423339844,149.88999938964844,175.00002101412468,34.213119527250065,145.6300048828125,172.26026618082722,33.72818011072603,148.14999389648438,174.16949609597359,34.06466652813322,4.2599945068359375,2.739754833297468,0.4849394165240355,49397000,3076500,39909900
2024-04-23,152.27000427246094,173.92132568359375,33.92611312866211,153.5,176.29830793672798,34.242809343199326,150.35000610351562,170.87610121403645,33.82714697736298,151.64999389648438,174.43681142334867,33.98549508463159,3.149993896484375,5.422206722691527,0.4156623658363472,46051900,5950200,46834000
2024-04-24,151.74000549316406,175.74461364746094,34.14384078979492,157.66000366210938,175.9259782476786,34.816821142169815,150.6300048828125,173.1671416950628,33.9854926936665,156.55999755859375,174.8568141921028,34.50012494991297,7.029998779296875,2.758836552615776,0.8313284485033137,43412600,7616600,53261100
2024-04-25,153.75999450683594,161.2440185546875,34.74754333496094,155.13999938964844,164.62334914930707,34.93558051526241,146.75,158.14151989302718,34.14384005173473,149.14999389648438,160.56623551482818,34.203222002242924,8.389999389648438,6.4818292562798945,0.791740463527681,41471400,16702200,66549400
2024-04-26,157.39999389648438,159.5447998046875,31.55088996887207,158.6300048828125,160.25120553885571,31.907176045518334,153.42999267578125,158.20833014707307,30.323691180607266,154.24000549316406,159.8980026717716,31.45192381651619,5.20001220703125,2.042875391782644,1.5834848649110675,42510700,8983800,119742500
2024-04-29,160.1999969482422,159.83116149902344,31.036256790161133,160.77000427246094,160.58531540723945,31.58057813019865,156.25999450683594,158.68562656249486,30.749249688486604,159.0800018310547,159.80252421808026,31.53109505843458,4.510009765625,1.8996888447445883,0.8313284417120457,43478200,5242200,58533300
2024-04-30,158.3800048828125,158.656982421875,30.155445098876953,162.2899932861328,159.1915643980574,30.858116461249818,158.35000610351562,157.75964214774035,30.105962024307132,160.6300048828125,158.93382888071213,30.719562342327688,3.9399871826171875,1.4319222503170579,0.7521544369426856,60742800,6011600,72346400
2024-05-01,144.27000427246094,156.96731567382812,30.05647850036621,151.3699951171875,158.72381810042017,30.719561883042896,142.13999938964844,156.84322564611256,29.710091320581384,148.11000061035156,158.17013972930894,29.858542429729663,9.229995727539062,1.8805924543076173,1.0094705624615123,89413200,4029900,60654800
2024-05-02,146.16000366210938,157.2155303955078,30.195032119750977,147.6199951171875,157.39690955732277,30.353380218588107,141.16000366210938,155.23947055838795,29.87833592207671,145.50999450683594,156.8909648250323,30.274206169169542,6.459991455078125,2.157438998934822,0.47504429651139546,50034700,3829900,50899400
2024-05-03,150.60000610351562,158.1892547607422,30.58100700378418,150.7899932861328,159.04840241632047,30.739355111056643,147.24000549316406,157.43510076935652,30.383072813522766,148.75,157.51147171571637,30.66018105742041,3.54998779296875,1.6133016469639472,0.35628229753387686,49361100,3400400,36794800
2024-05-06,155.77999877929688,160.95762634277344,30.774776458740234,156.64999389648438,161.01490090882916,31.003328068462462,151.25999450683594,158.82883909551703,30.536289553022886,153.10000610351562,158.94338822762845,30.923832433223346,5.3899993896484375,2.1860618133121363,0.467038515439576,44624500,4222300,36185600
2024-05-07,154.42999267578125,160.73806762695312,30.486604690551758,157.6999969482422,161.60675614857684,31.251751344198457,153.66000366210938,160.31803472440032,30.417046248461222,156.32000732421875,161.3299242262223,30.894020047360957,4.0399932861328125,1.288721424176515,0.8347050957372346,37374900,3155300,44683400
2024-05-08,153.6199951171875,162.18907165527344,29.81089210510254,155.3300018310547,162.53273361457772,29.959946186562956,152.52000427246094,160.27984178497584,29.5425936212785,153.39999389648438,160.38485001049293,29.81089210510254,2.80999755859375,2.2528918296018787,0.41735256528445674,28728000,3522000,63734600
2024-05-09,152.38999938964844,160.29946899414062,29.90032386779785,154.08999633789062,161.53350471532946,30.198432020098114,150.61000061035156,159.92347396519818,29.622088202412307,153.1300048828125,161.48529720682583,29.741332600527656,3.4799957275390625,1.6100307501312727,0.5763438176858067,33018000,4266600,45003400
2024-05-10,151.9199981689453,161.14784240722656,29.66183853149414,156.3699951171875,162.0348192799681,30.267992059188092,151.30999755859375,160.34765963587446,29.65190133984991,154.2899932861328,161.1285711745452,30.138812358464122,5.05999755859375,1.68715964409364,0.6160907193381817,37652800,2255400,42931300
2024-05-13,150.55999755859375,161.5431365966797,30.317676544189453,153.3300018310547,162.0251822488354,30.933767233590086,150.39999389648438,160.7718606110574,29.810891166912885,151.27999877929688,161.48529347215953,29.84070274039695,2.9300079345703125,1.2533216377779866,1.1228760666772004,27859200,2414900,51459100
2024-05-14,153.16000366210938,161.35031127929688,30.854272842407227,153.49000549316406,162.09266565665624,30.913895991776922,148.77999877929688,160.50190627660047,30.417047785649103,150.42999267578125,161.83235690158077,30.42698497721072,4.7100067138671875,1.590759380055772,0.49684820612781877,31938300,2601000,47759900
2024-05-15,159.6699981689453,162.21800231933594,31.072887420654297,159.69000244140625,162.30478171952402,31.202067120946793,154.6999969482422,161.3310400586918,30.615786083174033,155.58999633789062,161.9095007425697,31.182192737724716,4.9900054931640625,0.9737416608322178,0.5862810377727605,43195900,4468800,36992900
2024-05-16,162.6199951171875,162.9025115966797,31.828094482421875,168.05999755859375,163.53881539879774,32.056644199568396,159.89999389648438,161.76487618887475,31.32131098625367,160.9199981689453,162.21800028636494,31.430616301444132,8.160003662109375,1.773939209922986,0.7353332133147248,76726700,3492300,47752800
2024-05-17,164.47000122070312,162.96034240722656,31.629356384277344,169.72000122070312,163.03747147233943,31.907592059017553,162.32000732421875,161.32139022845675,31.390869475353796,168.42999267578125,162.90249928610817,31.8579079970722,7.399993896484375,1.7160812438826838,0.516722583663757,65944400,2956400,41449800
2024-05-20,166.3300018310547,163.81838989257812,31.897653579711914,168.49000549316406,164.04977709761104,32.21563613099912,164.47000122070312,162.33369578183064,31.55979854046339,165.5500030517578,162.931427672917,31.649231369928607,4.0200042724609375,1.7160813157804,0.6558375905357323,45618000,2726300,31989000
2024-05-21,164.66000366210938,167.24090576171875,31.5399227142334,165.8300018310547,168.68704259735185,32.036772797045785,163.10000610351562,163.83766491873135,31.420680210618762,164.0,163.83766491873135,31.77840961678809,2.7299957275390625,4.849377678620499,0.6160925864270226,30005500,6459800,42975400
2024-05-22,165.52000427246094,167.45301818847656,31.221940994262695,169.80999755859375,168.70633980521447,31.867843275827525,163.86000061035156,166.55640564086855,30.90395844920465,167.41000366210938,167.1637878598654,31.708852003298507,5.9499969482421875,2.1499341643459218,0.9638848266228734,47426700,3294900,36706400
2024-05-23,160.42999267578125,164.5414276123047,29.8903865814209,173.13999938964844,169.1594322570132,31.37099393773446,158.27000427246094,164.31969077653966,29.68171125454082,170.17999267578125,169.0919388182492,31.25175143532453,14.8699951171875,4.839741480473549,1.6892826831936425,91888800,3341300,62014500
2024-05-24,166.36000061035156,164.75357055664062,30.526351928710938,167.66000366210938,165.83334816341508,30.82446197812326,160.25,164.09799549848944,29.94007091639133,161.41000366210938,165.32238092371884,30.099064079939822,7.410003662109375,1.7353526649256423,0.8843910617319288,54868600,2587400,42434500
2024-05-28,171.61000061035156,163.56771850585938,30.86421012878418,174.5500030517578,164.94636187736052,31.172257382164105,164.9600067138672,162.59397696709968,30.466731941725964,169.4199981689453,164.31970847410807,30.744967620329465,9.589996337890625,2.352384910260838,0.7055254404381408,66495400,2629500,36799100
2024-05-29,165.13999938964844,161.0514373779297,29.94007110595703,168.47999572753906,162.57470323427498,30.476668061101428,162.91000366210938,160.24160430317323,29.920198618797393,167.4600067138672,161.96732107277552,30.277928026901556,5.5699920654296875,2.3330989311017447,0.5564694423040351,56537500,4206600,35848600
2024-05-30,166.75,159.6824493408203,29.99969482421875,168.75,160.74294096166335,30.307740177296864,163.8000030517578,158.33271267220275,29.870513230933255,167.89999389648438,159.61495588749972,30.019567311756507,4.9499969482421875,2.410228289460605,0.4372269463636087,46367000,3842400,33351000
2024-05-31,166.89999389648438,160.85862731933594,30.655534744262695,169.5,160.9743135592503,30.76484006095746,160.07000732421875,157.95670330732338,29.75127115934644,166.64999389648438,159.74991358031943,30.029504942197292,9.42999267578125,3.017610251926925,1.0135689016110199,64331900,4905000,95797500
2024-06-03,163.5500030517578,159.34498596191406,30.099063873291016,171.0800018310547,160.79112270385605,30.874145826725712,160.91000366210938,157.65782642964837,29.86057507726836,170.82000732421875,160.55973552923442,30.83439895760554,10.169998168945312,3.13329627420768,1.013570749457351,59157600,2776100,35544900
2024-06-04,159.99000549316406,159.85595703125,29.8407039642334,164.8300018310547,160.42476729979313,30.556164699264862,158.8699951171875,157.99526810541312,29.75127113543878,162.83999633789062,158.68941493548286,30.556164699264862,5.9600067138671875,2.429499194380014,0.8048935638260808,48157200,2594200,51027200
2024-06-05,166.1699981689453,161.36959838867188,30.585975646972656,167.1199951171875,161.76486462154202,30.645596899838363,161.3800048828125,159.82704650187688,29.820828969781854,162.07000732421875,160.434428697818,30.079190259300518,5.739990234375,1.9378181196651383,0.8247679300565096,60507500,3049400,44161700
2024-06-06,166.77999877929688,162.16015625,30.22824478149414,169.50999450683594,162.39154346152486,30.397173246523653,163.86000061035156,160.81043429327005,29.96988348819456,165.4600067138672,161.36960902130562,30.35742448048119,5.649993896484375,1.5811091682548124,0.427289758329092,47153700,2207100,34248100
2024-06-07,167.8699951171875,163.9051513671875,30.546226501464844,169.4499969482422,165.15847295921662,30.585975266431074,165.86000061035156,162.02517633457649,30.019566737614863,166.58999633789062,162.14086257939397,30.059315502581093,3.589996337890625,3.1332966246401384,0.5664085288162113,44796000,3475500,34085500
2024-06-10,160.33999633789062,164.26187133789062,30.71515464782715,165.5500030517578,164.62821600828784,30.75490341238691,159.61000061035156,162.81573446768508,30.099063959754154,162.47999572753906,163.46167383773977,30.35742334809095,5.94000244140625,1.8124815406027608,0.6558394526327547,67444600,3440000,37396500
2024-06-11,158.9600067138672,163.2399444580078,30.7250919342041,161.5399932861328,163.89551947469107,30.834399141756844,156.9199981689453,160.82006590257453,30.337550955172254,160.5,163.87623352982814,30.57603785729381,4.6199951171875,3.075453572116544,0.4968481865845895,40497100,2951300,25326900
2024-06-12,160.24000549316406,162.93142700195312,30.56610107421875,162.24000549316406,166.2768249344246,31.281561790135704,158.6199951171875,162.06375073066764,30.198432577294135,160.32000732421875,165.1970474037821,31.26168740752887,3.6200103759765625,4.213074203756975,1.0831292128415697,48325800,3522700,51323900
2024-06-13,159.89999389648438,163.047119140625,30.26799201965332,162.66000366210938,163.50024323736542,30.387236423902817,157.30999755859375,162.29512908877197,29.950009468755333,160.39999389648438,162.94106850711412,30.18849638192882,5.350006103515625,1.2051141485934522,0.43722695514748366,44442500,3525700,33787200
2024-06-14,159.6300048828125,163.13389587402344,30.258056640625,161.33999633789062,163.3845543169234,30.36736195761891,157.61000061035156,161.22498450201883,30.01956783277801,158.5,162.24691892958944,30.099065365610674,3.7299957275390625,2.159569814904586,0.34779412484090244,34054000,2777700,28125900
2024-06-17,158.39999389648438,163.41348266601562,30.784713745117188,159.22999572753906,163.62558393838066,30.804588127819695,154.13999938964844,161.48529997969095,29.989757390271375,158.0,162.70004977616358,30.14874866124054,5.089996337890625,2.1402839586897073,0.8148307375483199,44507700,3239800,36235300
2024-06-18,154.6300048828125,164.42578125,30.436920166015625,157.24000549316406,164.6185965761443,31.27162530099019,153.33999633789062,162.3337048040581,30.307740466821567,156.99000549316406,163.89552806995334,30.79465147966915,3.9000091552734375,2.284891772086212,0.9638848341686241,51852000,3386400,33294700
2024-06-20,161.77999877929688,167.6747589111328,30.426984786987305,166.82000732421875,168.0218323712528,30.913895798509436,155.5,165.07171531566584,30.258056322146935,155.82000732421875,167.82901705137857,30.367361637990363,11.32000732421875,2.950117055586958,0.6558394763625017,93245700,4723100,43826300
2024-06-21,161.22999572753906,166.26719665527344,30.894020080566406,163.1999969482422,168.67742497173077,31.162318553482905,157.88999938964844,165.24524749196792,30.476667532249213,161.75,167.72296926250183,30.65553318086021,5.30999755859375,3.4321774797628564,0.6856510212336921,61293900,10181500,90795200
2024-06-24,160.25,168.72560119628906,30.37729835510254,163.39999389648438,172.05172771498422,31.221940666114026,158.19000244140625,167.89648214843334,30.337551485050767,159.75,168.7159655798815,30.943704994449813,5.209991455078125,4.155245566550889,0.8843891810632591,45954100,4864700,40611800
2024-06-25,160.25,166.4021759033203,30.546226501464844,161.0,169.43905782638822,30.635659327313434,156.4499969482422,165.26454044009836,30.099064267547327,160.72999572753906,168.8509615038193,30.506479631824043,4.5500030517578125,4.174517386289864,0.5365950597661069,40572300,4069800,29323600
2024-06-26,157.5399932861328,165.6983642578125,30.347488403320312,160.74000549316406,166.4792758440396,30.48660529023788,156.0,164.29079922139132,30.079189925414628,160.60000610351562,165.12955393091443,30.446856525218326,4.7400054931640625,2.188476622648267,0.407415364823251,36973400,2779000,30743000
2024-06-27,159.47000122070312,164.71499633789062,30.397172927856445,160.61000061035156,166.30574101982117,30.466731372376067,156.80999755859375,164.35827257115554,30.099064766965085,157.17999267578125,164.97529038418577,30.228244464597882,3.8000030517578125,1.9474684486656315,0.3676666054109816,34018200,2894000,30184300
2024-06-28,162.2100067138672,166.7395782470703,30.774776458740234,166.4499969482422,167.23127419805462,31.11263338233784,159.41000366210938,164.40647919434596,30.526352361702315,160.22999572753906,164.71499545463925,30.556163935664028,7.0399932861328125,2.824795003708658,0.5862810206355249,56204600,4193300,41467700
2024-07-01,157.69000244140625,168.8123779296875,30.645597457885742,161.50999450683594,170.12354257284318,30.824463115065406,153.63999938964844,167.15413986008284,30.417047738300834,161.25,167.22161859560276,30.71515590338328,7.8699951171875,2.969402712760342,0.40741537676457185,50436700,3321000,32401800
2024-07-02,164.30999755859375,170.93336486816406,30.874147415161133,164.5800018310547,171.11654454150707,31.112634328128223,156.6999969482422,168.0603773428773,30.39717358922695,157.0399932861328,168.5616941520793,30.66547207706199,7.8800048828125,3.0561671986297654,0.7154607389012746,57838600,2883300,35999300
2024-07-03,163.89999389648438,169.4197540283203,31.033138275146484,165.25999450683594,171.58895937647696,31.14244548620724,162.50999450683594,168.8798652731842,30.71515572877935,164.1999969482422,171.49255907641137,30.923832959411207,2.75,2.709094103292756,0.4272897574278893,26980900,1649000,24065700
2024-07-05,171.89999389648438,169.6993408203125,31.818159103393555,174.0399932861328,169.7668195561253,32.13614164734713,165.67999267578125,167.7036649318527,31.112633675586775,165.97000122070312,169.42939645533212,31.2020665029894,8.360000610351562,2.063154624272613,1.0235079717603561,61857100,2086000,45309400
2024-07-08,178.69000244140625,171.2611541748047,33.77574157714844,178.9499969482422,172.17703784051912,33.87510969875,173.22000122070312,169.68968086642715,32.613114843025684,174.89999389648438,170.0753261594242,32.82179017277948,5.7299957275390625,2.4873569740919663,1.2619948557243177,60223400,2503000,82315900
2024-07-09,177.10000610351562,170.14283752441406,34.3719596862793,180.41000366210938,171.31903014963456,34.99798949894323,174.6999969482422,169.2751611927639,33.507444853034585,177.97000122070312,171.22262984104376,34.79924945469186,5.7100067138671875,2.0438689568706536,1.490544645908642,43395600,2512700,97546900
2024-07-10,183.9600067138672,171.4539794921875,34.65019226074219,187.27999877929688,171.82033886424279,34.7495641747144,177.8000030517578,168.18571083609174,33.91485905060243,179.99000549316406,170.25851579114746,34.22290250728898,9.479995727539062,3.6346280281510417,0.8347051241119701,90247000,3462200,52256200
2024-07-11,181.94000244140625,171.9071044921875,33.2888298034668,187.11000061035156,172.99653228718535,34.928430399599435,177.25,170.2777879633069,33.10002884981283,184.07000732421875,171.2708007511694,34.809184100885474,9.860000610351562,2.7187443238784397,1.828401549786605,59231400,2806800,55213700
2024-07-12,181.61000061035156,176.2648162841797,34.27259063720703,186.99000549316406,177.54705949405016,35.25634795426933,179.69000244140625,172.09029913919665,33.55712801341558,182.02000427246094,172.14814226416036,33.55712801341558,7.3000030517578125,5.456760354853515,1.6992199408537516,50827400,4785600,62792600
2024-07-15,179.8300018310547,176.31301879882812,34.242774963378906,185.5,178.26047260149602,35.00792159998404,178.5399932861328,176.04307441606494,34.093722786783545,184.4499969482422,176.79506444102887,34.48126375284248,6.9600067138671875,2.2173981854310796,0.9141988132004926,42202700,2925700,39847900
2024-07-16,177.5500030517578,179.13780212402344,34.12353515625,179.75,179.89944248921356,34.232842368767805,174.52999877929688,177.89413081963247,33.626686947097056,179.69000244140625,178.03873863030614,34.143409539494236,5.220001220703125,2.00531166958109,0.6061554216707492,40633100,3374500,28409900
2024-07-17,159.42999267578125,180.7189178466797,34.242774963378906,169.8000030517578,181.19132789685423,36.925755839253235,159.3699951171875,178.42439047222152,34.18315560900105,169.8000030517578,178.78109955877937,35.85256576329393,10.430007934570312,2.766937424632715,2.7426002302521866,76954200,4225300,112304200
2024-07-18,155.77000427246094,178.5690155029297,34.65019226074219,163.41000366210938,182.66640407266166,36.07117841001198,153.1999969482422,178.4533292390267,34.31233533453851,163.41000366210938,179.93802356563012,34.73962508799172,10.210006713867188,4.213074833634977,1.7588430754734716,69420300,3487800,84188600
2024-07-19,151.5800018310547,176.6697235107422,32.7721061706543,155.80999755859375,180.28506573811072,34.362022653681926,150.6199951171875,175.41640192974805,32.64292457982029,154.86000061035156,179.63912635879137,34.35208356711346,5.19000244140625,4.868663808362669,1.7190980738616375,47513100,3816000,69628700
2024-07-22,155.8699951171875,177.5373992919922,33.15964889526367,156.6999969482422,178.3279611848371,33.19939766232487,152.5399932861328,176.2937280418433,32.55349346485917,154.22999572753906,176.8143308484285,33.07021606470152,4.160003662109375,2.0342331429937985,0.6459041974656969,43912500,2488500,48503700
2024-07-23,154.0,177.4892120361328,32.7422981262207,157.0500030517578,178.723247708119,33.020531913608885,153.8000030517578,176.4383413517715,32.623055616004486,154.9499969482422,177.73987047514495,32.75223342263411,3.25,2.2849063563475056,0.39747629760439906,31950600,2180200,29466400
2024-07-24,144.6300048828125,177.41209411621094,31.50017547607422,153.67999267578125,178.42439297457284,32.59323995949019,144.52999877929688,176.5733246394083,31.460426711784343,152.72000122070312,177.52778037058377,32.32494148650973,9.149993896484375,1.8510683351645412,1.1328132477058475,49203100,6962100,62216700
2024-07-25,138.32000732421875,185.0862579345703,30.90395736694336,144.75,189.2125678400505,31.78834652633028,136.80999755859375,178.64613461492314,30.754903291082982,144.07000732421875,180.09227167649425,31.17225584068728,7.94000244140625,10.566433225127355,1.0334432352472973,60578500,9532800,49774000
2024-07-26,139.99000549316406,184.86448669433594,31.152381896972656,141.2899932861328,186.6191397309546,31.361057227049322,138.27000427246094,182.8109677409197,30.824462167334016,140.32000732421875,183.66900831628152,31.23187753157216,3.019989013671875,3.808171990034907,0.5365950597153066,49435800,4294900,38352500
2024-07-29,139.75,184.62347412109375,30.63566017150879,144.58999633789062,186.34919098343983,31.27162526588968,138.75,182.38677536295458,30.595913300772725,141.19000244140625,186.24314035765107,31.221941203638227,5.839996337890625,3.9624156204852454,0.6757119651169532,47447200,3336800,32342200
2024-07-30,138.44000244140625,184.1800079345703,29.94007110595703,141.6999969482422,185.84789658818627,30.715154964946016,134.0500030517578,182.30003271460834,29.820828601697457,139.8800048828125,184.60421048899596,30.655533712816226,7.649993896484375,3.5478638735779384,0.8943263632485596,68801700,3065000,48256600
2024-07-31,144.47999572753906,185.24050903320312,30.546226501464844,153.60000610351562,187.56397268761737,30.675408092279664,140.02999877929688,183.16771854153987,30.08912707630577,150.72999572753906,184.14144549668376,30.34748836260998,13.57000732421875,4.396254146077496,0.5862810159738956,114306800,5558400,56110600
2024-08-01,132.5399932861328,182.8495635986328,28.866878509521484,147.2899932861328,186.68664293983886,30.516414316046976,130.24000549316406,181.52874848455528,28.70788724349436,145.0,185.88644537754843,30.238180548162198,17.04998779296875,5.157894455283582,1.808527072552618,94731900,4085400,107672500
2024-08-02,132.5,182.3289337158203,21.3445987701416,137.10000610351562,182.46390590329128,21.8414469830145,131.3300018310547,179.0317433840023,20.291281089542203,133.5,182.0011462192287,21.801700111553938,5.7700042724609375,3.4321625192889655,1.5501658934722968,78562000,4548800,300895900
2024-08-05,134.82000732421875,176.72756958007812,19.983234405517578,139.13999938964844,178.60754462749065,20.26146817330116,121.83000183105469,175.28143266501226,19.168403693593557,122.16000366210938,177.92304805911078,20.072667229540986,17.30999755859375,3.326111962478393,1.0930644797076035,76089400,4975000,147385700
2024-08-06,130.17999267578125,180.09225463867188,19.704999923706055,136.44000244140625,182.1168375068134,20.4999563012095,129.10000610351562,177.04572265324114,19.62550428595571,135.14999389648438,178.0676570596648,20.191910941842604,7.339996337890625,5.071114853572254,0.8744520152537909,64455600,3632500,106670400
2024-08-07,128.6699981689453,180.09225463867188,18.989999771118164,136.24000549316406,183.05200722835932,20.25,128.3699951171875,179.99583962600846,18.950000762939453,133.75,181.32629030426259,19.920000076293945,7.8700103759765625,3.056167602350854,1.2999992370605469,54676500,3801900,97972300
2024-08-08,136.32000732421875,185.69363403320312,20.489999771118164,136.47999572753906,185.95394281467284,20.549999237060547,128.94000244140625,180.28508101433832,18.84000015258789,131.97000122070312,180.76712668549965,19.100000381469727,7.5399932861328125,5.6688618003345255,1.7099990844726562,49037500,3712700,96836800
2024-08-09,134.27000427246094,186.18959045410156,19.709999084472656,135.5,187.33717571172699,20.149999618530273,132.44000244140625,183.84580564347897,19.5,134.69000244140625,185.92700499726317,20.079999923706055,3.05999755859375,3.491370068248017,0.6499996185302734,40583000,2773700,76394500
2024-08-12,136.77000427246094,184.27374267578125,19.360000610351562,137.99000549316406,186.3160478956592,19.969999313354492,133.22999572753906,183.80693556592047,19.0,134.44000244140625,185.99511337027664,19.8700008392334,4.760009765625,2.509112329738741,0.9699993133544922,39724300,2290300,54677600
2024-08-13,141.1300048828125,185.7422637939453,20.469999313354492,141.19000244140625,186.05346358932485,20.479999542236328,137.52000427246094,184.0111731959669,19.469999313354492,138.1199951171875,185.0614854899621,19.479999542236328,3.6699981689453125,2.042290393357945,1.010000228881836,42218000,2178900,77511300
2024-08-14,140.75,187.03570556640625,19.920000076293945,143.25,187.78453789256,20.5,137.63999938964844,185.4893820976139,19.790000915527344,143.0,185.89784014084213,20.489999771118164,5.6100006103515625,2.2951557949460835,0.7099990844726562,35506400,1895100,56758200
2024-08-15,147.36000061035156,188.6209259033203,20.690000534057617,147.9600067138672,188.91268591511079,21.059999465942383,141.80999755859375,187.9693369527223,20.229999542236328,143.0,188.19301319796506,20.31999969482422,6.1500091552734375,0.9433489623884839,0.8299999237060547,43582400,2472000,84814900
2024-08-16,148.55999755859375,188.45559692382812,20.8700008392334,149.3699951171875,189.0099424249804,20.899999618530273,145.1999969482422,187.56087711172364,20.40999984741211,145.6999969482422,188.2610951976368,20.530000686645508,4.1699981689453125,1.4490653132567672,0.48999977111816406,31123900,2494400,48582700
2024-08-19,155.27999877929688,189.37948608398438,21.520000457763672,155.3699951171875,190.15750780704494,21.860000610351562,147.72000122070312,188.39724274783262,20.84000015258789,148.42999267578125,188.51394081245616,20.889999389648438,7.649993896484375,1.7602650592123155,1.0200004577636719,60766900,2361400,65956300
2024-08-20,156.39999389648438,190.64378356933594,20.989999771118164,162.0399932861328,190.81884551869413,21.229999542236328,154.50999450683594,188.42643114100684,20.81999969482422,156.49000549316406,189.24334733259522,21.209999084472656,7.529998779296875,2.392414377687288,0.4099998474121094,76851200,1790400,84161300
2024-08-21,157.80999755859375,191.79135131835938,21.40999984741211,158.64999389648438,191.90804938079788,21.440000534057617,155.07000732421875,188.78624265479922,21.06999969482422,156.1199951171875,190.5854169282187,21.06999969482422,3.579986572265625,3.1218067259986526,0.37000083923339844,42791200,2579300,57028900
2024-08-22,151.6999969482422,190.57569885253906,20.100000381469727,159.83999633789062,192.48183647500775,21.399999618530273,151.00999450683594,190.1964153064692,20.040000915527344,158.8699951171875,191.8302475542995,21.389999389648438,8.830001831054688,2.285421168538562,1.3599987030029297,45737300,1969500,81444700
2024-08-23,154.97999572753906,190.71185302734375,20.540000915527344,156.39999389648438,191.95668184669415,20.93000030517578,151.8300018310547,189.0488314111248,20.260000228881836,153.60000610351562,191.3828817375243,20.31999969482422,4.5699920654296875,2.907850435569344,0.6700000762939453,43694600,2322000,73398400
2024-08-26,149.99000549316406,192.54019165039062,20.1299991607666,158.27999877929688,192.900035423704,20.559999465942383,148.91000366210938,190.51734106029576,19.950000762939453,154.6999969482422,190.61459934271136,20.530000686645508,9.3699951171875,2.382694363408234,0.6099987030029297,49893300,2567200,58534800
2024-08-27,150.5,193.26956176757812,20.06999969482422,151.6999969482422,193.92115063328046,20.260000228881836,148.44000244140625,191.5579260086971,19.84000015258789,150.1300048828125,192.01501317172435,20.1299991607666,3.2599945068359375,2.363224624583353,0.4200000762939453,35102700,2617100,43862000
2024-08-28,146.36000061035156,193.0070037841797,19.610000610351562,150.42999267578125,194.5046833163223,20.110000610351562,144.72000122070312,192.06365488293315,19.510000228881836,149.39999389648438,193.5321598997407,19.979999542236328,5.709991455078125,2.441028433389164,0.6000003814697266,34075800,2645200,50144900
2024-08-29,145.49000549316406,193.43490600585938,20.1299991607666,149.49000549316406,195.5939092267599,20.600000381469727,144.47000122070312,192.8222263304087,19.75,146.58999633789062,193.8239242850257,19.760000228881836,5.0200042724609375,2.7716828963511944,0.8500003814697266,31602100,2989600,64529700
2024-08-30,148.55999755859375,196.57615661621094,22.040000915527344,148.99000549316406,196.61505102222947,22.1200008392334,145.25,193.26956820252602,21.0,147.52000427246094,193.63913183758348,21.25,3.7400054931640625,3.3454828197034487,1.1200008392333984,31169100,4751000,177785400
2024-09-03,136.94000244140625,195.74951171875,20.100000381469727,146.49000549316406,199.09499463955893,21.690000534057617,136.10000610351562,194.70891938160247,19.989999771118164,146.41000366210938,196.36220621864513,21.540000915527344,10.389999389648438,4.386075257956463,1.7000007629394531,42172700,3874700,115305500
2024-09-04,140.8699951171875,198.50177001953125,19.43000030517578,143.3699951171875,198.74490089188677,20.049999237060547,138.50999450683594,194.99095962913614,19.280000686645508,140.50999450683594,195.24381039415482,19.760000228881836,4.8600006103515625,3.7539412627506294,0.7699985504150391,42130600,3142500,85871900
2024-09-05,139.44000244140625,197.0235137939453,19.399999618530273,141.7100067138672,200.29119304054123,19.899999618530273,137.8300018310547,195.43831072874983,19.239999771118164,138.1999969482422,198.4725790150426,19.280000686645508,3.8800048828125,4.852882311791404,0.6599998474121094,25023000,3229200,65388800
2024-09-06,134.35000610351562,195.22434997558594,18.889999389648438,139.1300048828125,198.4920291482648,19.489999771118164,132.11000061035156,193.8628083305777,18.639999389648438,138.6999969482422,196.81928773608817,19.440000534057617,7.0200042724609375,4.629220817687099,0.8500003814697266,39993500,3304500,92686500
2024-09-09,138.14999389648438,197.9376983642578,19.06999969482422,138.4499969482422,199.41593817656678,19.540000915527344,134.86000061035156,195.89539316515288,18.950000762939453,136.10000610351562,196.3913896263948,19.0,3.589996337890625,3.520545011413901,0.5900001525878906,27194500,3705000,64244100
2024-09-10,142.83999633789062,199.6785125732422,18.979999542236328,143.0800018310547,200.17449416740178,19.110000610351562,137.25,197.29581836013625,18.510000228881836,139.05999755859375,198.58927626911307,19.030000686645508,5.8300018310546875,2.878675807265523,0.6000003814697266,37217500,3070600,55621300
2024-09-11,149.86000061035156,204.1229248046875,19.639999389648438,150.16000366210938,204.34660101953517,19.690000534057617,140.7100067138672,197.46113393877866,18.520000457763672,145.32000732421875,202.05144532594966,19.010000228881836,9.449996948242188,6.885467080756513,1.1700000762939453,50935400,5554300,71403100
2024-09-12,150.77000427246094,205.79568481445312,19.360000610351562,151.5399932861328,206.80710265815057,19.540000915527344,147.64999389648438,202.54746010082235,19.040000915527344,148.42999267578125,204.22992148945278,19.43000030517578,3.8899993896484375,4.25964255732822,0.5,29233700,4615300,51520600
2024-09-13,152.30999755859375,208.8883056640625,19.65999984741211,153.02999877929688,210.15258911919557,19.799999237060547,150.6999969482422,206.3014045605486,19.489999771118164,152.32000732421875,206.64177886493007,19.489999771118164,2.3300018310546875,3.8511845586469633,0.3099994659423828,25117200,4572300,44236300
2024-09-16,152.0800018310547,211.1931915283203,20.90999984741211,154.44000244140625,211.9128493689078,21.06999969482422,150.91000366210938,209.59825369739605,19.760000228881836,151.6999969482422,209.94836272562478,20.030000686645508,3.529998779296875,2.3145956715117677,1.3099994659423828,27677800,4176100,149337000
2024-09-17,150.82000732421875,208.2464599609375,21.469999313354492,154.0399932861328,212.82703729526798,22.579999923706055,149.22999572753906,207.14750366701196,21.239999771118164,153.5500030517578,211.28072850543825,21.709999084472656,4.80999755859375,5.679533628256024,1.3400001525878906,29889000,5635200,196249800
2024-09-18,148.2899932861328,209.0341796875,20.770000457763672,152.82000732421875,210.90142281436465,21.739999771118164,148.00999450683594,207.72126717602632,20.719999313354492,150.89999389648438,208.2464381164275,21.360000610351562,4.8100128173828125,3.1801556383383343,1.0200004577636719,26320100,3482800,118727900
2024-09-19,156.74000549316406,208.01304626464844,21.139999389648438,159.25,212.47692547037448,21.690000534057617,152.77000427246094,204.5897594645709,21.030000686645508,153.80999755859375,212.01983824822506,21.280000686645508,6.4799957275390625,7.887166005803579,0.6599998474121094,44500000,5279600,99829200
2024-09-20,155.9499969482422,211.7183380126953,21.84000015258789,157.4499969482422,211.86422542420837,23.139999389648438,152.47000122070312,207.86715371702928,20.350000381469727,156.0,208.44093895287142,20.889999389648438,4.9799957275390625,3.9970717071790887,2.789999008178711,40248200,9958800,260377900
2024-09-23,156.75,214.44142150878906,22.559999465942383,157.19000244140625,214.55811957456592,22.81999969482422,154.97000122070312,211.30017490887616,22.030000686645508,156.4499969482422,212.01011287490257,22.43000030517578,2.220001220703125,3.257944665689763,0.7899990081787109,21728500,4074800,184439100
2024-09-24,158.32000732421875,214.89849853515625,22.809999465942383,159.63999938964844,215.11245487196138,23.110000610351562,154.5800018310547,212.16571013449857,22.290000915527344,157.4600067138672,213.74119330594576,22.530000686645508,5.05999755859375,2.946744737462808,0.8199996948242188,27531200,3183900,113082500
2024-09-25,162.02000427246094,215.15135192871094,23.540000915527344,162.9499969482422,215.75432653964694,24.059999465942383,158.17999267578125,214.1107595864604,22.729999542236328,158.5,215.09300289786898,22.799999237060547,4.7700042724609375,1.6435669531865358,1.3299999237060547,35233300,2537800,117013400
2024-09-26,167.49000549316406,217.29090881347656,23.920000076293945,168.67999267578125,217.84525430678534,24.420000076293945,164.0500030517578,215.27779297460802,23.25,167.05999755859375,216.00718556715304,24.280000686645508,4.6299896240234375,2.5674613321773165,1.1700000762939453,38044900,2673200,95416900
2024-09-27,164.35000610351562,214.77206420898438,23.90999984741211,168.72999572753906,217.9911142903754,24.65999984741211,163.74000549316406,214.7039952875034,23.700000762939453,167.47999572753906,216.87271831559107,24.15999984741211,4.989990234375,3.2871190028720036,0.9599990844726562,27876000,3830300,85883300
2024-09-30,164.0800018310547,215.00547790527344,23.459999084472656,165.0800018310547,215.23888886660075,23.950000762939453,162.17999267578125,213.0020820490186,23.09000015258789,163.10000610351562,214.58728512116988,23.739999771118164,2.9000091552734375,2.236806817582135,0.8600006103515625,21881600,3543400,66308200
2024-10-01,159.75,213.3230438232422,22.690000534057617,165.39999389648438,215.024960013363,23.719999313354492,158.0800018310547,209.96782574823592,22.260000228881836,164.47999572753906,214.56787276371088,23.459999084472656,7.3199920654296875,5.057134265127075,1.4599990844726562,31831900,3548400,86344400
2024-10-02,159.77999877929688,213.69256591796875,22.389999389648438,163.10000610351562,214.14965311038452,23.06999969482422,158.6699981689453,209.8705560182923,22.350000381469727,159.30999755859375,212.31158444879782,22.670000076293945,4.4300079345703125,4.279097092092229,0.7199993133544922,24630400,3343400,59033900
2024-10-03,162.85000610351562,216.60043334960938,22.260000228881836,166.7899932861328,216.70741152732256,22.729999542236328,159.39999389648438,213.24523026974057,21.649999618530273,159.7100067138672,213.46890651785694,22.139999389648438,7.3899993896484375,3.462181257581989,1.0799999237060547,29598800,3788300,49565900
2024-10-04,170.89999389648438,219.79029846191406,22.59000015258789,171.2100067138672,219.8681021182194,22.90999984741211,164.4199981689453,217.13531361343814,22.299999237060547,166.52999877929688,217.60212071174016,22.700000762939453,6.790008544921875,2.7327885047812686,0.6100006103515625,44556500,3553800,49845500
2024-10-07,170.97000122070312,220.8795166015625,22.3799991607666,172.41000366210938,221.4144074557956,22.649999618530273,168.2100067138672,218.83722630294048,22.020000457763672,171.0800018310547,219.18733533120854,22.399999618530273,4.1999969482421875,2.5771811528551325,0.6299991607666016,38379900,3458000,54928700
2024-10-08,172.8000030517578,222.33828735351562,23.31999969482422,173.60000610351562,223.04824009569046,23.420000076293945,170.0,220.8016986533363,22.049999237060547,171.75,221.84230577871293,22.25,3.600006103515625,2.2465414423541574,1.3700008392333984,34730200,3245100,58650500
2024-10-09,171.02000427246094,227.86224365234375,23.459999084472656,174.0500030517578,228.4943779489043,23.479999542236328,169.5500030517578,222.2216047648059,23.059999465942383,174.0500030517578,222.90236820099344,23.25,4.5,6.272773184098384,0.4200000762939453,33890700,5083600,44759000
2024-10-10,164.17999267578125,226.61741638183594,23.219999313354492,172.00999450683594,229.3502048767808,23.530000686645508,162.0,225.44065648880704,22.959999084472656,169.75999450683594,228.64026691990372,23.190000534057617,10.009994506835938,3.909548387973757,0.5700016021728516,75113600,3142000,44874600
2024-10-11,167.88999938964844,226.85079956054688,23.559999465942383,169.35000610351562,227.0258614864929,23.81999969482422,163.00999450683594,224.12774595275766,22.979999542236328,164.19000244140625,226.84107966892236,23.049999237060547,6.3400115966796875,2.898115533735222,0.8400001525878906,42136200,3469200,43585300
2024-10-14,165.27000427246094,228.7958526611328,23.440000534057617,168.89999389648438,229.63222338938584,23.770000457763672,165.14999389648438,226.7632822906849,23.270000457763672,167.77000427246094,227.15230055936632,23.579999923706055,3.75,2.8689410987009296,0.5,31757200,2524400,35403600
2024-10-15,156.63999938964844,226.55908203125,22.65999984741211,164.1300048828125,230.84789940603605,23.719999313354492,155.74000549316406,226.31595115523925,22.469999313354492,163.2100067138672,229.90455041995185,23.40999984741211,8.389999389648438,4.531948250796802,1.25,50768000,3350600,68900600
2024-10-16,156.1300048828125,227.2495574951172,22.309999465942383,158.27999877929688,227.45379395324744,22.540000915527344,154.9199981689453,224.7696196782641,21.739999771118164,158.07000732421875,225.73242325596863,22.3799991607666,3.3600006103515625,2.6841742749833486,0.8000011444091797,30575800,2846700,62151800
2024-10-17,156.25,226.48126220703125,22.440000534057617,160.44000244140625,226.74383284992183,22.81999969482422,156.1999969482422,224.3222589949736,22.399999618530273,160.0,225.62543683590067,22.719999313354492,4.2400054931640625,2.4215738549482353,0.4200000762939453,29491900,5040100,43807600
2024-10-18,155.97000122070312,225.81991577148438,22.770000457763672,158.00999450683594,226.2575483050116,22.81999969482422,155.55999755859375,223.84569458551587,22.5,157.41000366210938,225.54761042442172,22.610000610351562,2.4499969482421875,2.411853719495724,0.31999969482421875,23823000,4715700,39971700
2024-10-21,157.89999389648438,225.38229370117188,22.84000015258789,158.0,226.0338825861448,22.8799991607666,154.14999389648438,223.93322852025855,22.25,155.75999450683594,224.85713760446487,22.610000610351562,3.850006103515625,2.1006540658862605,0.6299991607666016,25781200,2733300,39727000
2024-10-22,154.08999633789062,225.8685760498047,22.399999618530273,156.74000549316406,226.5687941358083,22.81999969482422,151.91000366210938,224.33198718549292,22.170000076293945,156.60000610351562,225.61572528967636,22.729999542236328,4.8300018310546875,2.2368069503153833,0.6499996185302734,34997400,3180800,50160400
2024-10-23,152.91000366210938,226.35484313964844,21.979999542236328,153.4499969482422,226.9286284393958,22.43000030517578,150.52000427246094,223.93325429830787,21.579999923706055,153.0,224.0791417260691,22.299999237060547,2.92999267578125,2.9953741410879218,0.8500003814697266,26095900,5791000,45799100
2024-10-24,153.44000244140625,212.38938903808594,22.34000015258789,155.19000244140625,215.23889037440782,22.3700008392334,152.35000610351562,210.22066596718872,21.969999313354492,154.74000549316406,214.7331740410874,22.09000015258789,2.839996337890625,5.018224407219094,0.40000152587890625,22877000,11193400,40554400
2024-10-25,156.22999572753906,208.7716064453125,22.68000030517578,158.91000366210938,212.64224560668185,23.34000015258789,155.0500030517578,208.49930106749937,22.40999984741211,155.39999389648438,210.8430861346688,22.420000076293945,3.8600006103515625,4.14294453918248,0.9300003051757812,29758500,8482200,67503000
2024-10-28,159.9199981689453,207.05996704101562,22.920000076293945,160.27999877929688,210.30819173570066,23.270000457763672,157.0399932861328,206.85573059132423,22.559999465942383,158.5,209.57879916320692,22.670000076293945,3.2400054931640625,3.4524611443764286,0.7100009918212891,36010100,4993300,41915000
2024-10-29,166.25,204.64810180664062,22.899999618530273,167.50999450683594,207.4781485985854,23.139999389648438,158.94000244140625,204.0840512662294,22.40999984741211,161.10000610351562,206.16525084899843,22.8700008392334,8.569992065429688,3.394097332355983,0.7299995422363281,71896000,5258400,83422200
2024-10-30,148.60000610351562,199.27005004882812,22.299999237060547,153.1199951171875,205.3191471277644,22.93000030517578,148.10000610351562,198.6476356310371,22.260000228881836,153.00999450683594,203.72420925470428,22.420000076293945,5.019989013671875,6.671511496727305,0.6700000762939453,87701700,6956600,50941200
2024-10-31,144.07000732421875,201.0400390625,21.520000457763672,148.67999267578125,202.41130062226605,22.25,143.3300018310547,197.9182324093656,21.469999313354492,147.8000030517578,198.52120701012714,22.149999618530273,5.3499908447265625,4.493068212900454,0.7800006866455078,44386600,5925300,112485500
2024-11-01,141.86000061035156,202.52801513671875,23.200000762939453,144.5399932861328,204.0743239116894,23.579999923706055,141.32000732421875,201.7110989732849,21.90999984741211,144.44000244140625,202.06120802040377,23.0,3.2199859619140625,2.3632249384044997,1.6700000762939453,39027400,3334100,173471100
2024-11-04,140.7100067138672,200.6510467529297,22.520000457763672,143.63999938964844,201.99311903258678,23.0,139.72000122070312,200.14533040026728,22.0,141.6999969482422,201.94448989183516,22.959999084472656,3.9199981689453125,1.8477886323194923,1.0,29117400,2593900,84616300
2024-11-05,141.66000366210938,201.86669921875,23.31999969482422,143.0800018310547,202.40157524351108,23.579999923706055,140.8000030517578,199.92165232280382,22.399999618530273,141.94000244140625,200.50515748786958,22.579999923706055,2.279998779296875,2.479922920707253,1.1800003051757812,27067300,2441500,59153300
2024-11-06,145.10000610351562,207.7310028076172,25.049999237060547,145.6300048828125,208.44094072987303,25.1200008392334,141.52000427246094,204.58974156184553,24.049999237060547,144.9499969482422,207.61428990950589,24.299999237060547,4.1100006103515625,3.851199168027506,1.0700016021728516,32911500,3934400,116760500
2024-11-07,149.82000732421875,207.81854248046875,26.229999542236328,150.1199951171875,208.62573874054274,26.3799991607666,145.66000366210938,206.1068916776013,25.190000534057617,146.67999267578125,207.76991333910902,25.43000030517578,4.459991455078125,2.5188470629414326,1.1899986267089844,30326400,3675800,101489300
2024-11-08,147.9499969482422,207.84771728515625,26.200000762939453,150.7100067138672,210.74583307193697,26.43000030517578,147.52999877929688,206.9335428486373,25.829999923706055,149.38999938964844,208.2756299864656,26.0,3.1800079345703125,3.8122902232996694,0.6000003814697266,27560300,3201000,76428000
2024-11-11,147.35000610351562,207.70184326171875,25.049999237060547,148.57000732421875,209.4912828734079,26.290000915527344,144.91000366210938,207.6143048719442,24.829999923706055,147.3800048828125,208.50902467778877,25.959999084472656,3.660003662109375,1.8769780014636979,1.460000991821289,29868100,3013000,80185300
2024-11-12,143.6300048828125,206.6824493408203,24.15999984741211,147.4499969482422,208.80945557872457,24.959999084472656,141.5500030517578,204.91810788923448,23.889999389648438,147.0,207.70183831480188,24.65999984741211,5.899993896484375,3.8913476894900896,1.0699996948242188,33560300,2817800,62539700
2024-11-13,139.3000030517578,206.74124145507812,24.920000076293945,144.49000549316406,207.2215389368532,25.139999389648438,139.07000732421875,204.9279027141355,24.020000457763672,142.86000061035156,205.34937635522857,24.059999465942383,5.4199981689453125,2.29363622271768,1.1199989318847656,35146600,3247800,58202000
2024-11-14,138.83999633789062,204.8494873046875,25.030000686645508,141.39999389648438,206.32956574110995,25.610000610351562,138.55999755859375,202.26179168652618,24.93000030517578,140.33999633789062,205.83947176072724,25.1200008392334,2.839996337890625,4.067774054583765,0.6800003051757812,31681400,6372900,49252100
2024-11-15,134.89999389648438,200.92874145507812,24.350000381469727,137.35000610351562,204.35939942008912,24.81999969482422,133.64999389648438,200.02697029905303,24.229999542236328,136.57000732421875,203.34980698690444,24.809999465942383,3.70001220703125,4.3324291210360855,0.5900001525878906,44217500,3986500,55104900
2024-11-18,138.92999267578125,203.96731567382812,24.84000015258789,140.89999389648438,204.2907795059788,25.020000457763672,137.2100067138672,201.30120313896367,24.15999984741211,138.19000244140625,202.89891435206133,24.329999923706055,3.6899871826171875,2.9895763670151325,0.8600006103515625,38705400,3405900,59589500
2024-11-19,139.38999938964844,206.0845184326172,24.200000762939453,139.75,206.16293526413506,24.540000915527344,137.13999938964844,202.1049577110933,24.100000381469727,137.41000366210938,202.40881358542427,24.5,2.6100006103515625,4.057977553041752,0.4400005340576172,23131400,2860700,61190900
2024-11-20,137.60000610351562,210.3483428955078,24.010000228881836,140.77000427246094,210.70121116053616,24.209999084472656,135.47999572753906,205.6140332382446,23.549999237060547,138.9600067138672,206.81966024522424,24.06999969482422,5.290008544921875,5.087177922291573,0.6599998474121094,28843100,4562900,50191500
2024-11-21,137.49000549316406,217.99378967285156,24.440000534057617,140.27999877929688,218.21924366544204,24.770000457763672,134.92999267578125,211.00505990160696,23.829999923706055,138.8699951171875,211.5343548030123,24.079999923706055,5.350006103515625,7.214183763835081,0.9400005340576172,29311400,5236400,58928400
2024-11-22,138.35000610351562,218.55250549316406,24.5,139.1300048828125,222.69869627855124,24.68000030517578,137.0399932861328,216.5137127895779,24.139999389648438,137.35000610351562,218.9249816952703,24.350000381469727,2.0900115966796875,6.18498348897333,0.5400009155273438,21784700,5320700,36784700
2024-11-25,141.1300048828125,221.64990234375,24.8700008392334,142.35000610351562,221.9341502638126,25.56999969482422,139.0500030517578,218.23883756411345,24.760000228881836,140.49000549316406,218.924981083229,25.040000915527344,3.3000030517578125,3.6953126996991443,0.8099994659423828,30923100,7189300,91128400
2024-11-26,137.72000122070312,224.29641723632812,24.049999237060547,142.8000030517578,224.44343945072114,24.989999771118164,136.6199951171875,221.04218596393395,23.809999465942383,142.5500030517578,222.238016495936,24.950000762939453,6.1800079345703125,3.4012534867871977,1.1800003051757812,32092400,4449500,69613600
2024-11-27,136.24000549316406,222.42425537109375,23.649999618530273,137.94000244140625,224.64928628095396,23.93000030517578,132.9600067138672,219.82676319799472,23.059999465942383,137.1999969482422,224.29641800871394,23.829999923706055,4.9799957275390625,4.822523082959236,0.8700008392333984,30175300,2995100,53992300
2024-11-29,137.17999267578125,222.90455627441406,24.049999237060547,138.58999633789062,225.79610787799186,24.280000686645508,135.77999877929688,222.68891371827777,23.600000381469727,136.24000549316406,223.23781660426764,23.719999313354492,2.80999755859375,3.1071941597140835,0.6800003051757812,16085700,2640300,36616800
2024-12-02,142.05999755859375,222.88494873046875,23.93000030517578,142.82000732421875,223.85534023484024,25.479999542236328,137.8000030517578,221.04219050432235,23.440000534057617,137.9199981689453,222.99277000873224,24.84000015258789,5.0200042724609375,2.8131497305178925,2.039999008178711,33102400,2655900,150497900
2024-12-03,141.97999572753906,224.4630584716797,22.469999313354492,143.4499969482422,224.57087975304765,23.75,141.0800018310547,222.17921857105458,22.440000534057617,142.5800018310547,222.73793292627468,23.68000030517578,2.3699951171875,2.391661181993072,1.3099994659423828,22665300,3163800,138160500
2024-12-04,143.99000549316406,228.8640899658203,21.959999084472656,144.1199951171875,229.1091369534659,22.540000915527344,141.17999267578125,224.80611244866836,21.809999465942383,142.9600067138672,225.44322863395448,22.530000686645508,2.94000244140625,4.303024504797548,0.7300014495849609,25942700,4104200,104649000
2024-12-05,141.36000061035156,230.09913635253906,20.799999237060547,143.9499969482422,231.83407332563198,22.190000534057617,140.3800048828125,228.8347003949683,20.65999984741211,143.67999267578125,228.9229137266979,22.040000915527344,3.5699920654296875,2.999372930663668,1.5300006866455078,29576900,4791100,167993500
2024-12-06,138.58999633789062,233.32394409179688,20.920000076293945,142.7899932861328,233.6572193775128,21.049999237060547,137.39999389648438,229.5796337227655,20.65999984741211,141.47999572753906,229.7854648263881,20.950000762939453,5.3899993896484375,4.07758565474731,0.3899993896484375,33576800,4028400,78539100
2024-12-09,130.8699951171875,225.4432373046875,20.809999465942383,135.77000427246094,234.60800097770988,21.059999465942383,130.0,224.37483598701655,20.729999542236328,135.7100067138672,233.28474121093748,20.920000076293945,5.7700042724609375,10.233164990693325,0.3299999237060547,57055600,4970400,68818200
2024-12-10,127.73999786376953,227.12916564941406,20.15999984741211,131.55999755859375,229.74626582722914,20.860000610351562,127.06999969482422,223.28683046570342,19.959999084472656,131.55999755859375,223.87493429464408,20.829999923706055,4.489997863769531,6.4594353615257205,0.9000015258789062,38907200,4769500,90004800
2024-12-11,130.14999389648438,225.56085205078125,20.1200008392334,131.2100067138672,228.383798205229,20.25,126.22000122070312,224.590475527551,19.8700008392334,128.52000427246094,228.07994232597582,20.139999389648438,4.9900054931640625,3.793322677677992,0.37999916076660156,45588100,3872700,75209300
2024-12-12,130.60000610351562,227.65846252441406,20.780000686645508,132.32000732421875,229.2561737717441,20.899999618530273,129.07000732421875,225.8157192303061,19.920000076293945,130.0,226.0901706774388,20.020000457763672,3.25,3.440454541438015,0.9799995422363281,34267100,4515700,77695000
2024-12-13,126.91000366210938,226.24700927734375,20.34000015258789,131.3000030517578,229.14835748351223,20.799999237060547,124.7699966430664,225.6980914146393,20.25,131.3000030517578,227.64867098741195,20.600000381469727,6.530006408691406,3.450266068872935,0.5499992370605469,67544700,2757400,55104100
2024-12-16,126.69000244140625,224.7864990234375,20.829999923706055,127.76000213623047,226.4528155075206,21.100000381469727,123.12000274658203,222.38504159433418,20.0,126.01000213623047,226.15875613821632,20.170000076293945,4.6399993896484375,4.067773913186414,1.1000003814697266,42090300,3610300,73832900
2024-12-17,125.0199966430664,224.43365478515625,20.440000534057617,127.08000183105469,225.63928187617256,20.770000457763672,123.1500015258789,223.11039495994345,20.290000915527344,124.44999694824219,224.68849828903083,20.639999389648438,3.9300003051757812,2.528886916229112,0.4799995422363281,43314900,3651300,51767200
2024-12-18,121.41000366210938,215.80799865722656,19.299999237060547,127.75,224.50226177327,20.579999923706055,120.43000030517578,215.67077293008603,19.209999084472656,125.43000030517578,224.50226177327,20.479999542236328,7.319999694824219,8.831488843183962,1.3700008392333984,49724400,4152500,86041200
2024-12-19,118.87999725341797,219.48370361328125,19.059999465942383,123.37999725341797,221.71853114278255,19.690000534057617,118.44999694824219,218.56232446477972,19.030000686645508,122.16000366210938,219.97379763214528,19.530000686645508,4.930000305175781,3.1562066780028317,0.6599998474121094,46160700,4427200,69117800
2024-12-20,119.20999908447266,218.93478393554688,19.520000457763672,121.86000061035156,223.16918815682038,19.760000228881836,117.9000015258789,217.2880603809262,18.899999618530273,118.0,218.31726073300396,18.969999313354492,3.9599990844726562,5.881127775894186,0.8600006103515625,53591200,12423200,108453700
2024-12-23,124.5999984741211,217.53311157226562,20.200000762939453,126.33999633789062,219.30726438236454,20.229999542236328,120.47000122070312,216.6999607618142,19.520000457763672,120.70999908447266,218.3956817821275,19.579999923706055,5.8699951171875,2.60730362055034,0.7099990844726562,47777900,2988100,57988400
2024-12-24,126.29000091552734,219.9639892578125,20.399999618530273,127.51000213623047,219.99339370083788,20.399999618530273,124.66000366210938,217.15083957103803,19.959999084472656,127.51000213623047,217.86638756860654,20.219999313354492,2.8499984741210938,2.8425541297998507,0.4400005340576172,24829600,1186200,29884000
2024-12-26,125.05999755859375,220.43447875976562,20.440000534057617,127.30000305175781,220.93436925551836,20.670000076293945,125.05000305175781,218.14084242892565,20.079999923706055,125.5199966430664,218.88577992472065,20.229999542236328,2.25,2.7935268265927107,0.5900001525878906,24998200,3286500,39846200
2024-12-27,125.19000244140625,218.3662872314453,20.299999237060547,126.18000030517578,219.97379499579424,20.610000610351562,122.26000213623047,217.0234344219262,20.09000015258789,124.37000274658203,218.71915551905764,20.209999084472656,3.9199981689453125,2.950360573868039,0.5200004577636719,32924000,1810800,48260800
2024-12-30,122.44000244140625,215.8863983154297,19.81999969482422,124.0999984741211,217.19984659303728,20.110000610351562,122.3499984741211,213.33790363535647,19.729999542236328,123.55999755859375,216.17064624314304,20.010000228881836,1.75,3.86194295768081,0.3800010681152344,30501600,2095600,59608100
2024-12-31,120.79000091552734,215.4747314453125,20.049999237060547,123.55000305175781,216.67056201076912,20.399999618530273,120.13999938964844,214.11227071338828,19.8799991607666,123.0999984741211,216.3470981735736,19.989999771118164,3.410003662109375,2.5582912973808334,0.5200004577636719,30203400,2270200,49846700
2025-01-02,120.62999725341797,215.58255004882812,20.219999313354492,123.13999938964844,218.082032427786,20.43000030517578,119.44000244140625,213.2889137297062,20.0,122.29000091552734,217.4253082658057,20.229999542236328,3.6999969482421875,4.793118698079809,0.43000030517578125,34256200,2579500,46438500
2025-01-03,125.37000274658203,218.2388458251953,20.559999465942383,125.55999755859375,219.2288452483467,20.670000076293945,121.41999816894531,216.18046005937455,20.059999465942383,121.6500015258789,216.18046005937455,20.389999389648438,4.1399993896484375,3.0483851889721336,0.6100006103515625,36785300,3872100,48983900
2025-01-06,129.5500030517578,218.25845336914062,19.8700008392334,130.72999572753906,219.90517693523591,20.979999542236328,127.36000061035156,216.37649426251846,19.780000686645508,129.07000732421875,218.58191719384652,20.829999923706055,3.3699951171875,3.5286826727174514,1.1999988555908203,48020200,2846700,83271000
2025-01-07,127.33000183105469,219.52291870117188,20.010000228881836,131.7100067138672,222.2184357949872,20.34000015258789,126.8499984741211,218.4153014365479,19.899999618530273,130.50999450683594,218.92500340210262,20.020000457763672,4.860008239746094,3.80313435843928,0.4400005340576172,39220400,3299300,61726100
2025-01-08,121.83999633789062,218.75833129882812,19.8799991607666,125.30000305175781,220.44425570612736,20.1200008392334,120.12000274658203,216.4548986765916,19.709999084472656,124.51000213623047,219.47387924416276,19.829999923706055,5.180000305175781,3.9893570295357677,0.4100017547607422,46723100,2619800,47897100
2025-01-10,116.04000091552734,215.39630126953125,19.149999618530273,118.70999908447266,218.0231977873593,19.65999984741211,114.44999694824219,212.50474981830135,18.90999984741211,118.18000030517578,217.60172414942406,19.65999984741211,4.260002136230469,5.518447969057945,0.75,59415600,3570300,71244600
2025-01-13,117.31999969482422,213.09286499023438,19.200000762939453,117.4800033569336,215.23947910098303,19.25,114.41000366210938,210.49537277559625,18.729999542236328,115.27999877929688,213.57316249405582,18.920000076293945,3.0699996948242188,4.744106325386781,0.5200004577636719,39128900,3716800,50669000
2025-01-14,116.08999633789062,213.43592834472656,19.200000762939453,118.66000366210938,213.8084045556961,19.520000457763672,114.5,210.35813874779663,18.81999969482422,118.0,213.6809753347894,19.360000610351562,4.160003662109375,3.4502658078994557,0.7000007629394531,37005300,3485500,47147500
2025-01-15,119.95999908447266,215.67076110839844,19.719999313354492,120.41999816894531,217.28806530079603,19.770000457763672,117.45999908447266,213.6907771912015,19.170000076293945,117.55000305175781,216.49411542611062,19.399999618530273,2.9599990844726562,3.5972881095945297,0.6000003814697266,38185800,2951600,56306000
2025-01-16,118.44000244140625,218.2486572265625,19.670000076293945,121.08999633789062,218.2682502173171,19.950000762939453,118.25,213.07326593586555,19.399999618530273,120.23999786376953,215.33749775598528,19.75,2.839996337890625,5.194984281451553,0.5500011444091797,29414100,3329100,44898100
2025-01-17,121.45999908447266,220.33644104003906,21.489999771118164,122.73999786376953,221.48327409460438,21.6200008392334,120.55000305175781,219.20923088862187,20.790000915527344,120.77999877929688,221.48327409460438,21.260000228881836,2.1899948120117188,2.274043205982508,0.8299999237060547,35765900,5506800,166483900
2025-01-21,122.27999877929688,219.81695556640625,21.770000457763672,123.75,222.9437576804496,22.40999984741211,121.12000274658203,218.4152939050665,21.75,122.38999938964844,220.5325035753035,22.030000686645508,2.6299972534179688,4.528463775383102,0.6599998474121094,31578800,3982200,96262200
2025-01-22,123.75,218.83676147460938,21.860000610351562,125.6500015258789,219.95417516560568,22.290000915527344,121.91000366210938,215.98442584001458,21.56999969482422,123.08000183105469,217.58212206564798,21.729999542236328,3.7399978637695312,3.9697493255910956,0.720001220703125,35023800,4759500,60972600
2025-01-23,123.04000091552734,221.56167602539062,21.56999969482422,123.70999908447266,221.56167602539062,21.75,120.62999725341797,218.72893346875676,21.350000381469727,121.43000030517578,219.50329031925313,21.690000534057617,3.0800018310546875,2.8327425566338604,0.39999961853027344,24921100,3619700,55778200
2025-01-24,122.83999633789062,220.3462677001953,20.829999923706055,125.25,222.31644021650627,21.40999984741211,122.2300033569336,219.3660796899244,20.75,124.55000305175781,220.80695726154119,21.360000610351562,3.0199966430664062,2.950360526581875,0.6599998474121094,31570300,3232900,66300600
2025-01-27,115.01000213623047,219.68954467773438,20.290000915527344,118.08000183105469,219.85617484557454,21.059999465942383,112.80000305175781,215.48452971603726,20.139999389648438,117.80000305175781,217.78797753482073,20.809999465942383,5.279998779296875,4.371645129537285,0.9200000762939453,61067900,4898400,83582100
2025-01-28,114.16999816894531,221.18922424316406,19.799999237060547,116.1500015258789,221.2970455197531,20.34000015258789,112.94999694824219,217.37629358048858,19.739999771118164,115.18000030517578,219.87577593306605,20.34000015258789,3.2000045776367188,3.920751939264534,0.6000003814697266,40554800,4485400,73411400
2025-01-29,117.3499984741211,224.10037231445312,19.75,118.5199966430664,224.92372659011153,20.079999923706055,114.95999908447266,219.29744246015053,19.65999984741211,115.7699966430664,221.14999705862243,19.8700008392334,3.55999755859375,5.626284129960993,0.4200000762939453,40199100,7079800,86506800
2025-01-30,118.86000061035156,253.1531219482422,20.010000228881836,120.44000244140625,256.6131840904417,20.100000381469727,117.08999633789062,242.11621141360519,19.43000030517578,118.52999877929688,245.04697866274464,19.719999313354492,3.350006103515625,14.496972676836492,0.6700000762939453,29788400,15381900,108167000
2025-01-31,115.94999694824219,250.63406372070312,19.43000030517578,119.56999969482422,252.14354663041235,20.329999923706055,115.33000183105469,246.89954990657276,19.3799991607666,119.13999938964844,250.9771205401235,20.100000381469727,4.239997863769531,5.243996723839587,0.9500007629394531,40463400,7199800,117081700
2025-02-03,114.2699966430664,255.5644073486328,19.3799991607666,115.16000366210938,256.8680441215417,19.75,112.9800033569336,246.8505223748477,18.780000686645508,113.87999725341797,247.39942521743686,18.969999313354492,2.1800003051757812,10.017521746693973,0.9699993133544922,34586100,8408500,77523100
2025-02-04,119.5,259.22052001953125,19.290000915527344,119.8499984741211,259.99487694478023,19.530000686645508,114.79000091552734,253.00613145138712,19.020000457763672,115.44999694824219,254.84888974794669,19.100000381469727,5.05999755859375,6.988745493393111,0.5100002288818359,69412100,6077700,54098200
2025-02-05,112.01000213623047,258.08349609375,19.649999618530273,112.08999633789062,260.455564285848,19.770000457763672,106.5,256.00550225815726,18.90999984741211,107.61000061035156,260.44575283340845,19.190000534057617,5.589996337890625,4.4500620276907625,0.8600006103515625,110385200,6165100,66059200
2025-02-06,110.16000366210938,248.41883850097656,19.3799991607666,112.55999755859375,258.1619091978051,19.700000762939453,109.0199966430664,247.72289846985396,19.219999313354492,110.93000030517578,257.7698399971464,19.510000228881836,3.5400009155273438,10.439010727951114,0.48000144958496094,50426600,6128300,45553800
2025-02-07,107.55999755859375,247.34063720703125,19.100000381469727,109.91999816894531,251.83969655342045,19.360000610351562,106.79000091552734,247.02698482329026,19.030000686645508,109.12999725341797,250.22239233028142,19.350000381469727,3.1299972534179688,4.812711730130189,0.3299999237060547,46082500,3370300,58277900
2025-02-10,110.4800033569336,245.95924377441406,19.770000457763672,111.4000015258789,248.60364125729623,20.079999923706055,108.1500015258789,243.5911111200033,19.239999771118164,108.44000244140625,247.52812205968183,19.25,3.25,5.012530137292941,0.8400001525878906,34905400,3564400,73007300
2025-02-11,111.0999984741211,251.31710815429688,20.969999313354492,113.06999969482422,253.33988335982602,21.8799991607666,108.94000244140625,247.25183422077657,19.860000610351562,108.9800033569336,247.7649318711441,19.8700008392334,4.129997253417969,6.088049139049446,2.019998550415039,35033800,4801600,150960700
2025-02-12,111.72000122070312,252.41236877441406,22.479999542236328,111.83999633789062,252.9945288722855,22.559999465942383,109.05999755859375,248.67271359235735,20.93000030517578,109.5199966430664,249.36341328950348,21.979999542236328,2.779998779296875,4.32181527992816,1.6299991607666016,25319700,3075300,162631200
2025-02-13,111.80999755859375,255.7474822998047,24.1299991607666,114.5999984741211,255.836283320735,24.829999923706055,110.4000015258789,251.03097069948677,22.790000915527344,112.0,252.26436839948883,22.84000015258789,4.1999969482421875,4.80531262124822,2.039999008178711,40911800,4531500,248661300
2025-02-14,113.0999984741211,257.8097229003906,23.600000381469727,114.62999725341797,258.4609605076955,25.190000534057617,111.69999694824219,254.4844874771018,22.860000610351562,112.6500015258789,255.56000667163224,24.360000610351562,2.9300003051757812,3.9764730305937235,2.3299999237060547,32477200,3925300,230254100
2025-02-18,114.27999877929688,259.5759582519531,27.389999389648438,115.55000305175781,260.4541217717957,27.549999237060547,113.44999694824219,256.3789708796605,24.489999771118164,114.05000305175781,258.4510850754198,24.600000381469727,2.100006103515625,4.075150892135184,3.059999465942383,31720300,4262800,284292200
2025-02-19,114.69000244140625,260.8093566894531,25.719999313354492,116.11000061035156,260.84880373585264,26.329999923706055,113.13999938964844,256.6355279456444,25.459999084472656,114.25,258.52016328381694,25.979999542236328,2.970001220703125,4.213275790208229,0.8700008392333984,28807700,3718700,151881700
2025-02-20,114.16999816894531,261.2237548828125,26.09000015258789,116.55000305175781,261.569112259729,26.1200008392334,113.11000061035156,258.66815847322755,24.479999542236328,115.01000213623047,260.1482357066569,25.559999465942383,3.44000244140625,2.900953786501475,1.6400012969970703,27219600,4884800,144939600
2025-02-21,110.83999633789062,258.007080078125,24.8700008392334,115.76000213623047,261.3125618853211,26.290000915527344,110.43000030517578,257.6321223524463,24.84000015258789,114.8499984741211,260.34559734251707,25.959999084472656,5.3300018310546875,3.6804395328748,1.4500007629394531,41353700,5667900,111630900
2025-02-24,108.11000061035156,258.3918762207031,24.270000457763672,111.5999984741211,260.34558899129365,24.799999237060547,107.9800033569336,256.13228323366,23.6200008392334,111.48999786376953,258.02679532443705,24.549999237060547,3.6199951171875,4.213305757633634,1.1799983978271484,29072200,4398100,91358100
2025-02-25,103.95999908447266,254.3266143798828,22.989999771118164,108.63999938964844,259.98052046916456,24.280000686645508,103.62000274658203,253.359619709823,22.770000457763672,107.88999938964844,257.6123727149159,24.209999084472656,5.019996643066406,6.620900759341566,1.510000228881836,39169200,6292200,88886500
2025-02-26,104.73999786376953,252.4419708251953,23.520000457763672,105.80000305175781,254.8988894114157,23.81999969482422,103.98999786376953,251.03097108118715,23.209999084472656,104.94999694824219,254.6719635061093,23.25,1.8100051879882812,3.867918330228548,0.6100006103515625,29178200,3460100,67449300
2025-02-27,99.51000213623047,249.86663818359375,23.09000015258789,105.76000213623047,254.2082071689209,24.399999618530273,99.5,249.68903613978406,23.06999969482422,105.08000183105469,251.83021276375047,23.700000762939453,6.260002136230469,4.519171029136828,1.3299999237060547,47263700,3402200,97871900
2025-02-28,99.86000061035156,249.08712768554688,23.729999542236328,101.80000305175781,249.45220857647777,24.440000534057617,98.69000244140625,243.26548167226653,22.639999389648438,99.55999755859375,247.52811123003616,23.020000457763672,3.1100006103515625,6.186726904211241,1.8000011444091797,45194600,7988800,104133800
2025-03-03,98.2300033569336,246.8670196533203,22.739999771118164,102.33999633789062,252.5899880109506,25.040000915527344,97.08999633789062,244.95278400778412,22.520000457763672,101.5199966430664,251.35659030698392,25.0,5.25,7.637204003166488,2.520000457763672,38958000,2977700,141348700
2025-03-04,100.75,249.846923828125,21.329999923706055,103.18000030517578,252.08676331768535,22.6299991607666,95.88999938964844,244.8047931879292,20.760000228881836,96.0,245.4461540000522,22.540000915527344,7.290000915527344,7.281970129756161,1.8699989318847656,54156900,5342100,152182200
2025-03-05,101.66999816894531,248.01162719726562,20.809999465942383,101.83999633789062,249.38316490189547,21.360000610351562,98.87000274658203,243.72925873890068,20.18000030517578,100.36000061035156,248.23856816901912,21.329999923706055,2.9699935913085938,5.653906162994787,1.1800003051757812,27855500,4009800,127219300
2025-03-06,98.8499984741211,245.38694763183594,20.75,101.08000183105469,248.75166025334775,21.1299991607666,98.2699966430664,243.52205086598732,20.0,99.05000305175781,246.43286649808311,20.260000228881836,2.8100051879882812,5.229609387360426,1.1299991607666016,28985000,3254400,96466400
2025-03-07,100.30999755859375,258.0662841796875,20.639999389648438,100.6500015258789,258.4806889571668,21.200000762939453,96.38999938964844,241.92355891192153,20.110000610351562,98.87999725341797,242.68333613492464,20.270000457763672,4.260002136230469,16.557130045245287,1.0900001525878906,33254400,6700200,81099600
2025-03-10,96.62999725341797,253.48788452148438,19.93000030517578,101.29000091552734,262.91106083988245,20.510000228881836,95.83000183105469,251.36644653977103,19.649999618530273,98.56999969482422,258.0859946742096,20.239999771118164,5.459999084472656,11.54461430011142,0.8600006103515625,38733200,8165500,82760600
2025-03-11,96.76000213623047,245.6434783935547,19.780000686645508,98.16000366210938,253.2905590487429,20.059999465942383,94.7300033569336,242.5945229488169,19.290000915527344,96.79000091552734,252.5899825433599,19.969999313354492,3.4300003051757812,10.696036099926005,0.7699985504150391,34078300,5630600,80789000
2025-03-12,100.79000091552734,246.31446838378906,20.68000030517578,101.72000122070312,249.76798207397215,21.170000076293945,98.16999816894531,242.26891775283895,20.209999084472656,99.05000305175781,247.02490669025957,20.790000915527344,3.5500030517578125,7.499064321133204,0.9600009918212891,34241300,3848800,128671100
2025-03-13,98.11000061035156,242.5353240966797,23.700000762939453,100.06999969482422,245.95923727906435,24.530000686645508,97.2699966430664,239.81197236883244,23.1299991607666,99.72000122070312,245.4954785444273,23.5,2.8000030517578125,6.147264910231911,1.4000015258789062,28575200,3862400,243261000
2025-03-14,100.97000122070312,245.05145263671875,24.049999237060547,101.22000122070312,245.64347447869804,24.3700008392334,99.58000183105469,238.47002948631444,23.520000457763672,99.63999938964844,239.52582510816936,23.68000030517578,1.6399993896484375,7.173444992383594,0.8500003814697266,24715300,4045200,116901600
2025-03-17,104.58999633789062,249.610107421875,25.690000534057617,106.1500015258789,251.2480632681033,26.149999618530273,102.5999984741211,245.69283491374023,24.3700008392334,102.5999984741211,245.93951446686646,24.420000076293945,3.5500030517578125,5.5552283543630665,1.779998779296875,43689500,3233900,160723600
2025-03-18,103.51000213623047,243.67005920410156,25.920000076293945,104.55000305175781,249.2154257882886,26.40999984741211,102.97000122070312,241.86436307117077,25.389999389648438,103.8499984741211,249.1562100484814,25.549999237060547,1.5800018310546875,7.351062717117827,1.0200004577636719,27152800,4171900,132488800
2025-03-19,106.2300033569336,248.93911743164062,24.1200008392334,107.9000015258789,250.2909315461267,25.229999542236328,101.95999908447266,243.36416586196106,24.030000686645508,104.41999816894531,245.0317219577902,24.899999618530273,5.94000244140625,6.926765684165645,1.1999988555908203,32287500,3853600,135491400
2025-03-20,107.13999938964844,240.08827209472656,23.959999084472656,108.26000213623047,243.52204710694159,24.309999465942383,105.12000274658203,234.06928524171005,23.729999542236328,105.12000274658203,240.99605100342137,23.770000457763672,3.1399993896484375,9.452761865231537,0.5799999237060547,26871800,7026800,68937600
2025-03-21,106.44000244140625,240.63095092773438,24.260000228881836,107.25,241.95316469416463,24.700000762939453,104.33000183105469,235.33227926906977,23.489999771118164,105.33000183105469,238.47991258315793,23.600000381469727,2.9199981689453125,6.620885425094855,1.210000991821289,30767900,9580100,94110700
2025-03-24,113.8499984741211,245.15013122558594,24.219999313354492,114.8499984741211,245.51522719394845,24.989999771118164,109.4000015258789,242.7030743307865,24.1299991607666,109.7300033569336,244.0252730915461,24.719999313354492,5.4499969482421875,2.8121528631619412,0.8600006103515625,53342000,4753300,69169000
2025-03-25,114.80999755859375,246.58087158203125,24.200000762939453,114.94999694824219,247.56758977972825,24.75,112.70999908447266,244.9034536571713,24.110000610351562,113.2699966430664,245.0613321822728,24.18000030517578,2.2399978637695312,2.664136122556954,0.6399993896484375,29077500,3133800,51743300
2025-03-26,110.19000244140625,247.0150146484375,23.420000076293945,115.9000015258789,250.94216367164768,24.420000076293945,108.68000030517578,246.21577536694778,23.25,114.11000061035156,247.912931766015,24.25,7.220001220703125,4.726388304699896,1.1700000762939453,39824000,4450100,59496700
2025-03-27,106.6500015258789,242.93988037109375,23.6200008392334,107.62000274658203,246.97555395848008,23.760000228881836,105.55000305175781,242.46624482251556,22.860000610351562,106.11000061035156,246.39339386815885,23.290000915527344,2.0699996948242188,4.509309135964514,0.8999996185302734,32773700,2889300,57720600
2025-03-28,103.22000122070312,240.7592315673828,22.709999084472656,106.51000213623047,244.28182263323868,23.579999923706055,102.4800033569336,238.85487274135096,22.559999465942383,105.52999877929688,242.999086011204,23.350000381469727,4.029998779296875,5.426949891887716,1.0200004577636719,31069100,3125300,58365300
2025-03-31,102.73999786376953,245.3573455810547,22.709999084472656,102.81999969482422,247.5577229007203,22.75,98.80000305175781,239.2692962338445,21.75,100.23999786376953,239.51597577816966,22.3799991607666,4.019996643066406,8.288426666875807,1.0,30865300,6795000,65832000
2025-04-01,102.77999877929688,247.0150146484375,22.049999237060547,102.83000183105469,247.2912945221346,22.6200008392334,100.93000030517578,240.25600444789413,21.65999984741211,102.16000366210938,244.73569816237455,22.559999465942383,1.9000015258789062,7.035290074240464,0.9600009918212891,23523200,4412900,64060400
2025-04-02,102.95999908447266,246.65980529785156,21.979999542236328,104.19000244140625,249.43248096204997,22.3799991607666,100.76000213623047,243.9463303152037,21.700000762939453,101.5199966430664,244.92318672916176,21.889999389648438,3.4300003051757812,5.486150646846255,0.6799983978271484,20794000,4080800,58878800
2025-04-03,93.80000305175781,240.25601196289062,22.43000030517578,99.44999694824219,247.28144049572109,23.899999618530273,93.63999938964844,239.30875589763988,20.860000610351562,97.79000091552734,239.48637299692882,21.399999618530273,5.80999755859375,7.972684598081202,3.039999008178711,50472500,5309600,242972100
2025-04-04,85.76000213623047,224.45864868164062,19.850000381469727,91.08000183105469,236.97024310629965,22.200000762939453,83.66999816894531,223.86662680385766,19.700000762939453,90.0999984741211,234.83892821158176,21.700000762939453,7.410003662109375,13.103616302441992,2.5,65847000,7407100,175014700
2025-04-07,83.63999938964844,222.78121948242188,19.56999969482422,89.0,229.20474912587125,20.670000076293945,77.75,211.65104011578785,18.559999465942383,80.68000030517578,216.32808949939027,19.139999389648438,11.25,17.553709010083395,2.1100006103515625,70515400,7797900,142491200
2025-04-08,78.20999908447266,218.0943145751953,18.1299991607666,88.93000030517578,229.95467112168794,20.389999389648438,76.4800033569336,214.39412146035198,17.670000076293945,86.1500015258789,229.47117380114364,20.059999465942383,12.449996948242188,15.560549661335955,2.719999313354492,69910200,6850000,163982700
2025-04-09,96.83999633789062,232.1846466064453,21.530000686645508,97.91000366210938,233.16150299994172,21.729999542236328,78.87000274658203,212.30228180886687,17.979999542236328,79.22000122070312,214.2362409609239,18.06999969482422,19.040000915527344,20.85922119107485,3.75,97827400,7302800,224183500
2025-04-10,88.69999694824219,226.50115966796875,19.8799991607666,92.94999694824219,229.4810527667303,20.81999969482422,85.05999755859375,219.07117302830588,19.15999984741211,91.0,227.93189800787556,20.68000030517578,7.8899993896484375,10.409879738424422,1.6599998474121094,65210600,5656100,129064900
2025-04-11,93.4000015258789,232.35238647460938,19.739999771118164,94.76000213623047,234.42450061855422,19.799999237060547,90.5,224.48824158996877,18.18000030517578,90.51000213623047,226.66889533299877,19.25,4.260002136230469,9.936259028585454,1.6199989318847656,57892600,4325900,128425800
2025-04-14,94.5,235.8848419189453,20.309999465942383,97.37000274658203,238.5588547685571,21.049999237060547,93.44999694824219,233.5857867896802,19.979999542236328,97.11000061035156,236.58541844020502,20.59000015258789,3.9200057983398438,4.973067978876884,1.0699996948242188,36003000,3321500,101964400
2025-04-15,95.29000091552734,237.5030517578125,19.850000381469727,96.8499984741211,238.3220296154751,20.469999313354492,94.62000274658203,235.1053339199877,19.809999465942383,94.66000366210938,236.36833192656704,20.200000762939453,2.2299957275390625,3.2166956954874024,0.6599998474121094,28116500,3363700,64056900
2025-04-16,88.29000091552734,235.40135192871094,19.229999542236328,90.47000122070312,240.06852447637547,19.43000030517578,85.30000305175781,232.75693950632225,18.719999313354492,87.61000061035156,237.08863150264702,19.34000015258789,5.1699981689453125,7.311584970053218,0.7100009918212891,62109000,4869900,89469700
2025-04-17,87.5,235.63815307617188,18.93000030517578,89.02999877929688,238.56870711258213,19.100000381469727,86.5199966430664,234.24687690613393,18.559999465942383,88.83999633789062,236.49659302715864,18.90999984741211,2.5100021362304688,4.3218302064481975,0.5400009155273438,34801400,4635200,85646700
2025-04-21,85.55999755859375,233.0825653076172,18.84000015258789,86.13999938964844,237.61159805530795,18.989999771118164,83.75,229.83625412494175,18.25,86.0199966430664,234.90799992879175,18.93000030517578,2.3899993896484375,7.775343930366205,0.7399997711181641,33855400,4908900,72409900
2025-04-22,86.26000213623047,237.70040893554688,19.510000228881836,87.16999816894531,239.41730402792666,19.739999771118164,85.16999816894531,234.85867075080176,19.040000915527344,86.12000274658203,235.33229127223848,19.059999465942383,2.0,4.558633277124898,0.6999988555908203,35236700,4232700,83365600
2025-04-23,90.38999938964844,242.21957397460938,20.59000015258789,93.73999786376953,246.0283067416525,21.030000686645508,90.12000274658203,240.42375472091,20.309999465942383,91.87999725341797,242.73267164257683,20.719999313354492,3.6199951171875,5.604552020742489,0.720001220703125,41102600,7948300,97188100
2025-04-24,94.47000122070312,226.28407287597656,21.489999771118164,94.75,229.68824744809842,21.549999237060547,90.37000274658203,221.45902177313022,20.8799991607666,91.58999633789062,228.10949240148807,21.040000915527344,4.379997253417969,8.229225674968205,0.6700000762939453,33681900,15428100,117086200
2025-04-25,96.6500015258789,229.32318115234375,20.049999237060547,97.0999984741211,230.26056043388556,20.18000030517578,92.8499984741211,223.31407091007713,19.34000015258789,93.27999877929688,225.90912954557183,19.729999542236328,4.25,6.946489523808424,0.8400001525878906,28575300,6700100,147711200
2025-04-28,96.38999938964844,233.0233612060547,20.510000228881836,97.48999786376953,233.48711993962877,21.079999923706055,94.2699966430664,228.9876875983453,20.049999237060547,95.58000183105469,229.7671883097709,20.1200008392334,3.220001220703125,4.499432341283466,1.0300006866455078,30456700,3653500,96624400
2025-04-29,96.05999755859375,236.21046447753906,20.34000015258789,97.18000030517578,236.7926245901942,20.850000381469727,95.33000183105469,233.003630392952,20.219999313354492,95.76000213623047,233.8522086298877,20.309999465942383,1.8499984741210938,3.7889941972422037,0.6300010681152344,20700600,3426500,70031900
2025-04-30,97.3499984741211,238.60818481445312,20.100000381469727,97.55000305175781,239.24954557486643,20.18000030517578,91.87000274658203,231.22752238048434,19.549999237060547,92.80999755859375,233.58577810291956,19.709999084472656,5.680000305175781,8.022023194382086,0.6300010681152344,29730700,5143000,68297300
2025-05-01,96.6500015258789,236.4768829345703,19.979999542236328,100.0999984741211,239.15088077435885,20.649999618530273,96.44999694824219,234.78958821991856,19.940000534057617,99.2699966430664,238.2332400927256,20.219999313354492,3.6500015258789062,4.361292554440297,0.7099990844726562,29591500,4243300,72607500
2025-05-02,98.80000305175781,242.2886505126953,20.6200008392334,99.87999725341797,242.4267904547395,20.780000686645508,98.30000305175781,238.12469861606036,20.209999084472656,98.4000015258789,239.9007943395746,20.260000228881836,1.5799942016601562,4.302091838679132,0.5700016021728516,29957900,3731900,63298500
2025-05-05,100.58999633789062,245.8704376220703,20.270000457763672,102.05000305175781,246.48221315362323,20.579999923706055,98.76000213623047,240.4040253348803,20.239999771118164,99.0,240.5027031788445,20.389999389648438,3.2900009155273438,6.078187818742947,0.3400001525878906,41268900,4137800,44237000
2025-05-06,98.62000274658203,245.8112335205078,19.940000534057617,100.06999969482422,246.86702922297025,20.1200008392334,97.44000244140625,242.84121715442993,19.770000457763672,98.41000366210938,244.46929616432772,19.920000076293945,2.6299972534179688,4.0258120685403185,0.35000038146972656,54264300,2900600,51330800
2025-05-07,100.36000061035156,250.00477600097656,20.309999465942383,103.41999816894531,251.09017200211687,20.3700008392334,96.87999725341797,245.52508216816653,19.81999969482422,100.75,246.13684261092328,19.969999313354492,6.540000915527344,5.5650898339503385,0.5500011444091797,86474400,3399700,61002600
2025-05-08,101.69999694824219,250.76455688476562,21.0,105.44000244140625,253.11293590771325,21.239999771118164,101.55999755859375,249.88637830953581,20.639999389648438,101.91999816894531,251.61313511917723,21.010000228881836,3.8800048828125,3.226557598177436,0.6000003814697266,54231400,3637000,71651700
2025-05-09,102.83999633789062,247.5264434814453,21.420000076293945,103.54000091552734,251.30092683673848,21.450000762939453,101.5999984741211,245.97692240501186,20.829999923706055,102.58999633789062,250.81421207552415,21.200000762939453,1.94000244140625,5.324004431726621,0.6200008392333984,31704300,2901300,51768600
2025-05-12,108.12000274658203,251.98629760742188,22.18000030517578,110.66999816894531,252.10548687392847,22.670000076293945,106.9800033569336,243.00699900813848,21.8799991607666,110.41999816894531,250.80428686017922,22.18000030517578,3.6899948120117188,9.098487865789991,0.7900009155273438,50543400,4609500,94578700
2025-05-13,112.45999908447266,256.8533935546875,22.559999465942383,113.12999725341797,257.836735350141,22.8799991607666,109.0,251.18174846719273,22.299999237060547,109.5999984741211,252.72132706741112,22.360000610351562,4.129997253417969,6.654986882948265,0.5799999237060547,55659500,3521400,76850400
2025-05-14,117.72000122070312,256.08856201171875,21.520000457763672,122.5199966430664,258.8002087136875,22.459999084472656,116.58999633789062,254.49930109084684,21.459999084472656,119.83000183105469,255.87003825619098,22.350000381469727,5.930000305175781,4.30090762284064,1.0,86743700,3634700,91584800
2025-05-15,114.98999786376953,264.8890380859375,21.549999237060547,117.5,265.63400127785565,21.6299991607666,114.01000213623047,256.87322686586725,21.190000534057617,117.0199966430664,257.2705648183275,21.229999542236328,3.4899978637695312,8.760774411988393,0.4399986267089844,43843200,4856300,66705500
2025-05-16,117.16999816894531,264.9685363769531,21.65999984741211,118.23999786376953,266.1803444665983,21.760000228881836,116.01000213623047,262.8130960530069,21.350000381469727,118.06999969482422,264.56128616597226,21.530000686645508,2.2299957275390625,3.367248413591369,0.4099998474121094,43419700,3817900,55795100
2025-05-19,114.73999786376953,266.6074523925781,21.3799991607666,115.52999877929688,267.33256087075745,21.559999465942383,114.05999755859375,263.2997985770198,21.049999237060547,115.0199966430664,263.66733924412927,21.18000030517578,1.470001220703125,4.032762293737619,0.5100002288818359,37737400,3198600,64279100
2025-05-20,113.51000213623047,265.1572570800781,21.270000457763672,114.51000213623047,267.47159617085975,21.40999984741211,112.08000183105469,263.8361719806735,21.1200008392334,114.3499984741211,265.6042168293031,21.329999923706055,2.4300003051757812,3.6354241901862565,0.28999900817871094,29030800,2437900,48497400
2025-05-21,112.05999755859375,259.1180725097656,20.690000534057617,116.0999984741211,263.8659702882512,21.6299991607666,111.08999633789062,258.66117021574263,20.59000015258789,113.8499984741211,263.1905442340205,21.190000534057617,5.010002136230469,5.20480007250859,1.039999008178711,43594600,3753900,62904700
2025-05-22,110.70999908447266,256.6348571777344,20.549999237060547,112.63999938964844,259.5153755564378,20.899999618530273,110.61000061035156,256.1779548918346,20.510000228881836,111.9000015258789,259.0187334113982,20.729999542236328,2.029998779296875,3.3374206646032007,0.3899993896484375,29252000,3091300,56077500
2025-05-23,110.30999755859375,256.89312744140625,20.049999237060547,111.0199966430664,258.12479029293706,20.270000457763672,107.66999816894531,254.0721884657778,19.940000534057617,108.08999633789062,256.843445038038,20.15999984741211,3.3499984741210938,4.052601827159265,0.3299999237060547,30867300,2722600,68206100
2025-05-27,114.55999755859375,261.46221923828125,20.549999237060547,115.4000015258789,262.01845598305556,20.670000076293945,112.2699966430664,257.8863899414256,20.18000030517578,113.18000030517578,259.2471844889138,20.440000534057617,3.1300048828125,4.132066041629969,0.48999977111816406,37885000,3284200,69504600
2025-05-28,112.86000061035156,258.4922790527344,20.3700008392334,114.94999694824219,263.22032170106655,20.639999389648438,112.66000366210938,258.19430590793576,20.329999923706055,114.91999816894531,261.3926823501671,20.56999969482422,2.2899932861328125,5.026015793130796,0.3099994659423828,27483700,2318400,46096500
2025-05-29,113.02999877929688,256.9527282714844,20.25,115.54000091552734,259.3763444854524,20.600000381469727,112.12999725341797,255.04560900163173,20.100000381469727,115.48999786376953,258.9988915863313,20.540000915527344,3.410003662109375,4.330735483820689,0.5,30501400,2295000,66372200
2025-05-30,110.7300033569336,257.3202209472656,19.549999237060547,112.11000061035156,258.3730998500349,20.260000228881836,108.62000274658203,255.37339226268114,19.309999465942383,111.58000183105469,257.01230524811405,20.260000228881836,3.4899978637695312,2.9997075873537824,0.9500007629394531,36088500,9668900,114281900
2025-06-02,114.62999725341797,262.1277160644531,19.739999771118164,114.86000061035156,262.2071957821188,19.81999969482422,111.01000213623047,255.4925843330115,19.3700008392334,111.05999755859375,256.11835828094826,19.479999542236328,3.8499984741210938,6.714611449107281,0.4499988555908203,34078400,2831900,67885500
2025-06-03,117.30999755859375,263.41900634765625,20.290000915527344,117.68000030517578,263.7765741426919,20.40999984741211,113.27999877929688,260.81657604016226,19.399999618530273,114.5,261.58142434504026,19.75,4.400001525878906,2.959998102529653,1.010000228881836,37161500,2494700,80401900
2025-06-04,118.58000183105469,263.7368469238281,20.25,119.30000305175781,265.20691865890456,20.5,115.7300033569336,263.011768756044,20.010000228881836,117.41000366210938,263.1210154833305,20.34000015258789,3.5699996948242188,2.195149902860578,0.48999977111816406,31025000,2588600,71166500
2025-06-05,115.69000244140625,265.0678405761719,19.989999771118164,119.23999786376953,265.71349963790925,20.549999237060547,114.70999908447266,263.31968077572793,19.850000381469727,118.94999694824219,263.4190152708131,20.270000457763672,4.529998779296875,2.3938188621813197,0.6999988555908203,34091000,2658400,72458400
2025-06-06,116.19000244140625,267.0643310546875,20.059999465942383,118.37999725341797,268.3556187653661,20.440000534057617,115.87999725341797,265.7333337991607,20.030000686645508,117.69000244140625,266.1902360659523,20.170000076293945,2.5,2.6222849662054273,0.4099998474121094,27042100,2495200,70072800
2025-06-09,121.7300033569336,270.2527770996094,20.479999542236328,122.37000274658203,271.6334568169306,20.959999084472656,119.04000091552734,264.9188452962652,20.219999313354492,119.18000030517578,266.29952501358645,20.219999313354492,3.3300018310546875,6.7146115206654144,0.7399997711181641,55437700,4331500,92893900
2025-06-10,123.23999786376953,274.38482666015625,22.079999923706055,124.08999633789062,275.6065771785638,22.440000534057617,120.80000305175781,270.7295479599283,20.280000686645508,121.11000061035156,271.3553218763656,20.5,3.2899932861328125,4.877029218635471,2.1599998474121094,41691900,5163500,171457000
2025-06-11,121.13999938964844,279.62939453125,20.68000030517578,124.47000122070312,279.857860840402,21.829999923706055,119.87999725341797,273.26243831880254,20.3799991607666,124.44000244140625,274.8417870834885,21.780000686645508,4.590003967285156,6.59542252159946,1.4500007629394531,32261900,4656000,146784500
2025-06-12,118.5,279.1426696777344,20.770000457763672,122.25,281.1590354790967,20.979999542236328,118.02999877929688,277.9507164607412,20.40999984741211,120.62000274658203,279.6393117993766,20.5,4.220001220703125,3.208319018355496,0.5699996948242188,44718400,3418000,78175900
2025-06-13,116.16000366210938,275.3582763671875,20.139999389648438,117.87999725341797,277.960676397425,20.600000381469727,115.05999755859375,273.97759663255977,20.100000381469727,116.05000305175781,276.34161812953323,20.329999923706055,2.8199996948242188,3.983079764865238,0.5,39702700,3243800,87655900
2025-06-16,126.38999938964844,279.9372863769531,20.739999771118164,128.13999938964844,282.5893686576239,20.93000030517578,117.77999877929688,276.79853482725844,20.299999237060547,118.63999938964844,277.43422098363965,20.40999984741211,10.360000610351562,5.790833830365443,0.6300010681152344,100968500,3685300,86745100
2025-06-17,127.0999984741211,281.14910888671875,20.799999237060547,130.6999969482422,282.8774441806734,21.479999542236328,126.58000183105469,279.1128881975189,20.6200008392334,127.93000030517578,279.26187477993795,20.6299991607666,4.1199951171875,3.764555983154537,0.8599987030029297,86623900,3069600,87512200
2025-06-18,126.79000091552734,281.30804443359375,21.489999771118164,129.2100067138672,284.9832085511898,21.600000381469727,125.7699966430664,281.0398685791178,20.65999984741211,128.00999450683594,283.0860318580638,20.809999465942383,3.4400100708007812,3.9433399720720104,0.9400005340576172,49627100,3534100,94200600
2025-06-20,128.24000549316406,279.0830993652344,21.079999923706055,132.80999755859375,282.21193894167686,21.889999389648438,127.55000305175781,275.33842835431756,20.8799991607666,129.0,277.40444642280875,21.700000762939453,5.2599945068359375,6.873510587359306,1.010000228881836,79931000,7677000,133472800
2025-06-23,129.5800018310547,287.2379455566406,21.190000534057617,133.25,287.63525321267264,21.579999923706055,126.81999969482422,278.3281842054671,20.729999542236328,130.47000122070312,279.7585160172872,21.06999969482422,6.430000305175781,9.307069007205541,0.8500003814697266,65152900,3786200,81461000
2025-06-24,138.42999267578125,291.8169860839844,22.549999237060547,138.7899932861328,292.3632802922933,22.690000534057617,132.92999267578125,286.4731120094533,21.329999923706055,133.42999267578125,288.5093325814733,21.34000015258789,5.8600006103515625,5.890168282840023,1.3600006103515625,78572000,4219100,130368700
2025-06-25,143.39999389648438,289.1053161621094,22.200000762939453,144.17999267578125,294.1710719834285,22.770000457763672,139.4600067138672,287.55579513148894,22.1299991607666,140.94000244140625,292.51227392093307,22.579999923706055,4.7199859619140625,6.615276851939541,0.6400012969970703,74607200,3862300,64975100
2025-06-26,143.67999267578125,289.969482421875,22.5,146.0,290.9429119618432,22.6200008392334,141.91000366210938,288.22132264236177,22.209999084472656,145.97000122070312,289.84035061107363,22.399999618530273,4.089996337890625,2.7215893194814385,0.4100017547607422,58180100,3621100,63229300
2025-06-27,143.80999755859375,287.75445556640625,22.690000534057617,147.75,291.1514706816667,23.3799991607666,141.6300048828125,286.5823571292194,22.420000076293945,144.17999267578125,291.00248410865163,22.709999084472656,6.1199951171875,4.569113552447277,0.9599990844726562,61937900,3562500,95542400
2025-06-30,141.89999389648438,292.80035400390625,22.399999618530273,146.0,292.8301513213436,22.969999313354492,141.00999450683594,288.05245611221704,22.270000457763672,144.0,288.97620326540726,22.969999313354492,4.9900054931640625,4.777695209126534,0.6999988555908203,42972500,3495400,77102400
2025-07-01,136.11000061035156,289.244384765625,22.850000381469727,140.22999572753906,293.12809949512854,23.15999984741211,135.1199951171875,288.13188094670625,22.280000686645508,138.77000427246094,292.5718627419839,22.329999923706055,5.1100006103515625,4.996218548422291,0.8799991607666016,55257200,3272800,79094900
2025-07-02,138.52000427246094,285.7182312011719,21.8799991607666,139.77999877929688,288.2411818846059,22.770000457763672,135.22000122070312,284.97326795435185,21.520000457763672,135.52999877929688,288.05245543706764,22.530000686645508,4.55999755859375,3.2679139302540534,1.25,39228000,3257500,138245300
2025-07-03,137.91000366210938,290.00921630859375,22.489999771118164,139.5,290.3568718737525,22.6299991607666,137.32000732421875,285.9665419600921,21.989999771118164,139.11000061035156,286.00628181935826,22.149999618530273,2.17999267578125,4.390329913660366,0.6399993896484375,28646000,1853300,61176000
2025-07-07,134.8000030517578,290.505859375,22.0,137.44000244140625,293.2373911900472,22.389999389648438,133.5,288.4100137470683,21.860000610351562,136.55999755859375,290.5356566913862,22.209999084472656,3.94000244140625,4.8273774429789,0.529998779296875,37395000,4488100,80725200
2025-07-08,137.82000732421875,288.4696350097656,23.59000015258789,139.14999389648438,293.62475255454933,23.790000915527344,135.91000366210938,287.5458575883251,22.1299991607666,137.32000732421875,291.13162961505077,22.18000030517578,3.239990234375,6.078894966224254,1.6600017547607422,36124600,2925300,119545500
2025-07-09,138.41000366210938,288.1915283203125,23.440000534057617,140.64999389648438,289.6417149458402,23.530000686645508,137.58999633789062,286.69165929100484,23.1299991607666,138.69000244140625,289.43313372533356,23.290000915527344,3.05999755859375,2.950055654835353,0.40000152587890625,37013100,2971300,70247700
2025-07-10,144.16000366210938,285.49969482421875,23.81999969482422,145.82000732421875,286.9598239359895,24.040000915527344,141.85000610351562,280.314749642893,23.479999542236328,143.0,286.9598239359895,23.6299991607666,3.970001220703125,6.645074293096513,0.5600013732910156,61101500,3487800,54599800
2025-07-11,146.4199981689453,281.68548583984375,23.43000030517578,147.39999389648438,285.499693844463,23.65999984741211,141.60000610351562,281.02000234610693,23.15999984741211,142.60000610351562,283.0959628575657,23.559999465942383,5.79998779296875,4.47969149835609,0.5,50049200,3790700,49367900
2025-07-14,146.24000549316406,281.8841552734375,23.299999237060547,147.5800018310547,283.01648359394477,23.399999618530273,141.89999389648438,279.81810698889365,22.8799991607666,145.08999633789062,280.93058053628,23.239999771118164,5.6800079345703125,3.1983766050511235,0.5200004577636719,44718600,2857100,48420500
2025-07-15,155.61000061035156,280.8014831542969,22.920000076293945,158.67999267578125,282.2417271987394,23.780000686645508,153.55999755859375,278.84471187483865,22.899999618530273,153.75,281.8642743154991,23.56999969482422,5.1199951171875,3.397015323900746,0.8800010681152344,93370100,2864100,66099400
2025-07-16,160.0800018310547,280.0267333984375,22.690000534057617,160.36000061035156,281.9636196664438,23.1299991607666,152.85000610351562,277.9904823216526,22.25,155.30999755859375,280.85114605992345,22.989999771118164,7.5099945068359375,3.973137344791155,0.8799991607666016,59492800,2804800,58865900
2025-07-17,160.41000366210938,280.1061706542969,22.799999237060547,161.9600067138672,281.5563572346867,23.049999237060547,158.67999267578125,279.0135518693603,22.59000015258789,161.80999755859375,279.6095285077467,22.65999984741211,3.2800140380859375,2.5428053653263873,0.45999908447265625,50605100,3337200,49384000
2025-07-18,156.99000549316406,283.9501647949219,23.100000381469727,160.8300018310547,285.23150996991046,23.59000015258789,155.80999755859375,280.32468333093567,22.899999618530273,159.58999633789062,281.4768967029044,23.219999313354492,5.0200042724609375,4.906826638974792,0.6900005340576172,48859800,4478200,60195600
2025-07-21,157.0,282.7979736328125,23.260000228881836,160.33999633789062,285.79771171507707,23.829999923706055,156.9199981689453,282.4702031408609,23.15999984741211,157.6199951171875,284.36737985220583,23.399999618530273,3.4199981689453125,3.3275085742161536,0.6700000762939453,39021100,3051800,61658000
2025-07-22,154.72000122070312,280.0664367675781,23.239999771118164,156.22999572753906,282.96684030284115,23.540000915527344,149.33999633789062,279.36121339197433,23.079999923706055,156.1999969482422,282.8277659487784,23.34000015258789,6.8899993896484375,3.6056269108668175,0.46000099182128906,49028000,4824200,53969800
2025-07-23,158.64999389648438,280.1161193847656,23.489999771118164,159.4499969482422,286.14533213946464,23.6200008392334,156.0,279.5499400501606,22.920000076293945,156.32000732421875,282.3907186411148,23.260000228881836,3.4499969482421875,6.595392089304028,0.7000007629394531,41510900,8105900,68711700
2025-07-24,162.1199951171875,258.760498046875,22.6299991607666,163.92999267578125,260.29013401631516,23.579999923706055,158.36000061035156,251.05260231723193,22.600000381469727,159.1199951171875,259.49551871563534,23.489999771118164,5.5699920654296875,9.237531699083235,0.9799995422363281,48440100,22647700,131963300
2025-07-25,166.47000122070312,257.9757995605469,20.700000762939453,167.17999267578125,259.0485332667897,21.049999237060547,162.36000061035156,254.62843632019013,20.360000610351562,163.50999450683594,258.27377272543896,20.68000030517578,4.8199920654296875,4.420096946599585,0.6899986267089844,53432300,7758700,245077700
2025-07-28,173.66000366210938,261.4423522949219,20.68000030517578,174.6999969482422,262.22705537999724,21.290000915527344,168.6699981689453,257.8665227499411,20.649999618530273,169.0800018310547,258.55189134242204,20.81999969482422,6.029998779296875,4.360532630056127,0.6400012969970703,68267800,5192500,86105600
2025-07-29,177.44000244140625,260.6477355957031,20.40999984741211,182.30999755859375,264.01495359457033,20.850000381469727,174.67999267578125,259.26705587502215,20.34000015258789,175.2100067138672,262.5250271514573,20.690000534057617,7.6300048828125,4.7478977195481775,0.5100002288818359,108154800,4627300,100831500
2025-07-30,179.50999450683594,258.5121765136719,20.34000015258789,180.3699951171875,260.2404814615042,20.6200008392334,173.8000030517578,257.16129412977705,20.079999923706055,175.61000061035156,259.8431738118753,20.43000030517578,6.5699920654296875,3.079187331727155,0.5400009155273438,64820300,3718300,67420300
2025-07-31,176.30999755859375,251.4499053955078,19.799999237060547,182.5,258.2439661244664,20.229999542236328,173.0,250.52615830492192,19.65999984741211,182.02000427246094,257.82680370861544,20.170000076293945,9.5,7.7178078195444755,0.5699996948242188,71765300,6739100,90665200
2025-08-01,171.6999969482422,248.37074279785156,19.309999465942383,174.39999389648438,249.7911320749745,19.549999237060547,166.82000732421875,243.96055807104682,18.969999313354492,170.16000366210938,249.72161005510424,19.5,7.579986572265625,5.830574003927694,0.5799999237060547,75396100,9683400,86496100
2025-08-04,176.77999877929688,250.2877655029297,19.5,177.86000061035156,250.38709999221447,19.59000015258789,173.55999755859375,246.4437602373869,19.350000381469727,174.61000061035156,249.36401840910457,19.520000457763672,4.3000030517578125,3.9433397548275764,0.23999977111816406,52951000,5280600,69249400
2025-08-05,174.30999755859375,248.986572265625,20.190000534057617,177.99000549316406,251.1022726627786,20.540000915527344,171.8000030517578,247.32778931268734,19.68000030517578,177.57000732421875,250.30764219597273,19.700000762939453,6.19000244140625,3.774483350091259,0.8600006103515625,88808500,5823000,97338200
2025-08-06,163.1199951171875,250.58575439453125,20.40999984741211,166.17999267578125,252.61206279263675,20.479999542236328,157.8000030517578,247.6059015848709,19.8700008392334,165.0500030517578,249.84079119211617,20.1200008392334,8.379989624023438,5.006161207765842,0.6099987030029297,133641800,3692100,67074200
2025-08-07,172.39999389648438,248.47999572753906,19.770000457763672,175.75,253.2874879395426,20.440000534057617,166.6999969482422,247.2085930790144,19.600000381469727,166.83999633789062,251.1121929710514,20.0,9.050003051757812,6.07889486052818,0.8400001525878906,95448300,6251300,131382800
2025-08-08,172.75999450683594,242.27000427246094,19.950000762939453,176.47999572753906,249.47999572753906,20.020000457763672,170.52000427246094,241.64999389648438,19.610000610351562,174.0399932861328,248.8800048828125,20.0,5.959991455078125,7.8300018310546875,0.4099998474121094,68866700,6828400,75415000
2025-08-11,172.27999877929688,236.3000030517578,20.649999618530273,178.82000732421875,243.14999389648438,21.600000381469727,169.3800048828125,234.6999969482422,20.440000534057617,170.0399932861328,242.24000549316406,20.450000762939453,9.44000244140625,8.449996948242188,1.1599998474121094,70651000,9382000,175545600
2025-08-12,174.9499969482422,234.77000427246094,21.809999465942383,175.16000366210938,237.9600067138672,21.860000610351562,168.5,233.36000061035156,20.760000228881836,173.32000732421875,236.52999877929688,21.200000762939453,6.660003662109375,4.600006103515625,1.1000003814697266,52243500,8792800,134153600
2025-08-13,184.4199981689453,240.07000732421875,22.219999313354492,186.64999389648438,240.83999633789062,22.299999237060547,179.3800048828125,236.1999969482422,21.360000610351562,179.91000366210938,236.1999969482422,21.6200008392334,7.269989013671875,4.6399993896484375,0.9399986267089844,108305100,5663600,86024400
2025-08-14,180.9499969482422,237.11000061035156,23.860000610351562,185.44000244140625,239.0,24.200000762939453,179.55999755859375,235.6199951171875,21.899999618530273,179.8300018310547,238.25,21.989999771118164,5.8800048828125,3.3800048828125,2.3000011444091797,66308800,4556700,188052500
2025-08-15,177.50999450683594,239.72000122070312,24.559999465942383,180.13999938964844,240.6199951171875,25.649999618530273,176.25,236.77000427246094,24.110000610351562,180.05999755859375,237.61000061035156,25.010000228881836,3.8899993896484375,3.8499908447265625,1.539999008178711,51543100,4344300,310161100
2025-08-18,176.13999938964844,239.4499969482422,23.65999984741211,178.8000030517578,241.4199981689453,24.899999618530273,174.36000061035156,239.1199951171875,23.209999084472656,176.75999450683594,239.57000732421875,24.0,4.44000244140625,2.3000030517578125,1.6900005340576172,35937500,3569600,212515600
2025-08-19,166.5500030517578,241.27999877929688,25.309999465942383,173.1699981689453,242.8300018310547,26.530000686645508,166.10000610351562,239.49000549316406,24.940000534057617,173.10000610351562,240.0,24.940000534057617,7.0699920654296875,3.339996337890625,1.5900001525878906,64455000,3328300,297659200
2025-08-20,165.1999969482422,242.5500030517578,23.540000915527344,166.64999389648438,242.8800048828125,24.93000030517578,158.25,240.33999633789062,23.329999923706055,164.10000610351562,242.11000061035156,24.899999618530273,8.399993896484375,2.540008544921875,1.6000003814697266,60233200,3240100,161149400
2025-08-21,163.7100067138672,239.39999389648438,23.5,165.8800048828125,242.5,23.56999969482422,162.25999450683594,238.64999389648438,22.780000686645508,165.86000061035156,242.2100067138672,23.530000686645508,3.6200103759765625,3.850006103515625,0.7899990081787109,37880500,2991900,97718300
2025-08-22,167.75999450683594,242.08999633789062,24.799999237060547,168.52999877929688,243.67999267578125,25.229999542236328,161.8000030517578,240.22000122070312,23.649999618530273,162.1699981689453,240.74000549316406,23.649999618530273,6.7299957275390625,3.459991455078125,1.5799999237060547,43998600,3134900,200266800
2025-08-25,163.36000061035156,239.42999267578125,24.549999237060547,165.58999633789062,242.57000732421875,25.8799991607666,161.72000122070312,239.42999267578125,24.440000534057617,165.5500030517578,242.57000732421875,25.5,3.8699951171875,3.1400146484375,1.4399986267089844,36134700,3513300,156825600
2025-08-26,166.6199951171875,242.6300048828125,24.350000381469727,169.77000427246094,244.97999572753906,24.739999771118164,164.91000366210938,240.3800048828125,24.100000381469727,168.64999389648438,241.02000427246094,24.579999923706055,4.8600006103515625,4.5999908447265625,0.6399993896484375,52138600,5386600,78558200
2025-08-27,167.1300048828125,244.83999633789062,24.850000381469727,167.67999267578125,245.9600067138672,24.989999771118164,164.64999389648438,242.0,24.049999237060547,166.0399932861328,242.8699951171875,24.190000534057617,3.029998779296875,3.9600067138671875,0.9400005340576172,37031000,3698400,90934400
2025-08-28,168.5800018310547,245.72999572753906,24.93000030517578,170.99000549316406,245.8800048828125,25.139999389648438,166.64999389648438,243.36000061035156,24.610000610351562,168.5,245.42999267578125,24.959999084472656,4.3400115966796875,2.5200042724609375,0.529998779296875,36285200,2820800,60035100
2025-08-29,162.6300048828125,243.49000549316406,24.350000381469727,168.57000732421875,245.4600067138672,24.969999313354492,161.89999389648438,241.72000122070312,24.280000686645508,166.80999755859375,245.22999572753906,24.760000228881836,6.670013427734375,3.7400054931640625,0.6899986267089844,37516800,2967600,63734400
2025-09-02,162.32000732421875,241.5,24.209999084472656,162.38999938964844,241.5500030517578,24.239999771118164,156.6199951171875,238.25,23.68000030517578,158.4199981689453,240.89999389648438,23.8799991607666,5.7700042724609375,3.3000030517578125,0.5599994659423828,38656100,3469500,57661800
2025-09-03,162.1300048828125,244.10000610351562,24.0,164.75,244.25,24.09000015258789,160.5800018310547,239.41000366210938,23.719999313354492,161.80999755859375,240.02000427246094,24.09000015258789,4.1699981689453125,4.839996337890625,0.37000083923339844,30752800,3163200,47822900
2025-09-04,161.7899932861328,247.17999267578125,24.610000610351562,162.0500030517578,249.27999877929688,24.639999389648438,157.7899932861328,242.85000610351562,23.75,159.94000244140625,245.4199981689453,23.850000381469727,4.260009765625,6.42999267578125,0.8899993896484375,32103500,4765100,59056500
2025-09-05,151.13999938964844,248.52999877929688,24.489999771118164,157.13999938964844,249.02999877929688,24.709999084472656,150.17999267578125,245.4499969482422,24.170000076293945,157.1199951171875,248.22999572753906,24.600000381469727,6.9600067138671875,3.5800018310546875,0.5399990081787109,78256000,3147500,55975300
2025-09-08,151.41000366210938,256.0899963378906,24.479999542236328,152.63999938964844,257.1499938964844,24.739999771118164,149.22000122070312,247.02000427246094,24.1200008392334,151.8000030517578,248.6300048828125,24.479999542236328,3.4199981689453125,10.129989624023438,0.6199989318847656,41849000,6940300,51122100
2025-09-09,155.82000732421875,259.1099853515625,24.440000534057617,156.66000366210938,260.6600036621094,24.809999465942383,151.92999267578125,254.8800048828125,24.270000457763672,151.99000549316406,256.1199951171875,24.530000686645508,4.730010986328125,5.779998779296875,0.5399990081787109,42802500,4931100,42146200
2025-09-10,159.5399932861328,256.8800048828125,24.770000457763672,164.52999877929688,260.0799865722656,24.8700008392334,158.0,254.55999755859375,24.280000686645508,163.5399932861328,259.6499938964844,24.420000076293945,6.529998779296875,5.519989013671875,0.5900001525878906,52465300,5185400,61600700
2025-09-11,155.6699981689453,257.010009765625,24.610000610351562,160.2100067138672,258.54998779296875,24.93000030517578,154.99000549316406,255.66000366210938,24.56999969482422,158.6199951171875,257.55999755859375,24.760000228881836,5.220001220703125,2.889984130859375,0.3600006103515625,48817700,3576000,55536900
2025-09-12,158.57000732421875,253.44000244140625,24.079999923706055,160.41000366210938,257.25,24.6299991607666,154.9199981689453,252.42999267578125,24.049999237060547,157.0,256.95001220703125,24.610000610351562,5.4900054931640625,4.82000732421875,0.5799999237060547,42232800,3433300,52672800
2025-09-15,161.16000366210938,256.239990234375,24.770000457763672,162.3000030517578,259.04998779296875,25.459999084472656,157.60000610351562,254.0,24.219999313354492,160.00999450683594,254.02000427246094,24.329999923706055,4.6999969482421875,5.04998779296875,1.239999771118164,36808700,4028400,83951600
2025-09-16,160.4600067138672,257.5199890136719,25.270000457763672,161.9499969482422,258.0,25.34000015258789,159.22000122070312,254.41000366210938,24.690000534057617,161.3699951171875,256.260009765625,24.81999969482422,2.7299957275390625,3.589996337890625,0.6499996185302734,27946500,2719900,60336600
2025-09-17,159.16000366210938,259.0799865722656,24.899999618530273,161.6300048828125,260.9599914550781,25.260000228881836,155.75999450683594,257.010009765625,24.450000762939453,159.27999877929688,257.5,25.079999923706055,5.8700103759765625,3.949981689453125,0.8099994659423828,41823800,3974800,63093700
2025-09-18,157.9199981689453,265.0,30.56999969482422,158.77000427246094,265.2300109863281,32.380001068115234,149.85000610351562,256.79998779296875,30.15999984741211,150.9600067138672,258.8599853515625,31.780000686645508,8.919998168945312,8.430023193359375,2.220001220703125,84549500,4988400,523908000
2025-09-19,157.38999938964844,266.3999938964844,29.579999923706055,159.83999633789062,267.8699951171875,30.6299991607666,155.89999389648438,263.6400146484375,29.329999923706055,157.3800048828125,266.04998779296875,30.3799991607666,3.94000244140625,4.22998046875,1.2999992370605469,55448100,9858100,225702900
2025-09-22,159.7899932861328,271.3699951171875,28.760000228881836,162.67999267578125,272.30999755859375,30.100000381469727,157.4199981689453,266.0,28.729999542236328,157.4199981689453,266.6199951171875,29.670000076293945,5.2599945068359375,6.30999755859375,1.3700008392333984,46505500,5030500,130314500
2025-09-23,160.89999389648438,272.239990234375,29.34000015258789,163.38999938964844,273.29998779296875,30.200000762939453,159.2100067138672,269.2699890136719,28.81999969482422,160.52000427246094,272.70001220703125,28.989999771118164,4.17999267578125,4.029998779296875,1.3800010681152344,39448300,5394100,126317900
2025-09-24,160.8800048828125,267.5299987792969,31.219999313354492,165.10000610351562,273.6499938964844,31.700000762939453,158.42999267578125,267.29998779296875,29.229999542236328,162.97999572753906,272.6199951171875,29.3799991607666,6.670013427734375,6.350006103515625,2.470001220703125,38464100,3159900,164458500
2025-09-25,161.27000427246094,281.44000244140625,33.9900016784668,161.6300048828125,284.2300109863281,34.25,154.77999877929688,271.1499938964844,31.209999084472656,157.13999938964844,272.94000244140625,31.610000610351562,6.850006103515625,13.08001708984375,3.0400009155273438,36809900,11506200,295709300
2025-09-26,159.4600067138672,284.30999755859375,35.5,162.11000061035156,288.8500061035156,36.29999923706055,157.0500030517578,280.1099853515625,34.4900016784668,160.52000427246094,280.510009765625,35.02000045776367,5.05999755859375,8.740020751953125,1.80999755859375,30316900,9063900,268583300
2025-09-29,161.36000061035156,279.79998779296875,34.47999954223633,164.3000030517578,286.0,35.04999923706055,159.89999389648438,279.6600036621094,33.72999954223633,160.1199951171875,286.0,34.52000045776367,4.4000091552734375,6.339996337890625,1.3199996948242188,39828800,6022100,152605900
2025-09-30,161.7899932861328,282.1600036621094,33.54999923706055,162.27999877929688,286.0199890136719,34.2400016784668,159.3300018310547,280.5199890136719,33.02000045776367,160.7899932861328,280.8800048828125,33.93000030517578,2.9499969482421875,5.5,1.220001220703125,29669300,5926900,124818400
2025-10-01,164.00999450683594,286.489990234375,35.939998626708984,164.17999267578125,286.5899963378906,36.060001373291016,160.49000549316406,280.1499938964844,33.5,160.92999267578125,280.20001220703125,33.529998779296875,3.6899871826171875,6.44000244140625,2.5600013732910156,39895200,4381300,162649700
2025-10-02,169.72999572753906,286.7200012207031,37.29999923706055,171.05999755859375,288.5400085449219,37.56999969482422,166.1199951171875,282.7900085449219,35.439998626708984,168.67999267578125,285.7900085449219,35.7599983215332,4.94000244140625,5.75,2.1300010681152344,55475200,3814200,149361700
2025-10-03,164.6699981689453,288.3699951171875,36.83000183105469,170.67999267578125,293.32000732421875,38.08000183105469,163.13999938964844,287.29998779296875,36.45000076293945,170.67999267578125,287.5,37.95000076293945,7.5399932861328125,6.02001953125,1.6300010681152344,42699100,4375100,125359300
2025-10-06,203.7100067138672,289.4200134277344,36.59000015258789,226.7100067138672,291.45001220703125,38.68000030517578,203.00999450683594,287.79998779296875,36.43000030517578,226.4499969482422,288.6099853515625,37.189998626708984,23.70001220703125,3.6500244140625,2.25,248859600,2881900,112086100
2025-10-07,211.50999450683594,293.8699951171875,37.16999816894531,218.89999389648438,301.0400085449219,38.04999923706055,209.27999877929688,293.2900085449219,36.349998474121094,214.85000610351562,295.54998779296875,36.63999938964844,9.6199951171875,7.75,1.7000007629394531,115748100,7190100,111140200
2025-10-08,235.55999755859375,289.4599914550781,37.43000030517578,235.8699951171875,294.20001220703125,37.790000915527344,210.6999969482422,286.4700012207031,35.90999984741211,212.9499969482422,294.1600036621094,36.54999923706055,25.169998168945312,7.730010986328125,1.8800010681152344,159983500,5297000,103202100
2025-10-09,232.88999938964844,288.2300109863281,37.79999923706055,240.10000610351562,290.1300048828125,38.099998474121094,229.52999877929688,283.32000732421875,36.86000061035156,236.3000030517578,289.82000732421875,37.529998779296875,10.57000732421875,6.80999755859375,1.2399978637695312,94290700,4912400,89884700
2025-10-10,214.89999389648438,277.82000732421875,36.369998931884766,234.22000122070312,290.3900146484375,39.650001525878906,213.1999969482422,277.5,36.29999923706055,232.77000427246094,288.9700012207031,38.459999084472656,21.020004272460938,12.8900146484375,3.3500022888183594,117630300,4503700,180853500
