2025-08-08 02:10:53,274:WARNING:C:\Users\hfasa\AppData\Local\Temp\ipykernel_30612\3221367548.py:1: UserWarning: Pandas doesn't allow columns to be created via a new attribute name - see https://pandas.pydata.org/pandas-docs/stable/indexing.html#attribute-access
  df.treino_2 = df_treino.copy()

2025-08-08 02:13:35,486:WARNING:<unknown>:1: SyntaxWarning: invalid decimal literal

2025-08-08 17:13:03,484:WARNING:C:\Users\hfasa\AppData\Local\Temp\ipykernel_26200\31246307.py:2: SettingWithCopyWarning: 
A value is trying to be set on a copy of a slice from a DataFrame.
Try using .loc[row_indexer,col_indexer] = value instead

See the caveats in the documentation: https://pandas.pydata.org/pandas-docs/stable/user_guide/indexing.html#returning-a-view-versus-a-copy
  df_trabalho['mau'] = df_trabalho['mau'].astype('int')

2025-08-08 17:13:03,514:WARNING:C:\Users\hfasa\AppData\Local\Temp\ipykernel_26200\31246307.py:5: SettingWithCopyWarning: 
A value is trying to be set on a copy of a slice from a DataFrame.
Try using .loc[row_indexer,col_indexer] = value instead

See the caveats in the documentation: https://pandas.pydata.org/pandas-docs/stable/user_guide/indexing.html#returning-a-view-versus-a-copy
  df_oot['mau'] = df_oot['mau'].astype('int')

2025-08-08 17:13:03,534:WARNING:C:\Users\hfasa\AppData\Local\Temp\ipykernel_26200\1065222783.py:1: SettingWithCopyWarning: 
A value is trying to be set on a copy of a slice from a DataFrame.
Try using .loc[row_indexer,col_indexer] = value instead

See the caveats in the documentation: https://pandas.pydata.org/pandas-docs/stable/user_guide/indexing.html#returning-a-view-versus-a-copy
  df_trabalho['Mês'] = df_trabalho['data_ref'].dt.month

2025-08-08 17:13:03,606:WARNING:C:\Users\hfasa\AppData\Local\Temp\ipykernel_26200\1065222783.py:3: SettingWithCopyWarning: 
A value is trying to be set on a copy of a slice from a DataFrame.
Try using .loc[row_indexer,col_indexer] = value instead

See the caveats in the documentation: https://pandas.pydata.org/pandas-docs/stable/user_guide/indexing.html#returning-a-view-versus-a-copy
  df_trabalho['Nome_mes'] = df_trabalho['data_ref'].dt.month_name(locale='pt_BR')

2025-08-08 17:13:03,700:WARNING:C:\Users\hfasa\AppData\Local\Temp\ipykernel_26200\1065222783.py:5: SettingWithCopyWarning: 
A value is trying to be set on a copy of a slice from a DataFrame.
Try using .loc[row_indexer,col_indexer] = value instead

See the caveats in the documentation: https://pandas.pydata.org/pandas-docs/stable/user_guide/indexing.html#returning-a-view-versus-a-copy
  df_trabalho["Dia_semana"] = df_trabalho["data_ref"].dt.day_name(locale="pt_BR")

2025-08-08 17:13:03,716:WARNING:C:\Users\hfasa\AppData\Local\Temp\ipykernel_26200\1065222783.py:8: SettingWithCopyWarning: 
A value is trying to be set on a copy of a slice from a DataFrame.
Try using .loc[row_indexer,col_indexer] = value instead

See the caveats in the documentation: https://pandas.pydata.org/pandas-docs/stable/user_guide/indexing.html#returning-a-view-versus-a-copy
  df_trabalho["Dia do mês"] = df_trabalho["data_ref"].dt.day

2025-08-08 17:13:05,074:WARNING:C:\Users\hfasa\AppData\Local\Temp\ipykernel_26200\1065222783.py:11: SettingWithCopyWarning: 
A value is trying to be set on a copy of a slice from a DataFrame.
Try using .loc[row_indexer,col_indexer] = value instead

See the caveats in the documentation: https://pandas.pydata.org/pandas-docs/stable/user_guide/indexing.html#returning-a-view-versus-a-copy
  df_trabalho['Ano_Trimestre'] = df_trabalho['data_ref'].dt.to_period('Q').apply(lambda x: f"{x.year}-T{x.quarter}")

2025-08-08 17:13:05,088:WARNING:C:\Users\hfasa\AppData\Local\Temp\ipykernel_26200\1065222783.py:13: SettingWithCopyWarning: 
A value is trying to be set on a copy of a slice from a DataFrame.
Try using .loc[row_indexer,col_indexer] = value instead

See the caveats in the documentation: https://pandas.pydata.org/pandas-docs/stable/user_guide/indexing.html#returning-a-view-versus-a-copy
  df_trabalho['Ano'] = df_trabalho['data_ref'].dt.year

2025-08-08 17:13:06,518:WARNING:C:\Users\hfasa\AppData\Local\Temp\ipykernel_26200\3236597821.py:253: FutureWarning: The default of observed=False is deprecated and will be changed to True in a future version of pandas. Pass observed=False to retain current behavior or observed=True to adopt the future default and silence this warning.
  g = df.groupby(cat_srs)

2025-08-08 17:13:07,496:WARNING:c:\Users\hfasa\anaconda3\envs\EBAC\Lib\site-packages\statsmodels\base\model.py:607: ConvergenceWarning: Maximum Likelihood optimization failed to converge. Check mle_retvals
  warnings.warn("Maximum Likelihood optimization failed to "

2025-08-08 17:13:07,511:WARNING:C:\Users\hfasa\AppData\Local\Temp\ipykernel_26200\2314406483.py:11: DeprecationWarning: Conversion of an array with ndim > 0 to a scalar is deprecated, and will error in future. Ensure you extract a single element from your array before performing this operation. (Deprecated NumPy 1.25.)
  print(f"Probabilidade prevista de inadimplência: {float(probabilidade):.2%}")

2025-08-08 17:15:34,005:WARNING:C:\Users\hfasa\AppData\Local\Temp\ipykernel_26200\31246307.py:2: SettingWithCopyWarning: 
A value is trying to be set on a copy of a slice from a DataFrame.
Try using .loc[row_indexer,col_indexer] = value instead

See the caveats in the documentation: https://pandas.pydata.org/pandas-docs/stable/user_guide/indexing.html#returning-a-view-versus-a-copy
  df_trabalho['mau'] = df_trabalho['mau'].astype('int')

2025-08-08 17:15:34,032:WARNING:C:\Users\hfasa\AppData\Local\Temp\ipykernel_26200\31246307.py:5: SettingWithCopyWarning: 
A value is trying to be set on a copy of a slice from a DataFrame.
Try using .loc[row_indexer,col_indexer] = value instead

See the caveats in the documentation: https://pandas.pydata.org/pandas-docs/stable/user_guide/indexing.html#returning-a-view-versus-a-copy
  df_oot['mau'] = df_oot['mau'].astype('int')

2025-08-08 17:15:34,055:WARNING:C:\Users\hfasa\AppData\Local\Temp\ipykernel_26200\1065222783.py:1: SettingWithCopyWarning: 
A value is trying to be set on a copy of a slice from a DataFrame.
Try using .loc[row_indexer,col_indexer] = value instead

See the caveats in the documentation: https://pandas.pydata.org/pandas-docs/stable/user_guide/indexing.html#returning-a-view-versus-a-copy
  df_trabalho['Mês'] = df_trabalho['data_ref'].dt.month

2025-08-08 17:15:34,140:WARNING:C:\Users\hfasa\AppData\Local\Temp\ipykernel_26200\1065222783.py:3: SettingWithCopyWarning: 
A value is trying to be set on a copy of a slice from a DataFrame.
Try using .loc[row_indexer,col_indexer] = value instead

See the caveats in the documentation: https://pandas.pydata.org/pandas-docs/stable/user_guide/indexing.html#returning-a-view-versus-a-copy
  df_trabalho['Nome_mes'] = df_trabalho['data_ref'].dt.month_name(locale='pt_BR')

2025-08-08 17:15:34,240:WARNING:C:\Users\hfasa\AppData\Local\Temp\ipykernel_26200\1065222783.py:5: SettingWithCopyWarning: 
A value is trying to be set on a copy of a slice from a DataFrame.
Try using .loc[row_indexer,col_indexer] = value instead

See the caveats in the documentation: https://pandas.pydata.org/pandas-docs/stable/user_guide/indexing.html#returning-a-view-versus-a-copy
  df_trabalho["Dia_semana"] = df_trabalho["data_ref"].dt.day_name(locale="pt_BR")

2025-08-08 17:15:34,257:WARNING:C:\Users\hfasa\AppData\Local\Temp\ipykernel_26200\1065222783.py:8: SettingWithCopyWarning: 
A value is trying to be set on a copy of a slice from a DataFrame.
Try using .loc[row_indexer,col_indexer] = value instead

See the caveats in the documentation: https://pandas.pydata.org/pandas-docs/stable/user_guide/indexing.html#returning-a-view-versus-a-copy
  df_trabalho["Dia do mês"] = df_trabalho["data_ref"].dt.day

2025-08-08 17:15:35,684:WARNING:C:\Users\hfasa\AppData\Local\Temp\ipykernel_26200\1065222783.py:11: SettingWithCopyWarning: 
A value is trying to be set on a copy of a slice from a DataFrame.
Try using .loc[row_indexer,col_indexer] = value instead

See the caveats in the documentation: https://pandas.pydata.org/pandas-docs/stable/user_guide/indexing.html#returning-a-view-versus-a-copy
  df_trabalho['Ano_Trimestre'] = df_trabalho['data_ref'].dt.to_period('Q').apply(lambda x: f"{x.year}-T{x.quarter}")

2025-08-08 17:15:35,698:WARNING:C:\Users\hfasa\AppData\Local\Temp\ipykernel_26200\1065222783.py:13: SettingWithCopyWarning: 
A value is trying to be set on a copy of a slice from a DataFrame.
Try using .loc[row_indexer,col_indexer] = value instead

See the caveats in the documentation: https://pandas.pydata.org/pandas-docs/stable/user_guide/indexing.html#returning-a-view-versus-a-copy
  df_trabalho['Ano'] = df_trabalho['data_ref'].dt.year

2025-08-08 17:15:37,279:WARNING:C:\Users\hfasa\AppData\Local\Temp\ipykernel_26200\3236597821.py:253: FutureWarning: The default of observed=False is deprecated and will be changed to True in a future version of pandas. Pass observed=False to retain current behavior or observed=True to adopt the future default and silence this warning.
  g = df.groupby(cat_srs)

2025-08-08 17:15:38,254:WARNING:c:\Users\hfasa\anaconda3\envs\EBAC\Lib\site-packages\statsmodels\base\model.py:607: ConvergenceWarning: Maximum Likelihood optimization failed to converge. Check mle_retvals
  warnings.warn("Maximum Likelihood optimization failed to "

2025-08-08 17:15:38,271:WARNING:C:\Users\hfasa\AppData\Local\Temp\ipykernel_26200\2314406483.py:11: DeprecationWarning: Conversion of an array with ndim > 0 to a scalar is deprecated, and will error in future. Ensure you extract a single element from your array before performing this operation. (Deprecated NumPy 1.25.)
  print(f"Probabilidade prevista de inadimplência: {float(probabilidade):.2%}")

2025-08-08 17:15:38,632:WARNING:c:\Users\hfasa\anaconda3\envs\EBAC\Lib\site-packages\sklearn\base.py:493: UserWarning: X does not have valid feature names, but StandardScaler was fitted with feature names
  warnings.warn(

2025-08-08 17:16:09,772:WARNING:C:\Users\hfasa\AppData\Local\Temp\ipykernel_26200\31246307.py:2: SettingWithCopyWarning: 
A value is trying to be set on a copy of a slice from a DataFrame.
Try using .loc[row_indexer,col_indexer] = value instead

See the caveats in the documentation: https://pandas.pydata.org/pandas-docs/stable/user_guide/indexing.html#returning-a-view-versus-a-copy
  df_trabalho['mau'] = df_trabalho['mau'].astype('int')

2025-08-08 17:16:09,797:WARNING:C:\Users\hfasa\AppData\Local\Temp\ipykernel_26200\31246307.py:5: SettingWithCopyWarning: 
A value is trying to be set on a copy of a slice from a DataFrame.
Try using .loc[row_indexer,col_indexer] = value instead

See the caveats in the documentation: https://pandas.pydata.org/pandas-docs/stable/user_guide/indexing.html#returning-a-view-versus-a-copy
  df_oot['mau'] = df_oot['mau'].astype('int')

2025-08-08 17:16:09,817:WARNING:C:\Users\hfasa\AppData\Local\Temp\ipykernel_26200\1065222783.py:1: SettingWithCopyWarning: 
A value is trying to be set on a copy of a slice from a DataFrame.
Try using .loc[row_indexer,col_indexer] = value instead

See the caveats in the documentation: https://pandas.pydata.org/pandas-docs/stable/user_guide/indexing.html#returning-a-view-versus-a-copy
  df_trabalho['Mês'] = df_trabalho['data_ref'].dt.month

2025-08-08 17:16:09,890:WARNING:C:\Users\hfasa\AppData\Local\Temp\ipykernel_26200\1065222783.py:3: SettingWithCopyWarning: 
A value is trying to be set on a copy of a slice from a DataFrame.
Try using .loc[row_indexer,col_indexer] = value instead

See the caveats in the documentation: https://pandas.pydata.org/pandas-docs/stable/user_guide/indexing.html#returning-a-view-versus-a-copy
  df_trabalho['Nome_mes'] = df_trabalho['data_ref'].dt.month_name(locale='pt_BR')

2025-08-08 17:16:09,986:WARNING:C:\Users\hfasa\AppData\Local\Temp\ipykernel_26200\1065222783.py:5: SettingWithCopyWarning: 
A value is trying to be set on a copy of a slice from a DataFrame.
Try using .loc[row_indexer,col_indexer] = value instead

See the caveats in the documentation: https://pandas.pydata.org/pandas-docs/stable/user_guide/indexing.html#returning-a-view-versus-a-copy
  df_trabalho["Dia_semana"] = df_trabalho["data_ref"].dt.day_name(locale="pt_BR")

2025-08-08 17:16:10,001:WARNING:C:\Users\hfasa\AppData\Local\Temp\ipykernel_26200\1065222783.py:8: SettingWithCopyWarning: 
A value is trying to be set on a copy of a slice from a DataFrame.
Try using .loc[row_indexer,col_indexer] = value instead

See the caveats in the documentation: https://pandas.pydata.org/pandas-docs/stable/user_guide/indexing.html#returning-a-view-versus-a-copy
  df_trabalho["Dia do mês"] = df_trabalho["data_ref"].dt.day

2025-08-08 17:16:11,402:WARNING:C:\Users\hfasa\AppData\Local\Temp\ipykernel_26200\1065222783.py:11: SettingWithCopyWarning: 
A value is trying to be set on a copy of a slice from a DataFrame.
Try using .loc[row_indexer,col_indexer] = value instead

See the caveats in the documentation: https://pandas.pydata.org/pandas-docs/stable/user_guide/indexing.html#returning-a-view-versus-a-copy
  df_trabalho['Ano_Trimestre'] = df_trabalho['data_ref'].dt.to_period('Q').apply(lambda x: f"{x.year}-T{x.quarter}")

2025-08-08 17:16:11,417:WARNING:C:\Users\hfasa\AppData\Local\Temp\ipykernel_26200\1065222783.py:13: SettingWithCopyWarning: 
A value is trying to be set on a copy of a slice from a DataFrame.
Try using .loc[row_indexer,col_indexer] = value instead

See the caveats in the documentation: https://pandas.pydata.org/pandas-docs/stable/user_guide/indexing.html#returning-a-view-versus-a-copy
  df_trabalho['Ano'] = df_trabalho['data_ref'].dt.year

2025-08-08 17:16:12,803:WARNING:C:\Users\hfasa\AppData\Local\Temp\ipykernel_26200\3236597821.py:253: FutureWarning: The default of observed=False is deprecated and will be changed to True in a future version of pandas. Pass observed=False to retain current behavior or observed=True to adopt the future default and silence this warning.
  g = df.groupby(cat_srs)

2025-08-08 17:16:13,826:WARNING:c:\Users\hfasa\anaconda3\envs\EBAC\Lib\site-packages\statsmodels\base\model.py:607: ConvergenceWarning: Maximum Likelihood optimization failed to converge. Check mle_retvals
  warnings.warn("Maximum Likelihood optimization failed to "

2025-08-08 17:16:13,840:WARNING:C:\Users\hfasa\AppData\Local\Temp\ipykernel_26200\2314406483.py:11: DeprecationWarning: Conversion of an array with ndim > 0 to a scalar is deprecated, and will error in future. Ensure you extract a single element from your array before performing this operation. (Deprecated NumPy 1.25.)
  print(f"Probabilidade prevista de inadimplência: {float(probabilidade):.2%}")

2025-08-08 17:18:28,508:WARNING:C:\Users\hfasa\AppData\Local\Temp\ipykernel_26200\31246307.py:2: SettingWithCopyWarning: 
A value is trying to be set on a copy of a slice from a DataFrame.
Try using .loc[row_indexer,col_indexer] = value instead

See the caveats in the documentation: https://pandas.pydata.org/pandas-docs/stable/user_guide/indexing.html#returning-a-view-versus-a-copy
  df_trabalho['mau'] = df_trabalho['mau'].astype('int')

2025-08-08 17:18:28,534:WARNING:C:\Users\hfasa\AppData\Local\Temp\ipykernel_26200\31246307.py:5: SettingWithCopyWarning: 
A value is trying to be set on a copy of a slice from a DataFrame.
Try using .loc[row_indexer,col_indexer] = value instead

See the caveats in the documentation: https://pandas.pydata.org/pandas-docs/stable/user_guide/indexing.html#returning-a-view-versus-a-copy
  df_oot['mau'] = df_oot['mau'].astype('int')

2025-08-08 17:18:28,554:WARNING:C:\Users\hfasa\AppData\Local\Temp\ipykernel_26200\1065222783.py:1: SettingWithCopyWarning: 
A value is trying to be set on a copy of a slice from a DataFrame.
Try using .loc[row_indexer,col_indexer] = value instead

See the caveats in the documentation: https://pandas.pydata.org/pandas-docs/stable/user_guide/indexing.html#returning-a-view-versus-a-copy
  df_trabalho['Mês'] = df_trabalho['data_ref'].dt.month

2025-08-08 17:18:28,633:WARNING:C:\Users\hfasa\AppData\Local\Temp\ipykernel_26200\1065222783.py:3: SettingWithCopyWarning: 
A value is trying to be set on a copy of a slice from a DataFrame.
Try using .loc[row_indexer,col_indexer] = value instead

See the caveats in the documentation: https://pandas.pydata.org/pandas-docs/stable/user_guide/indexing.html#returning-a-view-versus-a-copy
  df_trabalho['Nome_mes'] = df_trabalho['data_ref'].dt.month_name(locale='pt_BR')

2025-08-08 17:18:28,728:WARNING:C:\Users\hfasa\AppData\Local\Temp\ipykernel_26200\1065222783.py:5: SettingWithCopyWarning: 
A value is trying to be set on a copy of a slice from a DataFrame.
Try using .loc[row_indexer,col_indexer] = value instead

See the caveats in the documentation: https://pandas.pydata.org/pandas-docs/stable/user_guide/indexing.html#returning-a-view-versus-a-copy
  df_trabalho["Dia_semana"] = df_trabalho["data_ref"].dt.day_name(locale="pt_BR")

2025-08-08 17:18:28,743:WARNING:C:\Users\hfasa\AppData\Local\Temp\ipykernel_26200\1065222783.py:8: SettingWithCopyWarning: 
A value is trying to be set on a copy of a slice from a DataFrame.
Try using .loc[row_indexer,col_indexer] = value instead

See the caveats in the documentation: https://pandas.pydata.org/pandas-docs/stable/user_guide/indexing.html#returning-a-view-versus-a-copy
  df_trabalho["Dia do mês"] = df_trabalho["data_ref"].dt.day

2025-08-08 17:18:30,108:WARNING:C:\Users\hfasa\AppData\Local\Temp\ipykernel_26200\1065222783.py:11: SettingWithCopyWarning: 
A value is trying to be set on a copy of a slice from a DataFrame.
Try using .loc[row_indexer,col_indexer] = value instead

See the caveats in the documentation: https://pandas.pydata.org/pandas-docs/stable/user_guide/indexing.html#returning-a-view-versus-a-copy
  df_trabalho['Ano_Trimestre'] = df_trabalho['data_ref'].dt.to_period('Q').apply(lambda x: f"{x.year}-T{x.quarter}")

2025-08-08 17:18:30,122:WARNING:C:\Users\hfasa\AppData\Local\Temp\ipykernel_26200\1065222783.py:13: SettingWithCopyWarning: 
A value is trying to be set on a copy of a slice from a DataFrame.
Try using .loc[row_indexer,col_indexer] = value instead

See the caveats in the documentation: https://pandas.pydata.org/pandas-docs/stable/user_guide/indexing.html#returning-a-view-versus-a-copy
  df_trabalho['Ano'] = df_trabalho['data_ref'].dt.year

2025-08-08 17:18:31,502:WARNING:C:\Users\hfasa\AppData\Local\Temp\ipykernel_26200\3236597821.py:253: FutureWarning: The default of observed=False is deprecated and will be changed to True in a future version of pandas. Pass observed=False to retain current behavior or observed=True to adopt the future default and silence this warning.
  g = df.groupby(cat_srs)

2025-08-08 17:18:32,496:WARNING:c:\Users\hfasa\anaconda3\envs\EBAC\Lib\site-packages\statsmodels\base\model.py:607: ConvergenceWarning: Maximum Likelihood optimization failed to converge. Check mle_retvals
  warnings.warn("Maximum Likelihood optimization failed to "

2025-08-08 17:18:32,510:WARNING:C:\Users\hfasa\AppData\Local\Temp\ipykernel_26200\2314406483.py:11: DeprecationWarning: Conversion of an array with ndim > 0 to a scalar is deprecated, and will error in future. Ensure you extract a single element from your array before performing this operation. (Deprecated NumPy 1.25.)
  print(f"Probabilidade prevista de inadimplência: {float(probabilidade):.2%}")

2025-08-08 17:18:47,481:WARNING:C:\Users\hfasa\AppData\Local\Temp\ipykernel_26200\31246307.py:2: SettingWithCopyWarning: 
A value is trying to be set on a copy of a slice from a DataFrame.
Try using .loc[row_indexer,col_indexer] = value instead

See the caveats in the documentation: https://pandas.pydata.org/pandas-docs/stable/user_guide/indexing.html#returning-a-view-versus-a-copy
  df_trabalho['mau'] = df_trabalho['mau'].astype('int')

2025-08-08 17:18:47,508:WARNING:C:\Users\hfasa\AppData\Local\Temp\ipykernel_26200\31246307.py:5: SettingWithCopyWarning: 
A value is trying to be set on a copy of a slice from a DataFrame.
Try using .loc[row_indexer,col_indexer] = value instead

See the caveats in the documentation: https://pandas.pydata.org/pandas-docs/stable/user_guide/indexing.html#returning-a-view-versus-a-copy
  df_oot['mau'] = df_oot['mau'].astype('int')

2025-08-08 17:18:47,528:WARNING:C:\Users\hfasa\AppData\Local\Temp\ipykernel_26200\1065222783.py:1: SettingWithCopyWarning: 
A value is trying to be set on a copy of a slice from a DataFrame.
Try using .loc[row_indexer,col_indexer] = value instead

See the caveats in the documentation: https://pandas.pydata.org/pandas-docs/stable/user_guide/indexing.html#returning-a-view-versus-a-copy
  df_trabalho['Mês'] = df_trabalho['data_ref'].dt.month

2025-08-08 17:18:47,602:WARNING:C:\Users\hfasa\AppData\Local\Temp\ipykernel_26200\1065222783.py:3: SettingWithCopyWarning: 
A value is trying to be set on a copy of a slice from a DataFrame.
Try using .loc[row_indexer,col_indexer] = value instead

See the caveats in the documentation: https://pandas.pydata.org/pandas-docs/stable/user_guide/indexing.html#returning-a-view-versus-a-copy
  df_trabalho['Nome_mes'] = df_trabalho['data_ref'].dt.month_name(locale='pt_BR')

2025-08-08 17:18:47,700:WARNING:C:\Users\hfasa\AppData\Local\Temp\ipykernel_26200\1065222783.py:5: SettingWithCopyWarning: 
A value is trying to be set on a copy of a slice from a DataFrame.
Try using .loc[row_indexer,col_indexer] = value instead

See the caveats in the documentation: https://pandas.pydata.org/pandas-docs/stable/user_guide/indexing.html#returning-a-view-versus-a-copy
  df_trabalho["Dia_semana"] = df_trabalho["data_ref"].dt.day_name(locale="pt_BR")

2025-08-08 17:18:47,717:WARNING:C:\Users\hfasa\AppData\Local\Temp\ipykernel_26200\1065222783.py:8: SettingWithCopyWarning: 
A value is trying to be set on a copy of a slice from a DataFrame.
Try using .loc[row_indexer,col_indexer] = value instead

See the caveats in the documentation: https://pandas.pydata.org/pandas-docs/stable/user_guide/indexing.html#returning-a-view-versus-a-copy
  df_trabalho["Dia do mês"] = df_trabalho["data_ref"].dt.day

2025-08-08 17:18:49,101:WARNING:C:\Users\hfasa\AppData\Local\Temp\ipykernel_26200\1065222783.py:11: SettingWithCopyWarning: 
A value is trying to be set on a copy of a slice from a DataFrame.
Try using .loc[row_indexer,col_indexer] = value instead

See the caveats in the documentation: https://pandas.pydata.org/pandas-docs/stable/user_guide/indexing.html#returning-a-view-versus-a-copy
  df_trabalho['Ano_Trimestre'] = df_trabalho['data_ref'].dt.to_period('Q').apply(lambda x: f"{x.year}-T{x.quarter}")

2025-08-08 17:18:49,116:WARNING:C:\Users\hfasa\AppData\Local\Temp\ipykernel_26200\1065222783.py:13: SettingWithCopyWarning: 
A value is trying to be set on a copy of a slice from a DataFrame.
Try using .loc[row_indexer,col_indexer] = value instead

See the caveats in the documentation: https://pandas.pydata.org/pandas-docs/stable/user_guide/indexing.html#returning-a-view-versus-a-copy
  df_trabalho['Ano'] = df_trabalho['data_ref'].dt.year

2025-08-08 17:18:50,499:WARNING:C:\Users\hfasa\AppData\Local\Temp\ipykernel_26200\3236597821.py:253: FutureWarning: The default of observed=False is deprecated and will be changed to True in a future version of pandas. Pass observed=False to retain current behavior or observed=True to adopt the future default and silence this warning.
  g = df.groupby(cat_srs)

2025-08-08 17:18:51,528:WARNING:c:\Users\hfasa\anaconda3\envs\EBAC\Lib\site-packages\statsmodels\base\model.py:607: ConvergenceWarning: Maximum Likelihood optimization failed to converge. Check mle_retvals
  warnings.warn("Maximum Likelihood optimization failed to "

2025-08-08 17:18:51,544:WARNING:C:\Users\hfasa\AppData\Local\Temp\ipykernel_26200\2314406483.py:11: DeprecationWarning: Conversion of an array with ndim > 0 to a scalar is deprecated, and will error in future. Ensure you extract a single element from your array before performing this operation. (Deprecated NumPy 1.25.)
  print(f"Probabilidade prevista de inadimplência: {float(probabilidade):.2%}")

2025-08-08 17:38:55,903:WARNING:C:\Users\hfasa\AppData\Local\Temp\ipykernel_26056\31246307.py:2: SettingWithCopyWarning: 
A value is trying to be set on a copy of a slice from a DataFrame.
Try using .loc[row_indexer,col_indexer] = value instead

See the caveats in the documentation: https://pandas.pydata.org/pandas-docs/stable/user_guide/indexing.html#returning-a-view-versus-a-copy
  df_trabalho['mau'] = df_trabalho['mau'].astype('int')

2025-08-08 17:38:55,934:WARNING:C:\Users\hfasa\AppData\Local\Temp\ipykernel_26056\31246307.py:5: SettingWithCopyWarning: 
A value is trying to be set on a copy of a slice from a DataFrame.
Try using .loc[row_indexer,col_indexer] = value instead

See the caveats in the documentation: https://pandas.pydata.org/pandas-docs/stable/user_guide/indexing.html#returning-a-view-versus-a-copy
  df_oot['mau'] = df_oot['mau'].astype('int')

2025-08-08 17:38:55,956:WARNING:C:\Users\hfasa\AppData\Local\Temp\ipykernel_26056\1065222783.py:1: SettingWithCopyWarning: 
A value is trying to be set on a copy of a slice from a DataFrame.
Try using .loc[row_indexer,col_indexer] = value instead

See the caveats in the documentation: https://pandas.pydata.org/pandas-docs/stable/user_guide/indexing.html#returning-a-view-versus-a-copy
  df_trabalho['Mês'] = df_trabalho['data_ref'].dt.month

2025-08-08 17:38:56,033:WARNING:C:\Users\hfasa\AppData\Local\Temp\ipykernel_26056\1065222783.py:3: SettingWithCopyWarning: 
A value is trying to be set on a copy of a slice from a DataFrame.
Try using .loc[row_indexer,col_indexer] = value instead

See the caveats in the documentation: https://pandas.pydata.org/pandas-docs/stable/user_guide/indexing.html#returning-a-view-versus-a-copy
  df_trabalho['Nome_mes'] = df_trabalho['data_ref'].dt.month_name(locale='pt_BR')

2025-08-08 17:38:56,118:WARNING:C:\Users\hfasa\AppData\Local\Temp\ipykernel_26056\1065222783.py:5: SettingWithCopyWarning: 
A value is trying to be set on a copy of a slice from a DataFrame.
Try using .loc[row_indexer,col_indexer] = value instead

See the caveats in the documentation: https://pandas.pydata.org/pandas-docs/stable/user_guide/indexing.html#returning-a-view-versus-a-copy
  df_trabalho["Dia_semana"] = df_trabalho["data_ref"].dt.day_name(locale="pt_BR")

2025-08-08 17:38:56,133:WARNING:C:\Users\hfasa\AppData\Local\Temp\ipykernel_26056\1065222783.py:8: SettingWithCopyWarning: 
A value is trying to be set on a copy of a slice from a DataFrame.
Try using .loc[row_indexer,col_indexer] = value instead

See the caveats in the documentation: https://pandas.pydata.org/pandas-docs/stable/user_guide/indexing.html#returning-a-view-versus-a-copy
  df_trabalho["Dia do mês"] = df_trabalho["data_ref"].dt.day

2025-08-08 17:38:57,394:WARNING:C:\Users\hfasa\AppData\Local\Temp\ipykernel_26056\1065222783.py:11: SettingWithCopyWarning: 
A value is trying to be set on a copy of a slice from a DataFrame.
Try using .loc[row_indexer,col_indexer] = value instead

See the caveats in the documentation: https://pandas.pydata.org/pandas-docs/stable/user_guide/indexing.html#returning-a-view-versus-a-copy
  df_trabalho['Ano_Trimestre'] = df_trabalho['data_ref'].dt.to_period('Q').apply(lambda x: f"{x.year}-T{x.quarter}")

2025-08-08 17:38:57,408:WARNING:C:\Users\hfasa\AppData\Local\Temp\ipykernel_26056\1065222783.py:13: SettingWithCopyWarning: 
A value is trying to be set on a copy of a slice from a DataFrame.
Try using .loc[row_indexer,col_indexer] = value instead

See the caveats in the documentation: https://pandas.pydata.org/pandas-docs/stable/user_guide/indexing.html#returning-a-view-versus-a-copy
  df_trabalho['Ano'] = df_trabalho['data_ref'].dt.year

2025-08-08 17:38:58,811:WARNING:C:\Users\hfasa\AppData\Local\Temp\ipykernel_26056\3236597821.py:253: FutureWarning: The default of observed=False is deprecated and will be changed to True in a future version of pandas. Pass observed=False to retain current behavior or observed=True to adopt the future default and silence this warning.
  g = df.groupby(cat_srs)

2025-08-08 17:38:59,969:WARNING:c:\Users\hfasa\anaconda3\envs\EBAC\Lib\site-packages\statsmodels\base\model.py:607: ConvergenceWarning: Maximum Likelihood optimization failed to converge. Check mle_retvals
  warnings.warn("Maximum Likelihood optimization failed to "

2025-08-08 17:38:59,987:WARNING:C:\Users\hfasa\AppData\Local\Temp\ipykernel_26056\2314406483.py:11: DeprecationWarning: Conversion of an array with ndim > 0 to a scalar is deprecated, and will error in future. Ensure you extract a single element from your array before performing this operation. (Deprecated NumPy 1.25.)
  print(f"Probabilidade prevista de inadimplência: {float(probabilidade):.2%}")

2025-08-08 17:40:06,456:WARNING:C:\Users\hfasa\AppData\Local\Temp\ipykernel_26056\31246307.py:2: SettingWithCopyWarning: 
A value is trying to be set on a copy of a slice from a DataFrame.
Try using .loc[row_indexer,col_indexer] = value instead

See the caveats in the documentation: https://pandas.pydata.org/pandas-docs/stable/user_guide/indexing.html#returning-a-view-versus-a-copy
  df_trabalho['mau'] = df_trabalho['mau'].astype('int')

2025-08-08 17:40:06,486:WARNING:C:\Users\hfasa\AppData\Local\Temp\ipykernel_26056\31246307.py:5: SettingWithCopyWarning: 
A value is trying to be set on a copy of a slice from a DataFrame.
Try using .loc[row_indexer,col_indexer] = value instead

See the caveats in the documentation: https://pandas.pydata.org/pandas-docs/stable/user_guide/indexing.html#returning-a-view-versus-a-copy
  df_oot['mau'] = df_oot['mau'].astype('int')

2025-08-08 17:40:06,507:WARNING:C:\Users\hfasa\AppData\Local\Temp\ipykernel_26056\1065222783.py:1: SettingWithCopyWarning: 
A value is trying to be set on a copy of a slice from a DataFrame.
Try using .loc[row_indexer,col_indexer] = value instead

See the caveats in the documentation: https://pandas.pydata.org/pandas-docs/stable/user_guide/indexing.html#returning-a-view-versus-a-copy
  df_trabalho['Mês'] = df_trabalho['data_ref'].dt.month

2025-08-08 17:40:06,579:WARNING:C:\Users\hfasa\AppData\Local\Temp\ipykernel_26056\1065222783.py:3: SettingWithCopyWarning: 
A value is trying to be set on a copy of a slice from a DataFrame.
Try using .loc[row_indexer,col_indexer] = value instead

See the caveats in the documentation: https://pandas.pydata.org/pandas-docs/stable/user_guide/indexing.html#returning-a-view-versus-a-copy
  df_trabalho['Nome_mes'] = df_trabalho['data_ref'].dt.month_name(locale='pt_BR')

2025-08-08 17:40:06,669:WARNING:C:\Users\hfasa\AppData\Local\Temp\ipykernel_26056\1065222783.py:5: SettingWithCopyWarning: 
A value is trying to be set on a copy of a slice from a DataFrame.
Try using .loc[row_indexer,col_indexer] = value instead

See the caveats in the documentation: https://pandas.pydata.org/pandas-docs/stable/user_guide/indexing.html#returning-a-view-versus-a-copy
  df_trabalho["Dia_semana"] = df_trabalho["data_ref"].dt.day_name(locale="pt_BR")

2025-08-08 17:40:06,686:WARNING:C:\Users\hfasa\AppData\Local\Temp\ipykernel_26056\1065222783.py:8: SettingWithCopyWarning: 
A value is trying to be set on a copy of a slice from a DataFrame.
Try using .loc[row_indexer,col_indexer] = value instead

See the caveats in the documentation: https://pandas.pydata.org/pandas-docs/stable/user_guide/indexing.html#returning-a-view-versus-a-copy
  df_trabalho["Dia do mês"] = df_trabalho["data_ref"].dt.day

2025-08-08 17:40:08,045:WARNING:C:\Users\hfasa\AppData\Local\Temp\ipykernel_26056\1065222783.py:11: SettingWithCopyWarning: 
A value is trying to be set on a copy of a slice from a DataFrame.
Try using .loc[row_indexer,col_indexer] = value instead

See the caveats in the documentation: https://pandas.pydata.org/pandas-docs/stable/user_guide/indexing.html#returning-a-view-versus-a-copy
  df_trabalho['Ano_Trimestre'] = df_trabalho['data_ref'].dt.to_period('Q').apply(lambda x: f"{x.year}-T{x.quarter}")

2025-08-08 17:40:08,060:WARNING:C:\Users\hfasa\AppData\Local\Temp\ipykernel_26056\1065222783.py:13: SettingWithCopyWarning: 
A value is trying to be set on a copy of a slice from a DataFrame.
Try using .loc[row_indexer,col_indexer] = value instead

See the caveats in the documentation: https://pandas.pydata.org/pandas-docs/stable/user_guide/indexing.html#returning-a-view-versus-a-copy
  df_trabalho['Ano'] = df_trabalho['data_ref'].dt.year

2025-08-08 17:40:09,483:WARNING:C:\Users\hfasa\AppData\Local\Temp\ipykernel_26056\3236597821.py:253: FutureWarning: The default of observed=False is deprecated and will be changed to True in a future version of pandas. Pass observed=False to retain current behavior or observed=True to adopt the future default and silence this warning.
  g = df.groupby(cat_srs)

2025-08-08 17:40:10,470:WARNING:c:\Users\hfasa\anaconda3\envs\EBAC\Lib\site-packages\statsmodels\base\model.py:607: ConvergenceWarning: Maximum Likelihood optimization failed to converge. Check mle_retvals
  warnings.warn("Maximum Likelihood optimization failed to "

2025-08-08 17:40:10,485:WARNING:C:\Users\hfasa\AppData\Local\Temp\ipykernel_26056\2314406483.py:11: DeprecationWarning: Conversion of an array with ndim > 0 to a scalar is deprecated, and will error in future. Ensure you extract a single element from your array before performing this operation. (Deprecated NumPy 1.25.)
  print(f"Probabilidade prevista de inadimplência: {float(probabilidade):.2%}")

2025-08-09 15:10:14,024:WARNING:C:\Users\hfasa\AppData\Local\Temp\ipykernel_7004\31246307.py:2: SettingWithCopyWarning: 
A value is trying to be set on a copy of a slice from a DataFrame.
Try using .loc[row_indexer,col_indexer] = value instead

See the caveats in the documentation: https://pandas.pydata.org/pandas-docs/stable/user_guide/indexing.html#returning-a-view-versus-a-copy
  df_trabalho['mau'] = df_trabalho['mau'].astype('int')

2025-08-09 15:10:14,054:WARNING:C:\Users\hfasa\AppData\Local\Temp\ipykernel_7004\31246307.py:5: SettingWithCopyWarning: 
A value is trying to be set on a copy of a slice from a DataFrame.
Try using .loc[row_indexer,col_indexer] = value instead

See the caveats in the documentation: https://pandas.pydata.org/pandas-docs/stable/user_guide/indexing.html#returning-a-view-versus-a-copy
  df_oot['mau'] = df_oot['mau'].astype('int')

2025-08-09 15:10:14,075:WARNING:C:\Users\hfasa\AppData\Local\Temp\ipykernel_7004\1065222783.py:1: SettingWithCopyWarning: 
A value is trying to be set on a copy of a slice from a DataFrame.
Try using .loc[row_indexer,col_indexer] = value instead

See the caveats in the documentation: https://pandas.pydata.org/pandas-docs/stable/user_guide/indexing.html#returning-a-view-versus-a-copy
  df_trabalho['Mês'] = df_trabalho['data_ref'].dt.month

2025-08-09 15:10:14,146:WARNING:C:\Users\hfasa\AppData\Local\Temp\ipykernel_7004\1065222783.py:3: SettingWithCopyWarning: 
A value is trying to be set on a copy of a slice from a DataFrame.
Try using .loc[row_indexer,col_indexer] = value instead

See the caveats in the documentation: https://pandas.pydata.org/pandas-docs/stable/user_guide/indexing.html#returning-a-view-versus-a-copy
  df_trabalho['Nome_mes'] = df_trabalho['data_ref'].dt.month_name(locale='pt_BR')

2025-08-09 15:10:14,229:WARNING:C:\Users\hfasa\AppData\Local\Temp\ipykernel_7004\1065222783.py:5: SettingWithCopyWarning: 
A value is trying to be set on a copy of a slice from a DataFrame.
Try using .loc[row_indexer,col_indexer] = value instead

See the caveats in the documentation: https://pandas.pydata.org/pandas-docs/stable/user_guide/indexing.html#returning-a-view-versus-a-copy
  df_trabalho["Dia_semana"] = df_trabalho["data_ref"].dt.day_name(locale="pt_BR")

2025-08-09 15:10:14,246:WARNING:C:\Users\hfasa\AppData\Local\Temp\ipykernel_7004\1065222783.py:8: SettingWithCopyWarning: 
A value is trying to be set on a copy of a slice from a DataFrame.
Try using .loc[row_indexer,col_indexer] = value instead

See the caveats in the documentation: https://pandas.pydata.org/pandas-docs/stable/user_guide/indexing.html#returning-a-view-versus-a-copy
  df_trabalho["Dia do mês"] = df_trabalho["data_ref"].dt.day

2025-08-09 15:10:15,526:WARNING:C:\Users\hfasa\AppData\Local\Temp\ipykernel_7004\1065222783.py:11: SettingWithCopyWarning: 
A value is trying to be set on a copy of a slice from a DataFrame.
Try using .loc[row_indexer,col_indexer] = value instead

See the caveats in the documentation: https://pandas.pydata.org/pandas-docs/stable/user_guide/indexing.html#returning-a-view-versus-a-copy
  df_trabalho['Ano_Trimestre'] = df_trabalho['data_ref'].dt.to_period('Q').apply(lambda x: f"{x.year}-T{x.quarter}")

2025-08-09 15:10:15,542:WARNING:C:\Users\hfasa\AppData\Local\Temp\ipykernel_7004\1065222783.py:13: SettingWithCopyWarning: 
A value is trying to be set on a copy of a slice from a DataFrame.
Try using .loc[row_indexer,col_indexer] = value instead

See the caveats in the documentation: https://pandas.pydata.org/pandas-docs/stable/user_guide/indexing.html#returning-a-view-versus-a-copy
  df_trabalho['Ano'] = df_trabalho['data_ref'].dt.year

2025-08-09 15:10:17,052:WARNING:C:\Users\hfasa\AppData\Local\Temp\ipykernel_7004\3236597821.py:253: FutureWarning: The default of observed=False is deprecated and will be changed to True in a future version of pandas. Pass observed=False to retain current behavior or observed=True to adopt the future default and silence this warning.
  g = df.groupby(cat_srs)

2025-08-09 15:10:18,253:WARNING:c:\Users\hfasa\anaconda3\envs\EBAC\Lib\site-packages\statsmodels\base\model.py:607: ConvergenceWarning: Maximum Likelihood optimization failed to converge. Check mle_retvals
  warnings.warn("Maximum Likelihood optimization failed to "

2025-08-09 15:10:18,274:WARNING:C:\Users\hfasa\AppData\Local\Temp\ipykernel_7004\2314406483.py:11: DeprecationWarning: Conversion of an array with ndim > 0 to a scalar is deprecated, and will error in future. Ensure you extract a single element from your array before performing this operation. (Deprecated NumPy 1.25.)
  print(f"Probabilidade prevista de inadimplência: {float(probabilidade):.2%}")

2025-08-09 15:10:31,963:WARNING:C:\Users\hfasa\AppData\Local\Temp\ipykernel_7004\31246307.py:2: SettingWithCopyWarning: 
A value is trying to be set on a copy of a slice from a DataFrame.
Try using .loc[row_indexer,col_indexer] = value instead

See the caveats in the documentation: https://pandas.pydata.org/pandas-docs/stable/user_guide/indexing.html#returning-a-view-versus-a-copy
  df_trabalho['mau'] = df_trabalho['mau'].astype('int')

2025-08-09 15:10:31,995:WARNING:C:\Users\hfasa\AppData\Local\Temp\ipykernel_7004\31246307.py:5: SettingWithCopyWarning: 
A value is trying to be set on a copy of a slice from a DataFrame.
Try using .loc[row_indexer,col_indexer] = value instead

See the caveats in the documentation: https://pandas.pydata.org/pandas-docs/stable/user_guide/indexing.html#returning-a-view-versus-a-copy
  df_oot['mau'] = df_oot['mau'].astype('int')

2025-08-09 15:10:32,017:WARNING:C:\Users\hfasa\AppData\Local\Temp\ipykernel_7004\1065222783.py:1: SettingWithCopyWarning: 
A value is trying to be set on a copy of a slice from a DataFrame.
Try using .loc[row_indexer,col_indexer] = value instead

See the caveats in the documentation: https://pandas.pydata.org/pandas-docs/stable/user_guide/indexing.html#returning-a-view-versus-a-copy
  df_trabalho['Mês'] = df_trabalho['data_ref'].dt.month

2025-08-09 15:10:32,089:WARNING:C:\Users\hfasa\AppData\Local\Temp\ipykernel_7004\1065222783.py:3: SettingWithCopyWarning: 
A value is trying to be set on a copy of a slice from a DataFrame.
Try using .loc[row_indexer,col_indexer] = value instead

See the caveats in the documentation: https://pandas.pydata.org/pandas-docs/stable/user_guide/indexing.html#returning-a-view-versus-a-copy
  df_trabalho['Nome_mes'] = df_trabalho['data_ref'].dt.month_name(locale='pt_BR')

2025-08-09 15:10:32,174:WARNING:C:\Users\hfasa\AppData\Local\Temp\ipykernel_7004\1065222783.py:5: SettingWithCopyWarning: 
A value is trying to be set on a copy of a slice from a DataFrame.
Try using .loc[row_indexer,col_indexer] = value instead

See the caveats in the documentation: https://pandas.pydata.org/pandas-docs/stable/user_guide/indexing.html#returning-a-view-versus-a-copy
  df_trabalho["Dia_semana"] = df_trabalho["data_ref"].dt.day_name(locale="pt_BR")

2025-08-09 15:10:32,190:WARNING:C:\Users\hfasa\AppData\Local\Temp\ipykernel_7004\1065222783.py:8: SettingWithCopyWarning: 
A value is trying to be set on a copy of a slice from a DataFrame.
Try using .loc[row_indexer,col_indexer] = value instead

See the caveats in the documentation: https://pandas.pydata.org/pandas-docs/stable/user_guide/indexing.html#returning-a-view-versus-a-copy
  df_trabalho["Dia do mês"] = df_trabalho["data_ref"].dt.day

2025-08-09 15:10:33,546:WARNING:C:\Users\hfasa\AppData\Local\Temp\ipykernel_7004\1065222783.py:11: SettingWithCopyWarning: 
A value is trying to be set on a copy of a slice from a DataFrame.
Try using .loc[row_indexer,col_indexer] = value instead

See the caveats in the documentation: https://pandas.pydata.org/pandas-docs/stable/user_guide/indexing.html#returning-a-view-versus-a-copy
  df_trabalho['Ano_Trimestre'] = df_trabalho['data_ref'].dt.to_period('Q').apply(lambda x: f"{x.year}-T{x.quarter}")

2025-08-09 15:10:33,562:WARNING:C:\Users\hfasa\AppData\Local\Temp\ipykernel_7004\1065222783.py:13: SettingWithCopyWarning: 
A value is trying to be set on a copy of a slice from a DataFrame.
Try using .loc[row_indexer,col_indexer] = value instead

See the caveats in the documentation: https://pandas.pydata.org/pandas-docs/stable/user_guide/indexing.html#returning-a-view-versus-a-copy
  df_trabalho['Ano'] = df_trabalho['data_ref'].dt.year

2025-08-09 15:10:35,096:WARNING:C:\Users\hfasa\AppData\Local\Temp\ipykernel_7004\3236597821.py:253: FutureWarning: The default of observed=False is deprecated and will be changed to True in a future version of pandas. Pass observed=False to retain current behavior or observed=True to adopt the future default and silence this warning.
  g = df.groupby(cat_srs)

2025-08-09 15:10:36,135:WARNING:c:\Users\hfasa\anaconda3\envs\EBAC\Lib\site-packages\statsmodels\base\model.py:607: ConvergenceWarning: Maximum Likelihood optimization failed to converge. Check mle_retvals
  warnings.warn("Maximum Likelihood optimization failed to "

2025-08-09 15:10:36,153:WARNING:C:\Users\hfasa\AppData\Local\Temp\ipykernel_7004\2314406483.py:11: DeprecationWarning: Conversion of an array with ndim > 0 to a scalar is deprecated, and will error in future. Ensure you extract a single element from your array before performing this operation. (Deprecated NumPy 1.25.)
  print(f"Probabilidade prevista de inadimplência: {float(probabilidade):.2%}")

2025-08-09 15:18:27,508:WARNING:C:\Users\hfasa\AppData\Local\Temp\ipykernel_7004\31246307.py:2: SettingWithCopyWarning: 
A value is trying to be set on a copy of a slice from a DataFrame.
Try using .loc[row_indexer,col_indexer] = value instead

See the caveats in the documentation: https://pandas.pydata.org/pandas-docs/stable/user_guide/indexing.html#returning-a-view-versus-a-copy
  df_trabalho['mau'] = df_trabalho['mau'].astype('int')

2025-08-09 15:18:27,535:WARNING:C:\Users\hfasa\AppData\Local\Temp\ipykernel_7004\31246307.py:5: SettingWithCopyWarning: 
A value is trying to be set on a copy of a slice from a DataFrame.
Try using .loc[row_indexer,col_indexer] = value instead

See the caveats in the documentation: https://pandas.pydata.org/pandas-docs/stable/user_guide/indexing.html#returning-a-view-versus-a-copy
  df_oot['mau'] = df_oot['mau'].astype('int')

2025-08-09 15:18:27,556:WARNING:C:\Users\hfasa\AppData\Local\Temp\ipykernel_7004\1065222783.py:1: SettingWithCopyWarning: 
A value is trying to be set on a copy of a slice from a DataFrame.
Try using .loc[row_indexer,col_indexer] = value instead

See the caveats in the documentation: https://pandas.pydata.org/pandas-docs/stable/user_guide/indexing.html#returning-a-view-versus-a-copy
  df_trabalho['Mês'] = df_trabalho['data_ref'].dt.month

2025-08-09 15:18:27,628:WARNING:C:\Users\hfasa\AppData\Local\Temp\ipykernel_7004\1065222783.py:3: SettingWithCopyWarning: 
A value is trying to be set on a copy of a slice from a DataFrame.
Try using .loc[row_indexer,col_indexer] = value instead

See the caveats in the documentation: https://pandas.pydata.org/pandas-docs/stable/user_guide/indexing.html#returning-a-view-versus-a-copy
  df_trabalho['Nome_mes'] = df_trabalho['data_ref'].dt.month_name(locale='pt_BR')

2025-08-09 15:18:27,717:WARNING:C:\Users\hfasa\AppData\Local\Temp\ipykernel_7004\1065222783.py:5: SettingWithCopyWarning: 
A value is trying to be set on a copy of a slice from a DataFrame.
Try using .loc[row_indexer,col_indexer] = value instead

See the caveats in the documentation: https://pandas.pydata.org/pandas-docs/stable/user_guide/indexing.html#returning-a-view-versus-a-copy
  df_trabalho["Dia_semana"] = df_trabalho["data_ref"].dt.day_name(locale="pt_BR")

2025-08-09 15:18:27,732:WARNING:C:\Users\hfasa\AppData\Local\Temp\ipykernel_7004\1065222783.py:8: SettingWithCopyWarning: 
A value is trying to be set on a copy of a slice from a DataFrame.
Try using .loc[row_indexer,col_indexer] = value instead

See the caveats in the documentation: https://pandas.pydata.org/pandas-docs/stable/user_guide/indexing.html#returning-a-view-versus-a-copy
  df_trabalho["Dia do mês"] = df_trabalho["data_ref"].dt.day

2025-08-09 15:18:29,099:WARNING:C:\Users\hfasa\AppData\Local\Temp\ipykernel_7004\1065222783.py:11: SettingWithCopyWarning: 
A value is trying to be set on a copy of a slice from a DataFrame.
Try using .loc[row_indexer,col_indexer] = value instead

See the caveats in the documentation: https://pandas.pydata.org/pandas-docs/stable/user_guide/indexing.html#returning-a-view-versus-a-copy
  df_trabalho['Ano_Trimestre'] = df_trabalho['data_ref'].dt.to_period('Q').apply(lambda x: f"{x.year}-T{x.quarter}")

2025-08-09 15:18:29,113:WARNING:C:\Users\hfasa\AppData\Local\Temp\ipykernel_7004\1065222783.py:13: SettingWithCopyWarning: 
A value is trying to be set on a copy of a slice from a DataFrame.
Try using .loc[row_indexer,col_indexer] = value instead

See the caveats in the documentation: https://pandas.pydata.org/pandas-docs/stable/user_guide/indexing.html#returning-a-view-versus-a-copy
  df_trabalho['Ano'] = df_trabalho['data_ref'].dt.year

2025-08-09 15:18:30,481:WARNING:C:\Users\hfasa\AppData\Local\Temp\ipykernel_7004\3236597821.py:253: FutureWarning: The default of observed=False is deprecated and will be changed to True in a future version of pandas. Pass observed=False to retain current behavior or observed=True to adopt the future default and silence this warning.
  g = df.groupby(cat_srs)

2025-08-09 15:18:31,445:WARNING:c:\Users\hfasa\anaconda3\envs\EBAC\Lib\site-packages\statsmodels\base\model.py:607: ConvergenceWarning: Maximum Likelihood optimization failed to converge. Check mle_retvals
  warnings.warn("Maximum Likelihood optimization failed to "

2025-08-09 15:18:31,460:WARNING:C:\Users\hfasa\AppData\Local\Temp\ipykernel_7004\2314406483.py:11: DeprecationWarning: Conversion of an array with ndim > 0 to a scalar is deprecated, and will error in future. Ensure you extract a single element from your array before performing this operation. (Deprecated NumPy 1.25.)
  print(f"Probabilidade prevista de inadimplência: {float(probabilidade):.2%}")

2025-08-09 15:19:46,467:WARNING:C:\Users\hfasa\AppData\Local\Temp\ipykernel_7004\31246307.py:2: SettingWithCopyWarning: 
A value is trying to be set on a copy of a slice from a DataFrame.
Try using .loc[row_indexer,col_indexer] = value instead

See the caveats in the documentation: https://pandas.pydata.org/pandas-docs/stable/user_guide/indexing.html#returning-a-view-versus-a-copy
  df_trabalho['mau'] = df_trabalho['mau'].astype('int')

2025-08-09 15:19:46,493:WARNING:C:\Users\hfasa\AppData\Local\Temp\ipykernel_7004\31246307.py:5: SettingWithCopyWarning: 
A value is trying to be set on a copy of a slice from a DataFrame.
Try using .loc[row_indexer,col_indexer] = value instead

See the caveats in the documentation: https://pandas.pydata.org/pandas-docs/stable/user_guide/indexing.html#returning-a-view-versus-a-copy
  df_oot['mau'] = df_oot['mau'].astype('int')

2025-08-09 15:19:46,512:WARNING:C:\Users\hfasa\AppData\Local\Temp\ipykernel_7004\1065222783.py:1: SettingWithCopyWarning: 
A value is trying to be set on a copy of a slice from a DataFrame.
Try using .loc[row_indexer,col_indexer] = value instead

See the caveats in the documentation: https://pandas.pydata.org/pandas-docs/stable/user_guide/indexing.html#returning-a-view-versus-a-copy
  df_trabalho['Mês'] = df_trabalho['data_ref'].dt.month

2025-08-09 15:19:46,583:WARNING:C:\Users\hfasa\AppData\Local\Temp\ipykernel_7004\1065222783.py:3: SettingWithCopyWarning: 
A value is trying to be set on a copy of a slice from a DataFrame.
Try using .loc[row_indexer,col_indexer] = value instead

See the caveats in the documentation: https://pandas.pydata.org/pandas-docs/stable/user_guide/indexing.html#returning-a-view-versus-a-copy
  df_trabalho['Nome_mes'] = df_trabalho['data_ref'].dt.month_name(locale='pt_BR')

2025-08-09 15:19:46,669:WARNING:C:\Users\hfasa\AppData\Local\Temp\ipykernel_7004\1065222783.py:5: SettingWithCopyWarning: 
A value is trying to be set on a copy of a slice from a DataFrame.
Try using .loc[row_indexer,col_indexer] = value instead

See the caveats in the documentation: https://pandas.pydata.org/pandas-docs/stable/user_guide/indexing.html#returning-a-view-versus-a-copy
  df_trabalho["Dia_semana"] = df_trabalho["data_ref"].dt.day_name(locale="pt_BR")

2025-08-09 15:19:46,683:WARNING:C:\Users\hfasa\AppData\Local\Temp\ipykernel_7004\1065222783.py:8: SettingWithCopyWarning: 
A value is trying to be set on a copy of a slice from a DataFrame.
Try using .loc[row_indexer,col_indexer] = value instead

See the caveats in the documentation: https://pandas.pydata.org/pandas-docs/stable/user_guide/indexing.html#returning-a-view-versus-a-copy
  df_trabalho["Dia do mês"] = df_trabalho["data_ref"].dt.day

2025-08-09 15:19:48,047:WARNING:C:\Users\hfasa\AppData\Local\Temp\ipykernel_7004\1065222783.py:11: SettingWithCopyWarning: 
A value is trying to be set on a copy of a slice from a DataFrame.
Try using .loc[row_indexer,col_indexer] = value instead

See the caveats in the documentation: https://pandas.pydata.org/pandas-docs/stable/user_guide/indexing.html#returning-a-view-versus-a-copy
  df_trabalho['Ano_Trimestre'] = df_trabalho['data_ref'].dt.to_period('Q').apply(lambda x: f"{x.year}-T{x.quarter}")

2025-08-09 15:19:48,062:WARNING:C:\Users\hfasa\AppData\Local\Temp\ipykernel_7004\1065222783.py:13: SettingWithCopyWarning: 
A value is trying to be set on a copy of a slice from a DataFrame.
Try using .loc[row_indexer,col_indexer] = value instead

See the caveats in the documentation: https://pandas.pydata.org/pandas-docs/stable/user_guide/indexing.html#returning-a-view-versus-a-copy
  df_trabalho['Ano'] = df_trabalho['data_ref'].dt.year

2025-08-09 15:19:49,447:WARNING:C:\Users\hfasa\AppData\Local\Temp\ipykernel_7004\3236597821.py:253: FutureWarning: The default of observed=False is deprecated and will be changed to True in a future version of pandas. Pass observed=False to retain current behavior or observed=True to adopt the future default and silence this warning.
  g = df.groupby(cat_srs)

2025-08-09 15:19:50,410:WARNING:c:\Users\hfasa\anaconda3\envs\EBAC\Lib\site-packages\statsmodels\base\model.py:607: ConvergenceWarning: Maximum Likelihood optimization failed to converge. Check mle_retvals
  warnings.warn("Maximum Likelihood optimization failed to "

2025-08-09 15:19:50,427:WARNING:C:\Users\hfasa\AppData\Local\Temp\ipykernel_7004\2314406483.py:11: DeprecationWarning: Conversion of an array with ndim > 0 to a scalar is deprecated, and will error in future. Ensure you extract a single element from your array before performing this operation. (Deprecated NumPy 1.25.)
  print(f"Probabilidade prevista de inadimplência: {float(probabilidade):.2%}")

2025-08-09 15:20:36,711:WARNING:C:\Users\hfasa\AppData\Local\Temp\ipykernel_7004\31246307.py:2: SettingWithCopyWarning: 
A value is trying to be set on a copy of a slice from a DataFrame.
Try using .loc[row_indexer,col_indexer] = value instead

See the caveats in the documentation: https://pandas.pydata.org/pandas-docs/stable/user_guide/indexing.html#returning-a-view-versus-a-copy
  df_trabalho['mau'] = df_trabalho['mau'].astype('int')

2025-08-09 15:20:36,738:WARNING:C:\Users\hfasa\AppData\Local\Temp\ipykernel_7004\31246307.py:5: SettingWithCopyWarning: 
A value is trying to be set on a copy of a slice from a DataFrame.
Try using .loc[row_indexer,col_indexer] = value instead

See the caveats in the documentation: https://pandas.pydata.org/pandas-docs/stable/user_guide/indexing.html#returning-a-view-versus-a-copy
  df_oot['mau'] = df_oot['mau'].astype('int')

2025-08-09 15:20:36,758:WARNING:C:\Users\hfasa\AppData\Local\Temp\ipykernel_7004\1065222783.py:1: SettingWithCopyWarning: 
A value is trying to be set on a copy of a slice from a DataFrame.
Try using .loc[row_indexer,col_indexer] = value instead

See the caveats in the documentation: https://pandas.pydata.org/pandas-docs/stable/user_guide/indexing.html#returning-a-view-versus-a-copy
  df_trabalho['Mês'] = df_trabalho['data_ref'].dt.month

2025-08-09 15:20:36,828:WARNING:C:\Users\hfasa\AppData\Local\Temp\ipykernel_7004\1065222783.py:3: SettingWithCopyWarning: 
A value is trying to be set on a copy of a slice from a DataFrame.
Try using .loc[row_indexer,col_indexer] = value instead

See the caveats in the documentation: https://pandas.pydata.org/pandas-docs/stable/user_guide/indexing.html#returning-a-view-versus-a-copy
  df_trabalho['Nome_mes'] = df_trabalho['data_ref'].dt.month_name(locale='pt_BR')

2025-08-09 15:20:36,915:WARNING:C:\Users\hfasa\AppData\Local\Temp\ipykernel_7004\1065222783.py:5: SettingWithCopyWarning: 
A value is trying to be set on a copy of a slice from a DataFrame.
Try using .loc[row_indexer,col_indexer] = value instead

See the caveats in the documentation: https://pandas.pydata.org/pandas-docs/stable/user_guide/indexing.html#returning-a-view-versus-a-copy
  df_trabalho["Dia_semana"] = df_trabalho["data_ref"].dt.day_name(locale="pt_BR")

2025-08-09 15:20:36,930:WARNING:C:\Users\hfasa\AppData\Local\Temp\ipykernel_7004\1065222783.py:8: SettingWithCopyWarning: 
A value is trying to be set on a copy of a slice from a DataFrame.
Try using .loc[row_indexer,col_indexer] = value instead

See the caveats in the documentation: https://pandas.pydata.org/pandas-docs/stable/user_guide/indexing.html#returning-a-view-versus-a-copy
  df_trabalho["Dia do mês"] = df_trabalho["data_ref"].dt.day

2025-08-09 15:20:38,217:WARNING:C:\Users\hfasa\AppData\Local\Temp\ipykernel_7004\1065222783.py:11: SettingWithCopyWarning: 
A value is trying to be set on a copy of a slice from a DataFrame.
Try using .loc[row_indexer,col_indexer] = value instead

See the caveats in the documentation: https://pandas.pydata.org/pandas-docs/stable/user_guide/indexing.html#returning-a-view-versus-a-copy
  df_trabalho['Ano_Trimestre'] = df_trabalho['data_ref'].dt.to_period('Q').apply(lambda x: f"{x.year}-T{x.quarter}")

2025-08-09 15:20:38,232:WARNING:C:\Users\hfasa\AppData\Local\Temp\ipykernel_7004\1065222783.py:13: SettingWithCopyWarning: 
A value is trying to be set on a copy of a slice from a DataFrame.
Try using .loc[row_indexer,col_indexer] = value instead

See the caveats in the documentation: https://pandas.pydata.org/pandas-docs/stable/user_guide/indexing.html#returning-a-view-versus-a-copy
  df_trabalho['Ano'] = df_trabalho['data_ref'].dt.year

2025-08-09 15:20:39,629:WARNING:C:\Users\hfasa\AppData\Local\Temp\ipykernel_7004\3236597821.py:253: FutureWarning: The default of observed=False is deprecated and will be changed to True in a future version of pandas. Pass observed=False to retain current behavior or observed=True to adopt the future default and silence this warning.
  g = df.groupby(cat_srs)

2025-08-09 15:20:40,878:WARNING:c:\Users\hfasa\anaconda3\envs\EBAC\Lib\site-packages\statsmodels\base\model.py:607: ConvergenceWarning: Maximum Likelihood optimization failed to converge. Check mle_retvals
  warnings.warn("Maximum Likelihood optimization failed to "

2025-08-09 15:20:40,896:WARNING:C:\Users\hfasa\AppData\Local\Temp\ipykernel_7004\2314406483.py:11: DeprecationWarning: Conversion of an array with ndim > 0 to a scalar is deprecated, and will error in future. Ensure you extract a single element from your array before performing this operation. (Deprecated NumPy 1.25.)
  print(f"Probabilidade prevista de inadimplência: {float(probabilidade):.2%}")

2025-08-09 15:31:44,042:WARNING:C:\Users\hfasa\AppData\Local\Temp\ipykernel_7004\31246307.py:2: SettingWithCopyWarning: 
A value is trying to be set on a copy of a slice from a DataFrame.
Try using .loc[row_indexer,col_indexer] = value instead

See the caveats in the documentation: https://pandas.pydata.org/pandas-docs/stable/user_guide/indexing.html#returning-a-view-versus-a-copy
  df_trabalho['mau'] = df_trabalho['mau'].astype('int')

2025-08-09 15:31:44,068:WARNING:C:\Users\hfasa\AppData\Local\Temp\ipykernel_7004\31246307.py:5: SettingWithCopyWarning: 
A value is trying to be set on a copy of a slice from a DataFrame.
Try using .loc[row_indexer,col_indexer] = value instead

See the caveats in the documentation: https://pandas.pydata.org/pandas-docs/stable/user_guide/indexing.html#returning-a-view-versus-a-copy
  df_oot['mau'] = df_oot['mau'].astype('int')

2025-08-09 15:31:44,088:WARNING:C:\Users\hfasa\AppData\Local\Temp\ipykernel_7004\1065222783.py:1: SettingWithCopyWarning: 
A value is trying to be set on a copy of a slice from a DataFrame.
Try using .loc[row_indexer,col_indexer] = value instead

See the caveats in the documentation: https://pandas.pydata.org/pandas-docs/stable/user_guide/indexing.html#returning-a-view-versus-a-copy
  df_trabalho['Mês'] = df_trabalho['data_ref'].dt.month

2025-08-09 15:31:44,165:WARNING:C:\Users\hfasa\AppData\Local\Temp\ipykernel_7004\1065222783.py:3: SettingWithCopyWarning: 
A value is trying to be set on a copy of a slice from a DataFrame.
Try using .loc[row_indexer,col_indexer] = value instead

See the caveats in the documentation: https://pandas.pydata.org/pandas-docs/stable/user_guide/indexing.html#returning-a-view-versus-a-copy
  df_trabalho['Nome_mes'] = df_trabalho['data_ref'].dt.month_name(locale='pt_BR')

2025-08-09 15:31:44,250:WARNING:C:\Users\hfasa\AppData\Local\Temp\ipykernel_7004\1065222783.py:5: SettingWithCopyWarning: 
A value is trying to be set on a copy of a slice from a DataFrame.
Try using .loc[row_indexer,col_indexer] = value instead

See the caveats in the documentation: https://pandas.pydata.org/pandas-docs/stable/user_guide/indexing.html#returning-a-view-versus-a-copy
  df_trabalho["Dia_semana"] = df_trabalho["data_ref"].dt.day_name(locale="pt_BR")

2025-08-09 15:31:44,266:WARNING:C:\Users\hfasa\AppData\Local\Temp\ipykernel_7004\1065222783.py:8: SettingWithCopyWarning: 
A value is trying to be set on a copy of a slice from a DataFrame.
Try using .loc[row_indexer,col_indexer] = value instead

See the caveats in the documentation: https://pandas.pydata.org/pandas-docs/stable/user_guide/indexing.html#returning-a-view-versus-a-copy
  df_trabalho["Dia do mês"] = df_trabalho["data_ref"].dt.day

2025-08-09 15:31:45,610:WARNING:C:\Users\hfasa\AppData\Local\Temp\ipykernel_7004\1065222783.py:11: SettingWithCopyWarning: 
A value is trying to be set on a copy of a slice from a DataFrame.
Try using .loc[row_indexer,col_indexer] = value instead

See the caveats in the documentation: https://pandas.pydata.org/pandas-docs/stable/user_guide/indexing.html#returning-a-view-versus-a-copy
  df_trabalho['Ano_Trimestre'] = df_trabalho['data_ref'].dt.to_period('Q').apply(lambda x: f"{x.year}-T{x.quarter}")

2025-08-09 15:31:45,624:WARNING:C:\Users\hfasa\AppData\Local\Temp\ipykernel_7004\1065222783.py:13: SettingWithCopyWarning: 
A value is trying to be set on a copy of a slice from a DataFrame.
Try using .loc[row_indexer,col_indexer] = value instead

See the caveats in the documentation: https://pandas.pydata.org/pandas-docs/stable/user_guide/indexing.html#returning-a-view-versus-a-copy
  df_trabalho['Ano'] = df_trabalho['data_ref'].dt.year

2025-08-09 15:31:47,049:WARNING:C:\Users\hfasa\AppData\Local\Temp\ipykernel_7004\3236597821.py:253: FutureWarning: The default of observed=False is deprecated and will be changed to True in a future version of pandas. Pass observed=False to retain current behavior or observed=True to adopt the future default and silence this warning.
  g = df.groupby(cat_srs)

2025-08-09 15:31:48,008:WARNING:c:\Users\hfasa\anaconda3\envs\EBAC\Lib\site-packages\statsmodels\base\model.py:607: ConvergenceWarning: Maximum Likelihood optimization failed to converge. Check mle_retvals
  warnings.warn("Maximum Likelihood optimization failed to "

2025-08-09 15:31:48,026:WARNING:C:\Users\hfasa\AppData\Local\Temp\ipykernel_7004\2314406483.py:11: DeprecationWarning: Conversion of an array with ndim > 0 to a scalar is deprecated, and will error in future. Ensure you extract a single element from your array before performing this operation. (Deprecated NumPy 1.25.)
  print(f"Probabilidade prevista de inadimplência: {float(probabilidade):.2%}")

2025-08-09 15:33:46,565:WARNING:C:\Users\hfasa\AppData\Local\Temp\ipykernel_7004\31246307.py:2: SettingWithCopyWarning: 
A value is trying to be set on a copy of a slice from a DataFrame.
Try using .loc[row_indexer,col_indexer] = value instead

See the caveats in the documentation: https://pandas.pydata.org/pandas-docs/stable/user_guide/indexing.html#returning-a-view-versus-a-copy
  df_trabalho['mau'] = df_trabalho['mau'].astype('int')

2025-08-09 15:33:46,590:WARNING:C:\Users\hfasa\AppData\Local\Temp\ipykernel_7004\31246307.py:5: SettingWithCopyWarning: 
A value is trying to be set on a copy of a slice from a DataFrame.
Try using .loc[row_indexer,col_indexer] = value instead

See the caveats in the documentation: https://pandas.pydata.org/pandas-docs/stable/user_guide/indexing.html#returning-a-view-versus-a-copy
  df_oot['mau'] = df_oot['mau'].astype('int')

2025-08-09 15:33:46,609:WARNING:C:\Users\hfasa\AppData\Local\Temp\ipykernel_7004\1065222783.py:1: SettingWithCopyWarning: 
A value is trying to be set on a copy of a slice from a DataFrame.
Try using .loc[row_indexer,col_indexer] = value instead

See the caveats in the documentation: https://pandas.pydata.org/pandas-docs/stable/user_guide/indexing.html#returning-a-view-versus-a-copy
  df_trabalho['Mês'] = df_trabalho['data_ref'].dt.month

2025-08-09 15:33:46,683:WARNING:C:\Users\hfasa\AppData\Local\Temp\ipykernel_7004\1065222783.py:3: SettingWithCopyWarning: 
A value is trying to be set on a copy of a slice from a DataFrame.
Try using .loc[row_indexer,col_indexer] = value instead

See the caveats in the documentation: https://pandas.pydata.org/pandas-docs/stable/user_guide/indexing.html#returning-a-view-versus-a-copy
  df_trabalho['Nome_mes'] = df_trabalho['data_ref'].dt.month_name(locale='pt_BR')

2025-08-09 15:33:46,771:WARNING:C:\Users\hfasa\AppData\Local\Temp\ipykernel_7004\1065222783.py:5: SettingWithCopyWarning: 
A value is trying to be set on a copy of a slice from a DataFrame.
Try using .loc[row_indexer,col_indexer] = value instead

See the caveats in the documentation: https://pandas.pydata.org/pandas-docs/stable/user_guide/indexing.html#returning-a-view-versus-a-copy
  df_trabalho["Dia_semana"] = df_trabalho["data_ref"].dt.day_name(locale="pt_BR")

2025-08-09 15:33:46,787:WARNING:C:\Users\hfasa\AppData\Local\Temp\ipykernel_7004\1065222783.py:8: SettingWithCopyWarning: 
A value is trying to be set on a copy of a slice from a DataFrame.
Try using .loc[row_indexer,col_indexer] = value instead

See the caveats in the documentation: https://pandas.pydata.org/pandas-docs/stable/user_guide/indexing.html#returning-a-view-versus-a-copy
  df_trabalho["Dia do mês"] = df_trabalho["data_ref"].dt.day

2025-08-09 15:33:48,109:WARNING:C:\Users\hfasa\AppData\Local\Temp\ipykernel_7004\1065222783.py:11: SettingWithCopyWarning: 
A value is trying to be set on a copy of a slice from a DataFrame.
Try using .loc[row_indexer,col_indexer] = value instead

See the caveats in the documentation: https://pandas.pydata.org/pandas-docs/stable/user_guide/indexing.html#returning-a-view-versus-a-copy
  df_trabalho['Ano_Trimestre'] = df_trabalho['data_ref'].dt.to_period('Q').apply(lambda x: f"{x.year}-T{x.quarter}")

2025-08-09 15:33:48,126:WARNING:C:\Users\hfasa\AppData\Local\Temp\ipykernel_7004\1065222783.py:13: SettingWithCopyWarning: 
A value is trying to be set on a copy of a slice from a DataFrame.
Try using .loc[row_indexer,col_indexer] = value instead

See the caveats in the documentation: https://pandas.pydata.org/pandas-docs/stable/user_guide/indexing.html#returning-a-view-versus-a-copy
  df_trabalho['Ano'] = df_trabalho['data_ref'].dt.year

2025-08-09 15:33:49,529:WARNING:C:\Users\hfasa\AppData\Local\Temp\ipykernel_7004\3236597821.py:253: FutureWarning: The default of observed=False is deprecated and will be changed to True in a future version of pandas. Pass observed=False to retain current behavior or observed=True to adopt the future default and silence this warning.
  g = df.groupby(cat_srs)

2025-08-09 15:33:50,570:WARNING:c:\Users\hfasa\anaconda3\envs\EBAC\Lib\site-packages\statsmodels\base\model.py:607: ConvergenceWarning: Maximum Likelihood optimization failed to converge. Check mle_retvals
  warnings.warn("Maximum Likelihood optimization failed to "

2025-08-09 15:33:50,584:WARNING:C:\Users\hfasa\AppData\Local\Temp\ipykernel_7004\2314406483.py:11: DeprecationWarning: Conversion of an array with ndim > 0 to a scalar is deprecated, and will error in future. Ensure you extract a single element from your array before performing this operation. (Deprecated NumPy 1.25.)
  print(f"Probabilidade prevista de inadimplência: {float(probabilidade):.2%}")

2025-08-10 00:27:43,663:WARNING:C:\Users\hfasa\AppData\Local\Temp\ipykernel_7004\31246307.py:2: SettingWithCopyWarning: 
A value is trying to be set on a copy of a slice from a DataFrame.
Try using .loc[row_indexer,col_indexer] = value instead

See the caveats in the documentation: https://pandas.pydata.org/pandas-docs/stable/user_guide/indexing.html#returning-a-view-versus-a-copy
  df_trabalho['mau'] = df_trabalho['mau'].astype('int')

2025-08-10 00:27:43,713:WARNING:C:\Users\hfasa\AppData\Local\Temp\ipykernel_7004\31246307.py:5: SettingWithCopyWarning: 
A value is trying to be set on a copy of a slice from a DataFrame.
Try using .loc[row_indexer,col_indexer] = value instead

See the caveats in the documentation: https://pandas.pydata.org/pandas-docs/stable/user_guide/indexing.html#returning-a-view-versus-a-copy
  df_oot['mau'] = df_oot['mau'].astype('int')

2025-08-10 00:27:43,739:WARNING:C:\Users\hfasa\AppData\Local\Temp\ipykernel_7004\1065222783.py:1: SettingWithCopyWarning: 
A value is trying to be set on a copy of a slice from a DataFrame.
Try using .loc[row_indexer,col_indexer] = value instead

See the caveats in the documentation: https://pandas.pydata.org/pandas-docs/stable/user_guide/indexing.html#returning-a-view-versus-a-copy
  df_trabalho['Mês'] = df_trabalho['data_ref'].dt.month

2025-08-10 00:27:43,853:WARNING:C:\Users\hfasa\AppData\Local\Temp\ipykernel_7004\1065222783.py:3: SettingWithCopyWarning: 
A value is trying to be set on a copy of a slice from a DataFrame.
Try using .loc[row_indexer,col_indexer] = value instead

See the caveats in the documentation: https://pandas.pydata.org/pandas-docs/stable/user_guide/indexing.html#returning-a-view-versus-a-copy
  df_trabalho['Nome_mes'] = df_trabalho['data_ref'].dt.month_name(locale='pt_BR')

2025-08-10 00:27:43,980:WARNING:C:\Users\hfasa\AppData\Local\Temp\ipykernel_7004\1065222783.py:5: SettingWithCopyWarning: 
A value is trying to be set on a copy of a slice from a DataFrame.
Try using .loc[row_indexer,col_indexer] = value instead

See the caveats in the documentation: https://pandas.pydata.org/pandas-docs/stable/user_guide/indexing.html#returning-a-view-versus-a-copy
  df_trabalho["Dia_semana"] = df_trabalho["data_ref"].dt.day_name(locale="pt_BR")

2025-08-10 00:27:44,000:WARNING:C:\Users\hfasa\AppData\Local\Temp\ipykernel_7004\1065222783.py:8: SettingWithCopyWarning: 
A value is trying to be set on a copy of a slice from a DataFrame.
Try using .loc[row_indexer,col_indexer] = value instead

See the caveats in the documentation: https://pandas.pydata.org/pandas-docs/stable/user_guide/indexing.html#returning-a-view-versus-a-copy
  df_trabalho["Dia do mês"] = df_trabalho["data_ref"].dt.day

2025-08-10 00:27:45,811:WARNING:C:\Users\hfasa\AppData\Local\Temp\ipykernel_7004\1065222783.py:11: SettingWithCopyWarning: 
A value is trying to be set on a copy of a slice from a DataFrame.
Try using .loc[row_indexer,col_indexer] = value instead

See the caveats in the documentation: https://pandas.pydata.org/pandas-docs/stable/user_guide/indexing.html#returning-a-view-versus-a-copy
  df_trabalho['Ano_Trimestre'] = df_trabalho['data_ref'].dt.to_period('Q').apply(lambda x: f"{x.year}-T{x.quarter}")

2025-08-10 00:27:45,826:WARNING:C:\Users\hfasa\AppData\Local\Temp\ipykernel_7004\1065222783.py:13: SettingWithCopyWarning: 
A value is trying to be set on a copy of a slice from a DataFrame.
Try using .loc[row_indexer,col_indexer] = value instead

See the caveats in the documentation: https://pandas.pydata.org/pandas-docs/stable/user_guide/indexing.html#returning-a-view-versus-a-copy
  df_trabalho['Ano'] = df_trabalho['data_ref'].dt.year

2025-08-10 00:27:47,305:WARNING:C:\Users\hfasa\AppData\Local\Temp\ipykernel_7004\3236597821.py:253: FutureWarning: The default of observed=False is deprecated and will be changed to True in a future version of pandas. Pass observed=False to retain current behavior or observed=True to adopt the future default and silence this warning.
  g = df.groupby(cat_srs)

2025-08-10 00:27:48,395:WARNING:c:\Users\hfasa\anaconda3\envs\EBAC\Lib\site-packages\statsmodels\base\model.py:607: ConvergenceWarning: Maximum Likelihood optimization failed to converge. Check mle_retvals
  warnings.warn("Maximum Likelihood optimization failed to "

2025-08-10 00:27:48,413:WARNING:C:\Users\hfasa\AppData\Local\Temp\ipykernel_7004\2314406483.py:11: DeprecationWarning: Conversion of an array with ndim > 0 to a scalar is deprecated, and will error in future. Ensure you extract a single element from your array before performing this operation. (Deprecated NumPy 1.25.)
  print(f"Probabilidade prevista de inadimplência: {float(probabilidade):.2%}")

2025-08-10 14:10:36,731:WARNING:C:\Users\hfasa\AppData\Local\Temp\ipykernel_20268\31246307.py:2: SettingWithCopyWarning: 
A value is trying to be set on a copy of a slice from a DataFrame.
Try using .loc[row_indexer,col_indexer] = value instead

See the caveats in the documentation: https://pandas.pydata.org/pandas-docs/stable/user_guide/indexing.html#returning-a-view-versus-a-copy
  df_trabalho['mau'] = df_trabalho['mau'].astype('int')

2025-08-10 14:10:36,766:WARNING:C:\Users\hfasa\AppData\Local\Temp\ipykernel_20268\31246307.py:5: SettingWithCopyWarning: 
A value is trying to be set on a copy of a slice from a DataFrame.
Try using .loc[row_indexer,col_indexer] = value instead

See the caveats in the documentation: https://pandas.pydata.org/pandas-docs/stable/user_guide/indexing.html#returning-a-view-versus-a-copy
  df_oot['mau'] = df_oot['mau'].astype('int')

2025-08-10 14:10:36,788:WARNING:C:\Users\hfasa\AppData\Local\Temp\ipykernel_20268\1065222783.py:1: SettingWithCopyWarning: 
A value is trying to be set on a copy of a slice from a DataFrame.
Try using .loc[row_indexer,col_indexer] = value instead

See the caveats in the documentation: https://pandas.pydata.org/pandas-docs/stable/user_guide/indexing.html#returning-a-view-versus-a-copy
  df_trabalho['Mês'] = df_trabalho['data_ref'].dt.month

2025-08-10 14:10:36,857:WARNING:C:\Users\hfasa\AppData\Local\Temp\ipykernel_20268\1065222783.py:3: SettingWithCopyWarning: 
A value is trying to be set on a copy of a slice from a DataFrame.
Try using .loc[row_indexer,col_indexer] = value instead

See the caveats in the documentation: https://pandas.pydata.org/pandas-docs/stable/user_guide/indexing.html#returning-a-view-versus-a-copy
  df_trabalho['Nome_mes'] = df_trabalho['data_ref'].dt.month_name(locale='pt_BR')

2025-08-10 14:10:36,942:WARNING:C:\Users\hfasa\AppData\Local\Temp\ipykernel_20268\1065222783.py:5: SettingWithCopyWarning: 
A value is trying to be set on a copy of a slice from a DataFrame.
Try using .loc[row_indexer,col_indexer] = value instead

See the caveats in the documentation: https://pandas.pydata.org/pandas-docs/stable/user_guide/indexing.html#returning-a-view-versus-a-copy
  df_trabalho["Dia_semana"] = df_trabalho["data_ref"].dt.day_name(locale="pt_BR")

2025-08-10 14:10:36,960:WARNING:C:\Users\hfasa\AppData\Local\Temp\ipykernel_20268\1065222783.py:8: SettingWithCopyWarning: 
A value is trying to be set on a copy of a slice from a DataFrame.
Try using .loc[row_indexer,col_indexer] = value instead

See the caveats in the documentation: https://pandas.pydata.org/pandas-docs/stable/user_guide/indexing.html#returning-a-view-versus-a-copy
  df_trabalho["Dia do mês"] = df_trabalho["data_ref"].dt.day

2025-08-10 14:10:38,286:WARNING:C:\Users\hfasa\AppData\Local\Temp\ipykernel_20268\1065222783.py:11: SettingWithCopyWarning: 
A value is trying to be set on a copy of a slice from a DataFrame.
Try using .loc[row_indexer,col_indexer] = value instead

See the caveats in the documentation: https://pandas.pydata.org/pandas-docs/stable/user_guide/indexing.html#returning-a-view-versus-a-copy
  df_trabalho['Ano_Trimestre'] = df_trabalho['data_ref'].dt.to_period('Q').apply(lambda x: f"{x.year}-T{x.quarter}")

2025-08-10 14:10:38,302:WARNING:C:\Users\hfasa\AppData\Local\Temp\ipykernel_20268\1065222783.py:13: SettingWithCopyWarning: 
A value is trying to be set on a copy of a slice from a DataFrame.
Try using .loc[row_indexer,col_indexer] = value instead

See the caveats in the documentation: https://pandas.pydata.org/pandas-docs/stable/user_guide/indexing.html#returning-a-view-versus-a-copy
  df_trabalho['Ano'] = df_trabalho['data_ref'].dt.year

2025-08-10 14:10:39,695:WARNING:C:\Users\hfasa\AppData\Local\Temp\ipykernel_20268\3236597821.py:253: FutureWarning: The default of observed=False is deprecated and will be changed to True in a future version of pandas. Pass observed=False to retain current behavior or observed=True to adopt the future default and silence this warning.
  g = df.groupby(cat_srs)

2025-08-10 14:10:40,729:WARNING:c:\Users\hfasa\anaconda3\envs\EBAC\Lib\site-packages\statsmodels\base\model.py:607: ConvergenceWarning: Maximum Likelihood optimization failed to converge. Check mle_retvals
  warnings.warn("Maximum Likelihood optimization failed to "

2025-08-10 14:10:40,749:WARNING:C:\Users\hfasa\AppData\Local\Temp\ipykernel_20268\2314406483.py:11: DeprecationWarning: Conversion of an array with ndim > 0 to a scalar is deprecated, and will error in future. Ensure you extract a single element from your array before performing this operation. (Deprecated NumPy 1.25.)
  print(f"Probabilidade prevista de inadimplência: {float(probabilidade):.2%}")

2025-08-10 14:32:54,585:INFO:Initializing plot_model()
2025-08-10 14:32:54,586:INFO:plot_model(is_in_evaluate=False, verbose=True, use_train_data=False, fold=None, system=True, scale=1, save=False, plot_kwargs=None, plot=feature, label=False, groups=None, fit_kwargs=None, feature_name=None, estimator=<statsmodels.discrete.discrete_model.BinaryResultsWrapper object at 0x000001EBB5D1F208>, display_format=None, display=None)
2025-08-10 14:32:54,586:INFO:Checking exceptions
2025-08-10 14:33:04,145:INFO:Initializing plot_model()
2025-08-10 14:33:04,145:INFO:plot_model(is_in_evaluate=False, verbose=True, use_train_data=False, fold=None, system=True, scale=1, save=False, plot_kwargs=None, plot=feature, label=False, groups=None, fit_kwargs=None, feature_name=None, estimator=<statsmodels.discrete.discrete_model.BinaryResultsWrapper object at 0x000001EBB5D1F208>, display_format=None, display=None)
2025-08-10 14:33:04,145:INFO:Checking exceptions
2025-08-10 16:38:50,398:INFO:PyCaret Supervised Module
2025-08-10 16:38:50,399:INFO:ML Usecase: classification
2025-08-10 16:38:50,399:INFO:version 2.3.10
2025-08-10 16:38:50,400:INFO:Initializing setup()
2025-08-10 16:38:50,400:INFO:setup(display=None, profile_kwargs=None, profile=False, verbose=True, silent=False, log_data=False, log_profile=False, log_plots=False, experiment_custom_tags=None, experiment_name=None, log_experiment=False, session_id=123, html=True, custom_pipeline=None, use_gpu=False, n_jobs=-1, fold_groups=None, fold_shuffle=False, fold=10, fold_strategy=stratifiedkfold, data_split_stratify=False, data_split_shuffle=True, transform_target_method=box-cox, transform_target=False, fix_imbalance_method=None, fix_imbalance=False, interaction_threshold=0.01, feature_ratio=False, feature_interaction=False, feature_selection_method=classic, feature_selection_threshold=0.8, feature_selection=False, group_names=None, group_features=None, polynomial_threshold=0.1, trigonometry_features=False, polynomial_degree=2, polynomial_features=False, cluster_iter=20, create_clusters=False, remove_perfect_collinearity=True, multicollinearity_threshold=0.9, remove_multicollinearity=False, outliers_threshold=0.05, remove_outliers=False, bin_numeric_features=None, rare_level_threshold=0.1, combine_rare_levels=False, ignore_low_variance=False, pca_components=None, pca_method=linear, pca=False, unknown_categorical_method=least_frequent, handle_unknown_categorical=True, transformation_method=yeo-johnson, transformation=False, normalize_method=zscore, normalize=False, ignore_features=None, date_features=None, numeric_iterative_imputer=lightgbm, numeric_imputation=mean, numeric_features=None, high_cardinality_method=frequency, high_cardinality_features=None, ordinal_features=None, categorical_iterative_imputer=lightgbm, categorical_imputation=constant, categorical_features=None, iterative_imputation_iters=5, imputation_type=simple, preprocess=True, test_data=None, train_size=0.7, available_plots={'parameter': 'Hyperparameters', 'auc': 'AUC', 'confusion_matrix': 'Confusion Matrix', 'threshold': 'Threshold', 'pr': 'Precision Recall', 'error': 'Prediction Error', 'class_report': 'Class Report', 'rfe': 'Feature Selection', 'learning': 'Learning Curve', 'manifold': 'Manifold Learning', 'calibration': 'Calibration Curve', 'vc': 'Validation Curve', 'dimension': 'Dimensions', 'feature': 'Feature Importance', 'feature_all': 'Feature Importance (All)', 'boundary': 'Decision Boundary', 'lift': 'Lift Chart', 'gain': 'Gain Chart', 'tree': 'Decision Tree', 'ks': 'KS Statistic Plot'}, ml_usecase=classification, target=mau)
2025-08-10 16:38:50,400:INFO:Checking environment
2025-08-10 16:38:50,400:INFO:python_version: 3.6.13
2025-08-10 16:38:50,400:INFO:python_build: ('default', 'Mar 16 2021 11:37:27')
2025-08-10 16:38:50,401:INFO:machine: AMD64
2025-08-10 16:38:50,401:INFO:platform: Windows-10-10.0.26100-SP0
2025-08-10 16:38:50,404:WARNING:cannot find psutil installation. memory not traceable. Install psutil using pip to enable memory logging.
2025-08-10 16:38:50,404:INFO:Checking libraries
2025-08-10 16:38:50,404:INFO:pd==1.1.5
2025-08-10 16:38:50,404:INFO:numpy==1.19.5
2025-08-10 16:38:50,405:INFO:sklearn==0.23.2
2025-08-10 16:38:50,406:INFO:lightgbm==4.3.0
2025-08-10 16:38:50,407:WARNING:catboost not found
2025-08-10 16:38:50,408:WARNING:xgboost not found
2025-08-10 16:38:50,408:INFO:mlflow==1.23.1
2025-08-10 16:38:50,408:INFO:Checking Exceptions
2025-08-10 16:38:53,755:INFO:PyCaret Supervised Module
2025-08-10 16:38:53,755:INFO:ML Usecase: classification
2025-08-10 16:38:53,755:INFO:version 2.3.10
2025-08-10 16:38:53,755:INFO:Initializing setup()
2025-08-10 16:38:53,755:INFO:setup(display=None, profile_kwargs=None, profile=False, verbose=True, silent=False, log_data=False, log_profile=False, log_plots=False, experiment_custom_tags=None, experiment_name=None, log_experiment=False, session_id=123, html=True, custom_pipeline=None, use_gpu=False, n_jobs=-1, fold_groups=None, fold_shuffle=False, fold=10, fold_strategy=stratifiedkfold, data_split_stratify=False, data_split_shuffle=True, transform_target_method=box-cox, transform_target=False, fix_imbalance_method=None, fix_imbalance=False, interaction_threshold=0.01, feature_ratio=False, feature_interaction=False, feature_selection_method=classic, feature_selection_threshold=0.8, feature_selection=False, group_names=None, group_features=None, polynomial_threshold=0.1, trigonometry_features=False, polynomial_degree=2, polynomial_features=False, cluster_iter=20, create_clusters=False, remove_perfect_collinearity=True, multicollinearity_threshold=0.9, remove_multicollinearity=False, outliers_threshold=0.05, remove_outliers=False, bin_numeric_features=None, rare_level_threshold=0.1, combine_rare_levels=False, ignore_low_variance=False, pca_components=None, pca_method=linear, pca=False, unknown_categorical_method=least_frequent, handle_unknown_categorical=True, transformation_method=yeo-johnson, transformation=False, normalize_method=zscore, normalize=False, ignore_features=None, date_features=None, numeric_iterative_imputer=lightgbm, numeric_imputation=mean, numeric_features=None, high_cardinality_method=frequency, high_cardinality_features=None, ordinal_features=None, categorical_iterative_imputer=lightgbm, categorical_imputation=constant, categorical_features=None, iterative_imputation_iters=5, imputation_type=simple, preprocess=True, test_data=None, train_size=0.7, available_plots={'parameter': 'Hyperparameters', 'auc': 'AUC', 'confusion_matrix': 'Confusion Matrix', 'threshold': 'Threshold', 'pr': 'Precision Recall', 'error': 'Prediction Error', 'class_report': 'Class Report', 'rfe': 'Feature Selection', 'learning': 'Learning Curve', 'manifold': 'Manifold Learning', 'calibration': 'Calibration Curve', 'vc': 'Validation Curve', 'dimension': 'Dimensions', 'feature': 'Feature Importance', 'feature_all': 'Feature Importance (All)', 'boundary': 'Decision Boundary', 'lift': 'Lift Chart', 'gain': 'Gain Chart', 'tree': 'Decision Tree', 'ks': 'KS Statistic Plot'}, ml_usecase=classification, target=mau)
2025-08-10 16:38:53,756:INFO:Checking environment
2025-08-10 16:38:53,756:INFO:python_version: 3.6.13
2025-08-10 16:38:53,756:INFO:python_build: ('default', 'Mar 16 2021 11:37:27')
2025-08-10 16:38:53,756:INFO:machine: AMD64
2025-08-10 16:38:53,756:INFO:platform: Windows-10-10.0.26100-SP0
2025-08-10 16:38:53,756:WARNING:cannot find psutil installation. memory not traceable. Install psutil using pip to enable memory logging.
2025-08-10 16:38:53,756:INFO:Checking libraries
2025-08-10 16:38:53,756:INFO:pd==1.1.5
2025-08-10 16:38:53,756:INFO:numpy==1.19.5
2025-08-10 16:38:53,756:INFO:sklearn==0.23.2
2025-08-10 16:38:53,756:INFO:lightgbm==4.3.0
2025-08-10 16:38:53,757:WARNING:catboost not found
2025-08-10 16:38:53,757:WARNING:xgboost not found
2025-08-10 16:38:53,757:INFO:mlflow==1.23.1
2025-08-10 16:38:53,757:INFO:Checking Exceptions
2025-08-10 16:40:36,782:INFO:PyCaret Supervised Module
2025-08-10 16:40:36,783:INFO:ML Usecase: classification
2025-08-10 16:40:36,783:INFO:version 2.3.10
2025-08-10 16:40:36,783:INFO:Initializing setup()
2025-08-10 16:40:36,783:INFO:setup(display=None, profile_kwargs=None, profile=False, verbose=True, silent=False, log_data=False, log_profile=False, log_plots=False, experiment_custom_tags=None, experiment_name=None, log_experiment=False, session_id=123, html=True, custom_pipeline=None, use_gpu=False, n_jobs=-1, fold_groups=None, fold_shuffle=False, fold=10, fold_strategy=stratifiedkfold, data_split_stratify=False, data_split_shuffle=True, transform_target_method=box-cox, transform_target=False, fix_imbalance_method=None, fix_imbalance=False, interaction_threshold=0.01, feature_ratio=False, feature_interaction=False, feature_selection_method=classic, feature_selection_threshold=0.8, feature_selection=False, group_names=None, group_features=None, polynomial_threshold=0.1, trigonometry_features=False, polynomial_degree=2, polynomial_features=False, cluster_iter=20, create_clusters=False, remove_perfect_collinearity=True, multicollinearity_threshold=0.9, remove_multicollinearity=False, outliers_threshold=0.05, remove_outliers=False, bin_numeric_features=None, rare_level_threshold=0.1, combine_rare_levels=False, ignore_low_variance=False, pca_components=None, pca_method=linear, pca=False, unknown_categorical_method=least_frequent, handle_unknown_categorical=True, transformation_method=yeo-johnson, transformation=False, normalize_method=zscore, normalize=False, ignore_features=None, date_features=None, numeric_iterative_imputer=lightgbm, numeric_imputation=mean, numeric_features=None, high_cardinality_method=frequency, high_cardinality_features=None, ordinal_features=None, categorical_iterative_imputer=lightgbm, categorical_imputation=constant, categorical_features=None, iterative_imputation_iters=5, imputation_type=simple, preprocess=True, test_data=None, train_size=0.7, available_plots={'parameter': 'Hyperparameters', 'auc': 'AUC', 'confusion_matrix': 'Confusion Matrix', 'threshold': 'Threshold', 'pr': 'Precision Recall', 'error': 'Prediction Error', 'class_report': 'Class Report', 'rfe': 'Feature Selection', 'learning': 'Learning Curve', 'manifold': 'Manifold Learning', 'calibration': 'Calibration Curve', 'vc': 'Validation Curve', 'dimension': 'Dimensions', 'feature': 'Feature Importance', 'feature_all': 'Feature Importance (All)', 'boundary': 'Decision Boundary', 'lift': 'Lift Chart', 'gain': 'Gain Chart', 'tree': 'Decision Tree', 'ks': 'KS Statistic Plot'}, ml_usecase=classification, target=mau)
2025-08-10 16:40:36,783:INFO:Checking environment
2025-08-10 16:40:36,783:INFO:python_version: 3.6.13
2025-08-10 16:40:36,783:INFO:python_build: ('default', 'Mar 16 2021 11:37:27')
2025-08-10 16:40:36,783:INFO:machine: AMD64
2025-08-10 16:40:36,784:INFO:platform: Windows-10-10.0.26100-SP0
2025-08-10 16:40:36,785:WARNING:cannot find psutil installation. memory not traceable. Install psutil using pip to enable memory logging.
2025-08-10 16:40:36,785:INFO:Checking libraries
2025-08-10 16:40:36,785:INFO:pd==1.1.5
2025-08-10 16:40:36,785:INFO:numpy==1.19.5
2025-08-10 16:40:36,785:INFO:sklearn==0.23.2
2025-08-10 16:40:36,785:INFO:lightgbm==4.3.0
2025-08-10 16:40:36,786:WARNING:catboost not found
2025-08-10 16:40:36,787:WARNING:xgboost not found
2025-08-10 16:40:36,787:INFO:mlflow==1.23.1
2025-08-10 16:40:36,787:INFO:Checking Exceptions
2025-08-10 16:41:17,199:INFO:PyCaret Supervised Module
2025-08-10 16:41:17,199:INFO:ML Usecase: classification
2025-08-10 16:41:17,199:INFO:version 2.3.10
2025-08-10 16:41:17,199:INFO:Initializing setup()
2025-08-10 16:41:17,199:INFO:setup(display=None, profile_kwargs=None, profile=False, verbose=True, silent=False, log_data=False, log_profile=False, log_plots=False, experiment_custom_tags=None, experiment_name=None, log_experiment=False, session_id=123, html=True, custom_pipeline=None, use_gpu=False, n_jobs=-1, fold_groups=None, fold_shuffle=False, fold=10, fold_strategy=stratifiedkfold, data_split_stratify=False, data_split_shuffle=True, transform_target_method=box-cox, transform_target=False, fix_imbalance_method=None, fix_imbalance=False, interaction_threshold=0.01, feature_ratio=False, feature_interaction=False, feature_selection_method=classic, feature_selection_threshold=0.8, feature_selection=False, group_names=None, group_features=None, polynomial_threshold=0.1, trigonometry_features=False, polynomial_degree=2, polynomial_features=False, cluster_iter=20, create_clusters=False, remove_perfect_collinearity=True, multicollinearity_threshold=0.9, remove_multicollinearity=False, outliers_threshold=0.05, remove_outliers=False, bin_numeric_features=None, rare_level_threshold=0.1, combine_rare_levels=False, ignore_low_variance=False, pca_components=None, pca_method=linear, pca=False, unknown_categorical_method=least_frequent, handle_unknown_categorical=True, transformation_method=yeo-johnson, transformation=False, normalize_method=zscore, normalize=False, ignore_features=None, date_features=None, numeric_iterative_imputer=lightgbm, numeric_imputation=mean, numeric_features=None, high_cardinality_method=frequency, high_cardinality_features=None, ordinal_features=None, categorical_iterative_imputer=lightgbm, categorical_imputation=constant, categorical_features=None, iterative_imputation_iters=5, imputation_type=simple, preprocess=True, test_data=None, train_size=0.7, available_plots={'parameter': 'Hyperparameters', 'auc': 'AUC', 'confusion_matrix': 'Confusion Matrix', 'threshold': 'Threshold', 'pr': 'Precision Recall', 'error': 'Prediction Error', 'class_report': 'Class Report', 'rfe': 'Feature Selection', 'learning': 'Learning Curve', 'manifold': 'Manifold Learning', 'calibration': 'Calibration Curve', 'vc': 'Validation Curve', 'dimension': 'Dimensions', 'feature': 'Feature Importance', 'feature_all': 'Feature Importance (All)', 'boundary': 'Decision Boundary', 'lift': 'Lift Chart', 'gain': 'Gain Chart', 'tree': 'Decision Tree', 'ks': 'KS Statistic Plot'}, ml_usecase=classification, target=mau)
2025-08-10 16:41:17,199:INFO:Checking environment
2025-08-10 16:41:17,199:INFO:python_version: 3.6.13
2025-08-10 16:41:17,199:INFO:python_build: ('default', 'Mar 16 2021 11:37:27')
2025-08-10 16:41:17,199:INFO:machine: AMD64
2025-08-10 16:41:17,201:INFO:platform: Windows-10-10.0.26100-SP0
2025-08-10 16:41:17,202:WARNING:cannot find psutil installation. memory not traceable. Install psutil using pip to enable memory logging.
2025-08-10 16:41:17,202:INFO:Checking libraries
2025-08-10 16:41:17,202:INFO:pd==1.1.5
2025-08-10 16:41:17,202:INFO:numpy==1.19.5
2025-08-10 16:41:17,202:INFO:sklearn==0.23.2
2025-08-10 16:41:17,202:INFO:lightgbm==4.3.0
2025-08-10 16:41:17,203:WARNING:catboost not found
2025-08-10 16:41:17,203:WARNING:xgboost not found
2025-08-10 16:41:17,204:INFO:mlflow==1.23.1
2025-08-10 16:41:17,204:INFO:Checking Exceptions
2025-08-10 16:41:17,204:INFO:Declaring global variables
2025-08-10 16:41:17,204:INFO:USI: 86d4
2025-08-10 16:41:17,204:INFO:pycaret_globals: {'dashboard_logger', 'fold_groups_param', 'y_train', 'X_train', 'X_test', 'y_test', 'fold_groups_param_full', 'prep_pipe', 'transform_target_param', '_ml_usecase', 'fix_imbalance_param', '_internal_pipeline', 'log_plots_param', 'html_param', 'fold_generator', 'master_model_container', 'fold_param', 'transform_target_method_param', 'X', 'gpu_param', '_all_models_internal', 'fix_imbalance_method_param', 'y', 'seed', 'data_before_preprocess', 'create_model_container', 'pycaret_globals', 'USI', '_available_plots', 'fold_shuffle_param', 'experiment__', 'display_container', 'target_param', '_all_models', '_all_metrics', 'iterative_imputation_iters_param', 'logging_param', 'exp_name_log', '_gpu_n_jobs_param', 'imputation_regressor', 'stratify_param', 'imputation_classifier', 'n_jobs_param'}
2025-08-10 16:41:17,204:INFO:Preparing display monitor
2025-08-10 16:41:17,204:INFO:Preparing display monitor
2025-08-10 16:41:17,217:INFO:Importing libraries
2025-08-10 16:41:17,217:INFO:Copying data for preprocessing
2025-08-10 16:41:17,227:INFO:Declaring preprocessing parameters
2025-08-10 16:41:17,235:INFO:Creating preprocessing pipeline
2025-08-10 16:41:17,245:INFO:Preprocessing pipeline created successfully
2025-08-10 16:41:17,245:ERROR:(Process Exit): setup has been interupted with user command 'quit'. setup must rerun.
2025-08-10 16:41:17,245:INFO:Creating global containers
2025-08-10 16:41:17,252:INFO:Internal pipeline: Pipeline(memory=None, steps=[('empty_step', 'passthrough')], verbose=False)
2025-08-10 16:43:55,441:INFO:PyCaret Supervised Module
2025-08-10 16:43:55,441:INFO:ML Usecase: classification
2025-08-10 16:43:55,441:INFO:version 2.3.10
2025-08-10 16:43:55,441:INFO:Initializing setup()
2025-08-10 16:43:55,441:INFO:setup(display=None, profile_kwargs=None, profile=False, verbose=True, silent=False, log_data=False, log_profile=False, log_plots=False, experiment_custom_tags=None, experiment_name=None, log_experiment=False, session_id=123, html=True, custom_pipeline=None, use_gpu=False, n_jobs=-1, fold_groups=None, fold_shuffle=False, fold=10, fold_strategy=stratifiedkfold, data_split_stratify=False, data_split_shuffle=True, transform_target_method=box-cox, transform_target=False, fix_imbalance_method=None, fix_imbalance=False, interaction_threshold=0.01, feature_ratio=False, feature_interaction=False, feature_selection_method=classic, feature_selection_threshold=0.8, feature_selection=False, group_names=None, group_features=None, polynomial_threshold=0.1, trigonometry_features=False, polynomial_degree=2, polynomial_features=False, cluster_iter=20, create_clusters=False, remove_perfect_collinearity=True, multicollinearity_threshold=0.9, remove_multicollinearity=False, outliers_threshold=0.05, remove_outliers=False, bin_numeric_features=None, rare_level_threshold=0.1, combine_rare_levels=False, ignore_low_variance=False, pca_components=None, pca_method=linear, pca=False, unknown_categorical_method=least_frequent, handle_unknown_categorical=True, transformation_method=yeo-johnson, transformation=False, normalize_method=zscore, normalize=False, ignore_features=None, date_features=None, numeric_iterative_imputer=lightgbm, numeric_imputation=mean, numeric_features=None, high_cardinality_method=frequency, high_cardinality_features=None, ordinal_features=None, categorical_iterative_imputer=lightgbm, categorical_imputation=constant, categorical_features=None, iterative_imputation_iters=5, imputation_type=simple, preprocess=True, test_data=None, train_size=0.7, available_plots={'parameter': 'Hyperparameters', 'auc': 'AUC', 'confusion_matrix': 'Confusion Matrix', 'threshold': 'Threshold', 'pr': 'Precision Recall', 'error': 'Prediction Error', 'class_report': 'Class Report', 'rfe': 'Feature Selection', 'learning': 'Learning Curve', 'manifold': 'Manifold Learning', 'calibration': 'Calibration Curve', 'vc': 'Validation Curve', 'dimension': 'Dimensions', 'feature': 'Feature Importance', 'feature_all': 'Feature Importance (All)', 'boundary': 'Decision Boundary', 'lift': 'Lift Chart', 'gain': 'Gain Chart', 'tree': 'Decision Tree', 'ks': 'KS Statistic Plot'}, ml_usecase=classification, target=mau)
2025-08-10 16:43:55,441:INFO:Checking environment
2025-08-10 16:43:55,441:INFO:python_version: 3.6.13
2025-08-10 16:43:55,441:INFO:python_build: ('default', 'Mar 16 2021 11:37:27')
2025-08-10 16:43:55,441:INFO:machine: AMD64
2025-08-10 16:43:55,441:INFO:platform: Windows-10-10.0.26100-SP0
2025-08-10 16:43:55,442:WARNING:cannot find psutil installation. memory not traceable. Install psutil using pip to enable memory logging.
2025-08-10 16:43:55,442:INFO:Checking libraries
2025-08-10 16:43:55,442:INFO:pd==1.1.5
2025-08-10 16:43:55,442:INFO:numpy==1.19.5
2025-08-10 16:43:55,442:INFO:sklearn==0.23.2
2025-08-10 16:43:55,442:INFO:lightgbm==4.3.0
2025-08-10 16:43:55,443:WARNING:catboost not found
2025-08-10 16:43:55,443:WARNING:xgboost not found
2025-08-10 16:43:55,443:INFO:mlflow==1.23.1
2025-08-10 16:43:55,443:INFO:Checking Exceptions
2025-08-10 16:43:55,444:INFO:Declaring global variables
2025-08-10 16:43:55,444:INFO:USI: 1e8c
2025-08-10 16:43:55,444:INFO:pycaret_globals: {'dashboard_logger', 'fold_groups_param', 'y_train', 'X_train', 'X_test', 'y_test', 'fold_groups_param_full', 'prep_pipe', 'transform_target_param', '_ml_usecase', 'fix_imbalance_param', '_internal_pipeline', 'log_plots_param', 'html_param', 'fold_generator', 'master_model_container', 'fold_param', 'transform_target_method_param', 'X', 'gpu_param', '_all_models_internal', 'fix_imbalance_method_param', 'y', 'seed', 'data_before_preprocess', 'create_model_container', 'pycaret_globals', 'USI', '_available_plots', 'fold_shuffle_param', 'experiment__', 'display_container', 'target_param', '_all_models', '_all_metrics', 'iterative_imputation_iters_param', 'logging_param', 'exp_name_log', '_gpu_n_jobs_param', 'imputation_regressor', 'stratify_param', 'imputation_classifier', 'n_jobs_param'}
2025-08-10 16:43:55,444:INFO:Preparing display monitor
2025-08-10 16:43:55,444:INFO:Preparing display monitor
2025-08-10 16:43:55,454:INFO:Importing libraries
2025-08-10 16:43:55,454:INFO:Copying data for preprocessing
2025-08-10 16:43:55,462:INFO:Declaring preprocessing parameters
2025-08-10 16:43:55,469:INFO:Creating preprocessing pipeline
2025-08-10 16:43:55,481:INFO:Preprocessing pipeline created successfully
2025-08-10 16:43:55,481:ERROR:(Process Exit): setup has been interupted with user command 'quit'. setup must rerun.
2025-08-10 16:43:55,481:INFO:Creating global containers
2025-08-10 16:43:55,482:INFO:Internal pipeline: Pipeline(memory=None, steps=[('empty_step', 'passthrough')], verbose=False)
2025-08-10 16:44:50,242:WARNING:Couldn't import xgboost.XGBClassifier
2025-08-10 16:44:50,243:WARNING:Couldn't import catboost.CatBoostClassifier
2025-08-10 16:44:50,297:WARNING:Couldn't import xgboost.XGBClassifier
2025-08-10 16:44:50,298:WARNING:Couldn't import catboost.CatBoostClassifier
2025-08-10 16:44:50,298:INFO:Creating grid variables
2025-08-10 16:44:50,315:INFO:create_model_container: 0
2025-08-10 16:44:50,315:INFO:master_model_container: 0
2025-08-10 16:44:50,315:INFO:display_container: 1
2025-08-10 16:44:50,321:INFO:Pipeline(memory=None,
         steps=[('dtypes',
                 DataTypes_Auto_infer(categorical_features=[],
                                      display_types=True, features_todrop=[],
                                      id_columns=[],
                                      ml_usecase='classification',
                                      numerical_features=[], target='mau',
                                      time_features=[])),
                ('imputer',
                 Simple_Imputer(categorical_strategy='not_available',
                                fill_value_categorical=None,
                                fill_value_numerical=None,
                                numeric_strategy...
                ('scaling', 'passthrough'), ('P_transform', 'passthrough'),
                ('binn', 'passthrough'), ('rem_outliers', 'passthrough'),
                ('cluster_all', 'passthrough'),
                ('dummy', Dummify(target='mau')),
                ('fix_perfect', Remove_100(target='mau')),
                ('clean_names', Clean_Colum_Names()),
                ('feature_select', 'passthrough'), ('fix_multi', 'passthrough'),
                ('dfs', 'passthrough'), ('pca', 'passthrough')],
         verbose=False)
2025-08-10 16:44:50,321:INFO:setup() succesfully completed......................................
2025-08-10 16:44:50,439:INFO:Initializing create_model()
2025-08-10 16:44:50,441:INFO:create_model(kwargs={}, return_train_score=False, display=None, probability_threshold=None, add_to_model_list=True, experiment_custom_tags=None, metrics=None, system=True, verbose=True, refit=True, groups=None, fit_kwargs=None, predict=True, cross_validation=True, round=4, fold=None, estimator=lr)
2025-08-10 16:44:50,441:INFO:Checking exceptions
2025-08-10 16:44:50,441:INFO:Preparing display monitor
2025-08-10 16:44:50,455:INFO:Importing libraries
2025-08-10 16:44:50,455:INFO:Copying training dataset
2025-08-10 16:44:50,456:INFO:Defining folds
2025-08-10 16:44:50,457:INFO:Declaring metric variables
2025-08-10 16:44:50,463:INFO:Importing untrained model
2025-08-10 16:44:50,471:INFO:Logistic Regression Imported succesfully
2025-08-10 16:44:50,489:INFO:Starting cross validation
2025-08-10 16:44:50,491:INFO:Cross validating with StratifiedKFold(n_splits=10, random_state=None, shuffle=False), n_jobs=-1
2025-08-10 16:44:56,797:INFO:Calculating mean and std
2025-08-10 16:44:56,797:INFO:Creating metrics dataframe
2025-08-10 16:44:56,805:INFO:Finalizing model
2025-08-10 16:44:56,993:INFO:Uploading results into container
2025-08-10 16:44:56,993:INFO:Uploading model into container now
2025-08-10 16:44:57,005:INFO:create_model_container: 1
2025-08-10 16:44:57,006:INFO:master_model_container: 1
2025-08-10 16:44:57,006:INFO:display_container: 2
2025-08-10 16:44:57,006:INFO:LogisticRegression(C=1.0, class_weight=None, dual=False, fit_intercept=True,
                   intercept_scaling=1, l1_ratio=None, max_iter=1000,
                   multi_class='auto', n_jobs=None, penalty='l2',
                   random_state=123, solver='lbfgs', tol=0.0001, verbose=0,
                   warm_start=False)
2025-08-10 16:44:57,006:INFO:create_model() succesfully completed......................................
2025-08-10 16:45:00,859:INFO:PyCaret Supervised Module
2025-08-10 16:45:00,859:INFO:ML Usecase: classification
2025-08-10 16:45:00,859:INFO:version 2.3.10
2025-08-10 16:45:00,859:INFO:Initializing setup()
2025-08-10 16:45:00,859:INFO:setup(display=None, profile_kwargs=None, profile=False, verbose=True, silent=False, log_data=False, log_profile=False, log_plots=False, experiment_custom_tags=None, experiment_name=None, log_experiment=False, session_id=123, html=True, custom_pipeline=None, use_gpu=False, n_jobs=-1, fold_groups=None, fold_shuffle=False, fold=10, fold_strategy=stratifiedkfold, data_split_stratify=False, data_split_shuffle=True, transform_target_method=box-cox, transform_target=False, fix_imbalance_method=None, fix_imbalance=False, interaction_threshold=0.01, feature_ratio=False, feature_interaction=False, feature_selection_method=classic, feature_selection_threshold=0.8, feature_selection=False, group_names=None, group_features=None, polynomial_threshold=0.1, trigonometry_features=False, polynomial_degree=2, polynomial_features=False, cluster_iter=20, create_clusters=False, remove_perfect_collinearity=True, multicollinearity_threshold=0.9, remove_multicollinearity=False, outliers_threshold=0.05, remove_outliers=False, bin_numeric_features=None, rare_level_threshold=0.1, combine_rare_levels=False, ignore_low_variance=False, pca_components=None, pca_method=linear, pca=False, unknown_categorical_method=least_frequent, handle_unknown_categorical=True, transformation_method=yeo-johnson, transformation=False, normalize_method=zscore, normalize=False, ignore_features=None, date_features=None, numeric_iterative_imputer=lightgbm, numeric_imputation=mean, numeric_features=None, high_cardinality_method=frequency, high_cardinality_features=None, ordinal_features=None, categorical_iterative_imputer=lightgbm, categorical_imputation=constant, categorical_features=None, iterative_imputation_iters=5, imputation_type=simple, preprocess=True, test_data=None, train_size=0.7, available_plots={'parameter': 'Hyperparameters', 'auc': 'AUC', 'confusion_matrix': 'Confusion Matrix', 'threshold': 'Threshold', 'pr': 'Precision Recall', 'error': 'Prediction Error', 'class_report': 'Class Report', 'rfe': 'Feature Selection', 'learning': 'Learning Curve', 'manifold': 'Manifold Learning', 'calibration': 'Calibration Curve', 'vc': 'Validation Curve', 'dimension': 'Dimensions', 'feature': 'Feature Importance', 'feature_all': 'Feature Importance (All)', 'boundary': 'Decision Boundary', 'lift': 'Lift Chart', 'gain': 'Gain Chart', 'tree': 'Decision Tree', 'ks': 'KS Statistic Plot'}, ml_usecase=classification, target=mau)
2025-08-10 16:45:00,859:INFO:Checking environment
2025-08-10 16:45:00,859:INFO:python_version: 3.6.13
2025-08-10 16:45:00,859:INFO:python_build: ('default', 'Mar 16 2021 11:37:27')
2025-08-10 16:45:00,859:INFO:machine: AMD64
2025-08-10 16:45:00,859:INFO:platform: Windows-10-10.0.26100-SP0
2025-08-10 16:45:00,860:WARNING:cannot find psutil installation. memory not traceable. Install psutil using pip to enable memory logging.
2025-08-10 16:45:00,860:INFO:Checking libraries
2025-08-10 16:45:00,861:INFO:pd==1.1.5
2025-08-10 16:45:00,861:INFO:numpy==1.19.5
2025-08-10 16:45:00,861:INFO:sklearn==0.23.2
2025-08-10 16:45:00,861:INFO:lightgbm==4.3.0
2025-08-10 16:45:00,862:WARNING:catboost not found
2025-08-10 16:45:00,862:WARNING:xgboost not found
2025-08-10 16:45:00,862:INFO:mlflow==1.23.1
2025-08-10 16:45:00,862:INFO:Checking Exceptions
2025-08-10 16:45:00,862:INFO:Declaring global variables
2025-08-10 16:45:00,862:INFO:USI: dd76
2025-08-10 16:45:00,862:INFO:pycaret_globals: {'dashboard_logger', 'fold_groups_param', 'y_train', 'X_train', 'X_test', 'y_test', 'fold_groups_param_full', 'prep_pipe', 'transform_target_param', '_ml_usecase', 'fix_imbalance_param', '_internal_pipeline', 'log_plots_param', 'html_param', 'fold_generator', 'master_model_container', 'fold_param', 'transform_target_method_param', 'X', 'gpu_param', '_all_models_internal', 'fix_imbalance_method_param', 'y', 'seed', 'data_before_preprocess', 'create_model_container', 'pycaret_globals', 'USI', '_available_plots', 'fold_shuffle_param', 'experiment__', 'display_container', 'target_param', '_all_models', '_all_metrics', 'iterative_imputation_iters_param', 'logging_param', 'exp_name_log', '_gpu_n_jobs_param', 'imputation_regressor', 'stratify_param', 'imputation_classifier', 'n_jobs_param'}
2025-08-10 16:45:00,862:INFO:Preparing display monitor
2025-08-10 16:45:00,862:INFO:Preparing display monitor
2025-08-10 16:45:00,874:INFO:Importing libraries
2025-08-10 16:45:00,874:INFO:Copying data for preprocessing
2025-08-10 16:45:00,882:INFO:Declaring preprocessing parameters
2025-08-10 16:45:00,887:INFO:Creating preprocessing pipeline
2025-08-10 16:45:00,903:INFO:Preprocessing pipeline created successfully
2025-08-10 16:45:00,903:ERROR:(Process Exit): setup has been interupted with user command 'quit'. setup must rerun.
2025-08-10 16:45:00,903:INFO:Creating global containers
2025-08-10 16:45:00,903:INFO:Internal pipeline: Pipeline(memory=None, steps=[('empty_step', 'passthrough')], verbose=False)
2025-08-10 16:45:18,536:WARNING:Couldn't import xgboost.XGBClassifier
2025-08-10 16:45:18,536:WARNING:Couldn't import catboost.CatBoostClassifier
2025-08-10 16:45:18,590:WARNING:Couldn't import xgboost.XGBClassifier
2025-08-10 16:45:18,591:WARNING:Couldn't import catboost.CatBoostClassifier
2025-08-10 16:45:18,592:INFO:Creating grid variables
2025-08-10 16:45:18,606:INFO:create_model_container: 0
2025-08-10 16:45:18,606:INFO:master_model_container: 0
2025-08-10 16:45:18,606:INFO:display_container: 1
2025-08-10 16:45:18,610:INFO:Pipeline(memory=None,
         steps=[('dtypes',
                 DataTypes_Auto_infer(categorical_features=[],
                                      display_types=True, features_todrop=[],
                                      id_columns=[],
                                      ml_usecase='classification',
                                      numerical_features=[], target='mau',
                                      time_features=[])),
                ('imputer',
                 Simple_Imputer(categorical_strategy='not_available',
                                fill_value_categorical=None,
                                fill_value_numerical=None,
                                numeric_strategy...
                ('scaling', 'passthrough'), ('P_transform', 'passthrough'),
                ('binn', 'passthrough'), ('rem_outliers', 'passthrough'),
                ('cluster_all', 'passthrough'),
                ('dummy', Dummify(target='mau')),
                ('fix_perfect', Remove_100(target='mau')),
                ('clean_names', Clean_Colum_Names()),
                ('feature_select', 'passthrough'), ('fix_multi', 'passthrough'),
                ('dfs', 'passthrough'), ('pca', 'passthrough')],
         verbose=False)
2025-08-10 16:45:18,610:INFO:setup() succesfully completed......................................
2025-08-10 16:45:18,716:INFO:Initializing create_model()
2025-08-10 16:45:18,716:INFO:create_model(kwargs={}, return_train_score=False, display=None, probability_threshold=None, add_to_model_list=True, experiment_custom_tags=None, metrics=None, system=True, verbose=True, refit=True, groups=None, fit_kwargs=None, predict=True, cross_validation=True, round=4, fold=None, estimator=lr)
2025-08-10 16:45:18,717:INFO:Checking exceptions
2025-08-10 16:45:18,717:INFO:Preparing display monitor
2025-08-10 16:45:18,728:INFO:Importing libraries
2025-08-10 16:45:18,728:INFO:Copying training dataset
2025-08-10 16:45:18,729:INFO:Defining folds
2025-08-10 16:45:18,729:INFO:Declaring metric variables
2025-08-10 16:45:18,736:INFO:Importing untrained model
2025-08-10 16:45:18,742:INFO:Logistic Regression Imported succesfully
2025-08-10 16:45:18,756:INFO:Starting cross validation
2025-08-10 16:45:18,756:INFO:Cross validating with StratifiedKFold(n_splits=10, random_state=None, shuffle=False), n_jobs=-1
2025-08-10 16:45:21,079:INFO:Calculating mean and std
2025-08-10 16:45:21,081:INFO:Creating metrics dataframe
2025-08-10 16:45:21,089:INFO:Finalizing model
2025-08-10 16:45:21,217:INFO:Uploading results into container
2025-08-10 16:45:21,217:INFO:Uploading model into container now
2025-08-10 16:45:21,231:INFO:create_model_container: 1
2025-08-10 16:45:21,231:INFO:master_model_container: 1
2025-08-10 16:45:21,231:INFO:display_container: 2
2025-08-10 16:45:21,231:INFO:LogisticRegression(C=1.0, class_weight=None, dual=False, fit_intercept=True,
                   intercept_scaling=1, l1_ratio=None, max_iter=1000,
                   multi_class='auto', n_jobs=None, penalty='l2',
                   random_state=123, solver='lbfgs', tol=0.0001, verbose=0,
                   warm_start=False)
2025-08-10 16:45:21,231:INFO:create_model() succesfully completed......................................
2025-08-10 16:46:30,758:INFO:Initializing create_model()
2025-08-10 16:46:30,760:INFO:create_model(kwargs={}, return_train_score=False, display=None, probability_threshold=None, add_to_model_list=True, experiment_custom_tags=None, metrics=None, system=True, verbose=True, refit=True, groups=None, fit_kwargs=None, predict=True, cross_validation=True, round=4, fold=None, estimator=lr)
2025-08-10 16:46:30,760:INFO:Checking exceptions
2025-08-10 16:46:30,761:INFO:Preparing display monitor
2025-08-10 16:46:30,778:INFO:Importing libraries
2025-08-10 16:46:30,778:INFO:Copying training dataset
2025-08-10 16:46:30,781:INFO:Defining folds
2025-08-10 16:46:30,781:INFO:Declaring metric variables
2025-08-10 16:46:30,789:INFO:Importing untrained model
2025-08-10 16:46:30,795:INFO:Logistic Regression Imported succesfully
2025-08-10 16:46:30,809:INFO:Starting cross validation
2025-08-10 16:46:30,811:INFO:Cross validating with StratifiedKFold(n_splits=10, random_state=None, shuffle=False), n_jobs=-1
2025-08-10 16:46:31,422:INFO:Calculating mean and std
2025-08-10 16:46:31,422:INFO:Creating metrics dataframe
2025-08-10 16:46:31,431:INFO:Finalizing model
2025-08-10 16:46:31,556:INFO:Uploading results into container
2025-08-10 16:46:31,557:INFO:Uploading model into container now
2025-08-10 16:46:31,570:INFO:create_model_container: 2
2025-08-10 16:46:31,570:INFO:master_model_container: 2
2025-08-10 16:46:31,571:INFO:display_container: 3
2025-08-10 16:46:31,571:INFO:LogisticRegression(C=1.0, class_weight=None, dual=False, fit_intercept=True,
                   intercept_scaling=1, l1_ratio=None, max_iter=1000,
                   multi_class='auto', n_jobs=None, penalty='l2',
                   random_state=123, solver='lbfgs', tol=0.0001, verbose=0,
                   warm_start=False)
2025-08-10 16:46:31,571:INFO:create_model() succesfully completed......................................
2025-08-10 16:46:39,884:INFO:Initializing plot_model()
2025-08-10 16:46:39,884:INFO:plot_model(is_in_evaluate=False, verbose=True, use_train_data=False, fold=None, system=True, scale=1, save=False, plot_kwargs=None, plot=feature, label=False, groups=None, fit_kwargs=None, feature_name=None, estimator=LogisticRegression(C=1.0, class_weight=None, dual=False, fit_intercept=True,
                   intercept_scaling=1, l1_ratio=None, max_iter=1000,
                   multi_class='auto', n_jobs=None, penalty='l2',
                   random_state=123, solver='lbfgs', tol=0.0001, verbose=0,
                   warm_start=False), display_format=None, display=None)
2025-08-10 16:46:39,884:INFO:Checking exceptions
2025-08-10 16:46:39,886:INFO:Preparing display monitor
2025-08-10 16:46:39,894:INFO:Preloading libraries
2025-08-10 16:46:39,895:INFO:Copying training dataset
2025-08-10 16:46:39,896:INFO:Copying test dataset
2025-08-10 16:46:39,897:INFO:Plot type: feature
2025-08-10 16:46:40,017:INFO:Visual Rendered Successfully
2025-08-10 16:46:40,129:INFO:plot_model() succesfully completed......................................
2025-08-11 13:46:44,667:INFO:PyCaret Supervised Module
2025-08-11 13:46:44,669:INFO:ML Usecase: classification
2025-08-11 13:46:44,669:INFO:version 2.3.10
2025-08-11 13:46:44,669:INFO:Initializing setup()
2025-08-11 13:46:44,669:INFO:setup(display=None, profile_kwargs=None, profile=False, verbose=True, silent=False, log_data=False, log_profile=False, log_plots=False, experiment_custom_tags=None, experiment_name=None, log_experiment=False, session_id=123, html=True, custom_pipeline=None, use_gpu=False, n_jobs=-1, fold_groups=None, fold_shuffle=False, fold=10, fold_strategy=stratifiedkfold, data_split_stratify=False, data_split_shuffle=True, transform_target_method=box-cox, transform_target=False, fix_imbalance_method=None, fix_imbalance=False, interaction_threshold=0.01, feature_ratio=False, feature_interaction=False, feature_selection_method=classic, feature_selection_threshold=0.8, feature_selection=False, group_names=None, group_features=None, polynomial_threshold=0.1, trigonometry_features=False, polynomial_degree=2, polynomial_features=False, cluster_iter=20, create_clusters=False, remove_perfect_collinearity=True, multicollinearity_threshold=0.9, remove_multicollinearity=False, outliers_threshold=0.05, remove_outliers=False, bin_numeric_features=None, rare_level_threshold=0.1, combine_rare_levels=False, ignore_low_variance=False, pca_components=None, pca_method=linear, pca=False, unknown_categorical_method=least_frequent, handle_unknown_categorical=True, transformation_method=yeo-johnson, transformation=False, normalize_method=zscore, normalize=False, ignore_features=None, date_features=None, numeric_iterative_imputer=lightgbm, numeric_imputation=mean, numeric_features=None, high_cardinality_method=frequency, high_cardinality_features=None, ordinal_features=None, categorical_iterative_imputer=lightgbm, categorical_imputation=constant, categorical_features=None, iterative_imputation_iters=5, imputation_type=simple, preprocess=True, test_data=None, train_size=0.7, available_plots={'parameter': 'Hyperparameters', 'auc': 'AUC', 'confusion_matrix': 'Confusion Matrix', 'threshold': 'Threshold', 'pr': 'Precision Recall', 'error': 'Prediction Error', 'class_report': 'Class Report', 'rfe': 'Feature Selection', 'learning': 'Learning Curve', 'manifold': 'Manifold Learning', 'calibration': 'Calibration Curve', 'vc': 'Validation Curve', 'dimension': 'Dimensions', 'feature': 'Feature Importance', 'feature_all': 'Feature Importance (All)', 'boundary': 'Decision Boundary', 'lift': 'Lift Chart', 'gain': 'Gain Chart', 'tree': 'Decision Tree', 'ks': 'KS Statistic Plot'}, ml_usecase=classification, target=mau)
2025-08-11 13:46:44,670:INFO:Checking environment
2025-08-11 13:46:44,670:INFO:python_version: 3.6.13
2025-08-11 13:46:44,670:INFO:python_build: ('default', 'Mar 16 2021 11:37:27')
2025-08-11 13:46:44,670:INFO:machine: AMD64
2025-08-11 13:46:44,670:INFO:platform: Windows-10-10.0.26100-SP0
2025-08-11 13:46:44,671:WARNING:cannot find psutil installation. memory not traceable. Install psutil using pip to enable memory logging.
2025-08-11 13:46:44,671:INFO:Checking libraries
2025-08-11 13:46:44,671:INFO:pd==1.1.5
2025-08-11 13:46:44,671:INFO:numpy==1.19.5
2025-08-11 13:46:44,671:INFO:sklearn==0.23.2
2025-08-11 13:46:44,671:INFO:lightgbm==4.3.0
2025-08-11 13:46:44,672:WARNING:catboost not found
2025-08-11 13:46:44,672:WARNING:xgboost not found
2025-08-11 13:46:44,672:INFO:mlflow==1.23.1
2025-08-11 13:46:44,672:INFO:Checking Exceptions
2025-08-11 13:46:44,673:INFO:Declaring global variables
2025-08-11 13:46:44,673:INFO:USI: 755e
2025-08-11 13:46:44,673:INFO:pycaret_globals: {'fold_shuffle_param', 'data_before_preprocess', 'y_test', 'seed', 'stratify_param', 'fix_imbalance_method_param', 'X', '_all_models', 'html_param', 'display_container', '_internal_pipeline', 'logging_param', 'X_train', 'iterative_imputation_iters_param', '_all_metrics', 'transform_target_method_param', 'target_param', 'fold_generator', 'transform_target_param', 'fix_imbalance_param', '_available_plots', 'dashboard_logger', 'pycaret_globals', 'imputation_classifier', '_gpu_n_jobs_param', 'prep_pipe', 'imputation_regressor', 'fold_param', 'X_test', 'create_model_container', 'y', 'master_model_container', 'gpu_param', 'y_train', 'fold_groups_param', '_all_models_internal', 'USI', 'fold_groups_param_full', '_ml_usecase', 'exp_name_log', 'n_jobs_param', 'experiment__', 'log_plots_param'}
2025-08-11 13:46:44,673:INFO:Preparing display monitor
2025-08-11 13:46:44,673:INFO:Preparing display monitor
2025-08-11 13:46:44,689:INFO:Importing libraries
2025-08-11 13:46:44,689:INFO:Copying data for preprocessing
2025-08-11 13:46:44,698:INFO:Declaring preprocessing parameters
2025-08-11 13:46:44,702:INFO:Creating preprocessing pipeline
2025-08-11 13:46:44,718:INFO:Preprocessing pipeline created successfully
2025-08-11 13:46:44,718:ERROR:(Process Exit): setup has been interupted with user command 'quit'. setup must rerun.
2025-08-11 13:46:44,719:INFO:Creating global containers
2025-08-11 13:46:44,725:INFO:Internal pipeline: Pipeline(memory=None, steps=[('empty_step', 'passthrough')], verbose=False)
2025-08-11 15:28:30,087:WARNING:Couldn't import xgboost.XGBClassifier
2025-08-11 15:28:30,087:WARNING:Couldn't import catboost.CatBoostClassifier
2025-08-11 15:28:30,141:WARNING:Couldn't import xgboost.XGBClassifier
2025-08-11 15:28:30,141:WARNING:Couldn't import catboost.CatBoostClassifier
2025-08-11 15:28:30,142:INFO:Creating grid variables
2025-08-11 15:28:30,165:INFO:create_model_container: 0
2025-08-11 15:28:30,165:INFO:master_model_container: 0
2025-08-11 15:28:30,165:INFO:display_container: 1
2025-08-11 15:28:30,170:INFO:Pipeline(memory=None,
         steps=[('dtypes',
                 DataTypes_Auto_infer(categorical_features=[],
                                      display_types=True, features_todrop=[],
                                      id_columns=[],
                                      ml_usecase='classification',
                                      numerical_features=[], target='mau',
                                      time_features=[])),
                ('imputer',
                 Simple_Imputer(categorical_strategy='not_available',
                                fill_value_categorical=None,
                                fill_value_numerical=None,
                                numeric_strategy...
                ('scaling', 'passthrough'), ('P_transform', 'passthrough'),
                ('binn', 'passthrough'), ('rem_outliers', 'passthrough'),
                ('cluster_all', 'passthrough'),
                ('dummy', Dummify(target='mau')),
                ('fix_perfect', Remove_100(target='mau')),
                ('clean_names', Clean_Colum_Names()),
                ('feature_select', 'passthrough'), ('fix_multi', 'passthrough'),
                ('dfs', 'passthrough'), ('pca', 'passthrough')],
         verbose=False)
2025-08-11 15:28:30,171:INFO:setup() succesfully completed......................................
2025-08-11 15:28:30,438:INFO:Initializing create_model()
2025-08-11 15:28:30,438:INFO:create_model(kwargs={}, return_train_score=False, display=None, probability_threshold=None, add_to_model_list=True, experiment_custom_tags=None, metrics=None, system=True, verbose=True, refit=True, groups=None, fit_kwargs=None, predict=True, cross_validation=True, round=4, fold=None, estimator=lr)
2025-08-11 15:28:30,438:INFO:Checking exceptions
2025-08-11 15:28:30,438:INFO:Preparing display monitor
2025-08-11 15:28:30,451:INFO:Importing libraries
2025-08-11 15:28:30,451:INFO:Copying training dataset
2025-08-11 15:28:30,452:INFO:Defining folds
2025-08-11 15:28:30,452:INFO:Declaring metric variables
2025-08-11 15:28:30,460:INFO:Importing untrained model
2025-08-11 15:28:30,467:INFO:Logistic Regression Imported succesfully
2025-08-11 15:28:30,477:INFO:Starting cross validation
2025-08-11 15:28:30,477:INFO:Cross validating with StratifiedKFold(n_splits=10, random_state=None, shuffle=False), n_jobs=-1
2025-08-11 15:29:04,154:INFO:Calculating mean and std
2025-08-11 15:29:04,155:INFO:Creating metrics dataframe
2025-08-11 15:29:04,166:INFO:Finalizing model
2025-08-11 15:29:04,309:INFO:Uploading results into container
2025-08-11 15:29:04,309:INFO:Uploading model into container now
2025-08-11 15:29:04,326:INFO:create_model_container: 1
2025-08-11 15:29:04,326:INFO:master_model_container: 1
2025-08-11 15:29:04,326:INFO:display_container: 2
2025-08-11 15:29:04,326:INFO:LogisticRegression(C=1.0, class_weight=None, dual=False, fit_intercept=True,
                   intercept_scaling=1, l1_ratio=None, max_iter=1000,
                   multi_class='auto', n_jobs=None, penalty='l2',
                   random_state=123, solver='lbfgs', tol=0.0001, verbose=0,
                   warm_start=False)
2025-08-11 15:29:04,326:INFO:create_model() succesfully completed......................................
2025-08-11 15:29:04,425:INFO:Initializing create_model()
2025-08-11 15:29:04,425:INFO:create_model(kwargs={}, return_train_score=False, display=None, probability_threshold=None, add_to_model_list=True, experiment_custom_tags=None, metrics=None, system=True, verbose=True, refit=True, groups=None, fit_kwargs=None, predict=True, cross_validation=True, round=4, fold=None, estimator=lr)
2025-08-11 15:29:04,425:INFO:Checking exceptions
2025-08-11 15:29:04,425:INFO:Preparing display monitor
2025-08-11 15:29:04,440:INFO:Importing libraries
2025-08-11 15:29:04,440:INFO:Copying training dataset
2025-08-11 15:29:04,441:INFO:Defining folds
2025-08-11 15:29:04,441:INFO:Declaring metric variables
2025-08-11 15:29:04,447:INFO:Importing untrained model
2025-08-11 15:29:04,455:INFO:Logistic Regression Imported succesfully
2025-08-11 15:29:04,470:INFO:Starting cross validation
2025-08-11 15:29:04,470:INFO:Cross validating with StratifiedKFold(n_splits=10, random_state=None, shuffle=False), n_jobs=-1
2025-08-11 15:29:07,576:INFO:Calculating mean and std
2025-08-11 15:29:07,577:INFO:Creating metrics dataframe
2025-08-11 15:29:07,586:INFO:Finalizing model
2025-08-11 15:29:07,736:INFO:Uploading results into container
2025-08-11 15:29:07,737:INFO:Uploading model into container now
2025-08-11 15:29:07,753:INFO:create_model_container: 2
2025-08-11 15:29:07,753:INFO:master_model_container: 2
2025-08-11 15:29:07,754:INFO:display_container: 3
2025-08-11 15:29:07,754:INFO:LogisticRegression(C=1.0, class_weight=None, dual=False, fit_intercept=True,
                   intercept_scaling=1, l1_ratio=None, max_iter=1000,
                   multi_class='auto', n_jobs=None, penalty='l2',
                   random_state=123, solver='lbfgs', tol=0.0001, verbose=0,
                   warm_start=False)
2025-08-11 15:29:07,754:INFO:create_model() succesfully completed......................................
2025-08-11 15:29:07,899:INFO:Initializing plot_model()
2025-08-11 15:29:07,899:INFO:plot_model(is_in_evaluate=False, verbose=True, use_train_data=False, fold=None, system=True, scale=1, save=False, plot_kwargs=None, plot=feature, label=False, groups=None, fit_kwargs=None, feature_name=None, estimator=LogisticRegression(C=1.0, class_weight=None, dual=False, fit_intercept=True,
                   intercept_scaling=1, l1_ratio=None, max_iter=1000,
                   multi_class='auto', n_jobs=None, penalty='l2',
                   random_state=123, solver='lbfgs', tol=0.0001, verbose=0,
                   warm_start=False), display_format=None, display=None)
2025-08-11 15:29:07,901:INFO:Checking exceptions
2025-08-11 15:29:07,902:INFO:Preparing display monitor
2025-08-11 15:29:07,910:INFO:Preloading libraries
2025-08-11 15:29:07,911:INFO:Copying training dataset
2025-08-11 15:29:07,912:INFO:Copying test dataset
2025-08-11 15:29:07,913:INFO:Plot type: feature
2025-08-11 15:29:08,092:INFO:Visual Rendered Successfully
2025-08-11 15:29:08,225:INFO:plot_model() succesfully completed......................................
2025-08-11 15:31:01,737:INFO:PyCaret Supervised Module
2025-08-11 15:31:01,737:INFO:ML Usecase: classification
2025-08-11 15:31:01,737:INFO:version 2.3.10
2025-08-11 15:31:01,737:INFO:Initializing setup()
2025-08-11 15:31:01,738:INFO:setup(display=None, profile_kwargs=None, profile=False, verbose=True, silent=False, log_data=False, log_profile=False, log_plots=False, experiment_custom_tags=None, experiment_name=None, log_experiment=False, session_id=123, html=True, custom_pipeline=None, use_gpu=False, n_jobs=-1, fold_groups=None, fold_shuffle=False, fold=10, fold_strategy=stratifiedkfold, data_split_stratify=False, data_split_shuffle=True, transform_target_method=box-cox, transform_target=False, fix_imbalance_method=None, fix_imbalance=False, interaction_threshold=0.01, feature_ratio=False, feature_interaction=False, feature_selection_method=classic, feature_selection_threshold=0.8, feature_selection=False, group_names=None, group_features=None, polynomial_threshold=0.1, trigonometry_features=False, polynomial_degree=2, polynomial_features=False, cluster_iter=20, create_clusters=False, remove_perfect_collinearity=True, multicollinearity_threshold=0.9, remove_multicollinearity=False, outliers_threshold=0.05, remove_outliers=False, bin_numeric_features=None, rare_level_threshold=0.1, combine_rare_levels=False, ignore_low_variance=False, pca_components=None, pca_method=linear, pca=False, unknown_categorical_method=least_frequent, handle_unknown_categorical=True, transformation_method=yeo-johnson, transformation=False, normalize_method=zscore, normalize=False, ignore_features=None, date_features=None, numeric_iterative_imputer=lightgbm, numeric_imputation=mean, numeric_features=None, high_cardinality_method=frequency, high_cardinality_features=None, ordinal_features=None, categorical_iterative_imputer=lightgbm, categorical_imputation=constant, categorical_features=None, iterative_imputation_iters=5, imputation_type=simple, preprocess=True, test_data=None, train_size=0.7, available_plots={'parameter': 'Hyperparameters', 'auc': 'AUC', 'confusion_matrix': 'Confusion Matrix', 'threshold': 'Threshold', 'pr': 'Precision Recall', 'error': 'Prediction Error', 'class_report': 'Class Report', 'rfe': 'Feature Selection', 'learning': 'Learning Curve', 'manifold': 'Manifold Learning', 'calibration': 'Calibration Curve', 'vc': 'Validation Curve', 'dimension': 'Dimensions', 'feature': 'Feature Importance', 'feature_all': 'Feature Importance (All)', 'boundary': 'Decision Boundary', 'lift': 'Lift Chart', 'gain': 'Gain Chart', 'tree': 'Decision Tree', 'ks': 'KS Statistic Plot'}, ml_usecase=classification, target=mau)
2025-08-11 15:31:01,738:INFO:Checking environment
2025-08-11 15:31:01,738:INFO:python_version: 3.6.13
2025-08-11 15:31:01,738:INFO:python_build: ('default', 'Mar 16 2021 11:37:27')
2025-08-11 15:31:01,738:INFO:machine: AMD64
2025-08-11 15:31:01,738:INFO:platform: Windows-10-10.0.26100-SP0
2025-08-11 15:31:01,738:WARNING:cannot find psutil installation. memory not traceable. Install psutil using pip to enable memory logging.
2025-08-11 15:31:01,738:INFO:Checking libraries
2025-08-11 15:31:01,738:INFO:pd==1.1.5
2025-08-11 15:31:01,738:INFO:numpy==1.19.5
2025-08-11 15:31:01,738:INFO:sklearn==0.23.2
2025-08-11 15:31:01,738:INFO:lightgbm==4.3.0
2025-08-11 15:31:01,739:WARNING:catboost not found
2025-08-11 15:31:01,740:WARNING:xgboost not found
2025-08-11 15:31:01,740:INFO:mlflow==1.23.1
2025-08-11 15:31:01,740:INFO:Checking Exceptions
2025-08-11 15:31:01,740:INFO:Declaring global variables
2025-08-11 15:31:01,740:INFO:USI: e29f
2025-08-11 15:31:01,740:INFO:pycaret_globals: {'fold_shuffle_param', 'data_before_preprocess', 'y_test', 'seed', 'stratify_param', 'fix_imbalance_method_param', 'X', '_all_models', 'html_param', 'display_container', '_internal_pipeline', 'logging_param', 'X_train', 'iterative_imputation_iters_param', '_all_metrics', 'transform_target_method_param', 'target_param', 'fold_generator', 'transform_target_param', 'fix_imbalance_param', '_available_plots', 'dashboard_logger', 'pycaret_globals', 'imputation_classifier', '_gpu_n_jobs_param', 'prep_pipe', 'imputation_regressor', 'fold_param', 'X_test', 'create_model_container', 'y', 'master_model_container', 'gpu_param', 'y_train', 'fold_groups_param', '_all_models_internal', 'USI', 'fold_groups_param_full', '_ml_usecase', 'exp_name_log', 'n_jobs_param', 'experiment__', 'log_plots_param'}
2025-08-11 15:31:01,740:INFO:Preparing display monitor
2025-08-11 15:31:01,740:INFO:Preparing display monitor
2025-08-11 15:31:01,750:INFO:Importing libraries
2025-08-11 15:31:01,750:INFO:Copying data for preprocessing
2025-08-11 15:31:01,759:INFO:Declaring preprocessing parameters
2025-08-11 15:31:01,763:INFO:Creating preprocessing pipeline
2025-08-11 15:31:01,774:INFO:Preprocessing pipeline created successfully
2025-08-11 15:31:01,774:ERROR:(Process Exit): setup has been interupted with user command 'quit'. setup must rerun.
2025-08-11 15:31:01,774:INFO:Creating global containers
2025-08-11 15:31:01,774:INFO:Internal pipeline: Pipeline(memory=None, steps=[('empty_step', 'passthrough')], verbose=False)
2025-08-11 15:31:03,502:WARNING:Couldn't import xgboost.XGBClassifier
2025-08-11 15:31:03,503:WARNING:Couldn't import catboost.CatBoostClassifier
2025-08-11 15:31:03,556:WARNING:Couldn't import xgboost.XGBClassifier
2025-08-11 15:31:03,557:WARNING:Couldn't import catboost.CatBoostClassifier
2025-08-11 15:31:03,558:INFO:Creating grid variables
2025-08-11 15:31:03,570:INFO:create_model_container: 0
2025-08-11 15:31:03,570:INFO:master_model_container: 0
2025-08-11 15:31:03,571:INFO:display_container: 1
2025-08-11 15:31:03,574:INFO:Pipeline(memory=None,
         steps=[('dtypes',
                 DataTypes_Auto_infer(categorical_features=[],
                                      display_types=True, features_todrop=[],
                                      id_columns=[],
                                      ml_usecase='classification',
                                      numerical_features=[], target='mau',
                                      time_features=[])),
                ('imputer',
                 Simple_Imputer(categorical_strategy='not_available',
                                fill_value_categorical=None,
                                fill_value_numerical=None,
                                numeric_strategy...
                ('scaling', 'passthrough'), ('P_transform', 'passthrough'),
                ('binn', 'passthrough'), ('rem_outliers', 'passthrough'),
                ('cluster_all', 'passthrough'),
                ('dummy', Dummify(target='mau')),
                ('fix_perfect', Remove_100(target='mau')),
                ('clean_names', Clean_Colum_Names()),
                ('feature_select', 'passthrough'), ('fix_multi', 'passthrough'),
                ('dfs', 'passthrough'), ('pca', 'passthrough')],
         verbose=False)
2025-08-11 15:31:03,574:INFO:setup() succesfully completed......................................
2025-08-11 15:31:03,690:INFO:Initializing create_model()
2025-08-11 15:31:03,690:INFO:create_model(kwargs={}, return_train_score=False, display=None, probability_threshold=None, add_to_model_list=True, experiment_custom_tags=None, metrics=None, system=True, verbose=True, refit=True, groups=None, fit_kwargs=None, predict=True, cross_validation=True, round=4, fold=None, estimator=lr)
2025-08-11 15:31:03,690:INFO:Checking exceptions
2025-08-11 15:31:03,690:INFO:Preparing display monitor
2025-08-11 15:31:03,702:INFO:Importing libraries
2025-08-11 15:31:03,702:INFO:Copying training dataset
2025-08-11 15:31:03,704:INFO:Defining folds
2025-08-11 15:31:03,704:INFO:Declaring metric variables
2025-08-11 15:31:03,710:INFO:Importing untrained model
2025-08-11 15:31:03,718:INFO:Logistic Regression Imported succesfully
2025-08-11 15:31:03,733:INFO:Starting cross validation
2025-08-11 15:31:03,734:INFO:Cross validating with StratifiedKFold(n_splits=10, random_state=None, shuffle=False), n_jobs=-1
2025-08-11 15:31:04,304:INFO:Calculating mean and std
2025-08-11 15:31:04,305:INFO:Creating metrics dataframe
2025-08-11 15:31:04,314:INFO:Finalizing model
2025-08-11 15:31:04,429:INFO:Uploading results into container
2025-08-11 15:31:04,429:INFO:Uploading model into container now
2025-08-11 15:31:04,441:INFO:create_model_container: 1
2025-08-11 15:31:04,441:INFO:master_model_container: 1
2025-08-11 15:31:04,441:INFO:display_container: 2
2025-08-11 15:31:04,442:INFO:LogisticRegression(C=1.0, class_weight=None, dual=False, fit_intercept=True,
                   intercept_scaling=1, l1_ratio=None, max_iter=1000,
                   multi_class='auto', n_jobs=None, penalty='l2',
                   random_state=123, solver='lbfgs', tol=0.0001, verbose=0,
                   warm_start=False)
2025-08-11 15:31:04,442:INFO:create_model() succesfully completed......................................
2025-08-11 15:31:04,539:INFO:Initializing create_model()
2025-08-11 15:31:04,541:INFO:create_model(kwargs={}, return_train_score=False, display=None, probability_threshold=None, add_to_model_list=True, experiment_custom_tags=None, metrics=None, system=True, verbose=True, refit=True, groups=None, fit_kwargs=None, predict=True, cross_validation=True, round=4, fold=None, estimator=lr)
2025-08-11 15:31:04,541:INFO:Checking exceptions
2025-08-11 15:31:04,541:INFO:Preparing display monitor
2025-08-11 15:31:04,553:INFO:Importing libraries
2025-08-11 15:31:04,553:INFO:Copying training dataset
2025-08-11 15:31:04,554:INFO:Defining folds
2025-08-11 15:31:04,555:INFO:Declaring metric variables
2025-08-11 15:31:04,560:INFO:Importing untrained model
2025-08-11 15:31:04,566:INFO:Logistic Regression Imported succesfully
2025-08-11 15:31:04,582:INFO:Starting cross validation
2025-08-11 15:31:04,582:INFO:Cross validating with StratifiedKFold(n_splits=10, random_state=None, shuffle=False), n_jobs=-1
2025-08-11 15:31:05,155:INFO:Calculating mean and std
2025-08-11 15:31:05,156:INFO:Creating metrics dataframe
2025-08-11 15:31:05,163:INFO:Finalizing model
2025-08-11 15:31:05,275:INFO:Uploading results into container
2025-08-11 15:31:05,275:INFO:Uploading model into container now
2025-08-11 15:31:05,289:INFO:create_model_container: 2
2025-08-11 15:31:05,289:INFO:master_model_container: 2
2025-08-11 15:31:05,289:INFO:display_container: 3
2025-08-11 15:31:05,290:INFO:LogisticRegression(C=1.0, class_weight=None, dual=False, fit_intercept=True,
                   intercept_scaling=1, l1_ratio=None, max_iter=1000,
                   multi_class='auto', n_jobs=None, penalty='l2',
                   random_state=123, solver='lbfgs', tol=0.0001, verbose=0,
                   warm_start=False)
2025-08-11 15:31:05,290:INFO:create_model() succesfully completed......................................
2025-08-11 15:31:05,400:INFO:Initializing plot_model()
2025-08-11 15:31:05,400:INFO:plot_model(is_in_evaluate=False, verbose=True, use_train_data=False, fold=None, system=True, scale=1, save=False, plot_kwargs=None, plot=feature, label=False, groups=None, fit_kwargs=None, feature_name=None, estimator=LogisticRegression(C=1.0, class_weight=None, dual=False, fit_intercept=True,
                   intercept_scaling=1, l1_ratio=None, max_iter=1000,
                   multi_class='auto', n_jobs=None, penalty='l2',
                   random_state=123, solver='lbfgs', tol=0.0001, verbose=0,
                   warm_start=False), display_format=None, display=None)
2025-08-11 15:31:05,400:INFO:Checking exceptions
2025-08-11 15:31:05,401:INFO:Preparing display monitor
2025-08-11 15:31:05,407:INFO:Preloading libraries
2025-08-11 15:31:05,408:INFO:Copying training dataset
2025-08-11 15:31:05,409:INFO:Copying test dataset
2025-08-11 15:31:05,409:INFO:Plot type: feature
2025-08-11 15:31:05,517:INFO:Visual Rendered Successfully
2025-08-11 15:31:05,612:INFO:plot_model() succesfully completed......................................
2025-08-11 17:30:43,396:INFO:PyCaret Supervised Module
2025-08-11 17:30:43,396:INFO:ML Usecase: classification
2025-08-11 17:30:43,396:INFO:version 2.3.10
2025-08-11 17:30:43,396:INFO:Initializing setup()
2025-08-11 17:30:43,396:INFO:setup(display=None, profile_kwargs=None, profile=False, verbose=True, silent=False, log_data=False, log_profile=False, log_plots=False, experiment_custom_tags=None, experiment_name=None, log_experiment=False, session_id=123, html=True, custom_pipeline=None, use_gpu=False, n_jobs=-1, fold_groups=None, fold_shuffle=False, fold=10, fold_strategy=stratifiedkfold, data_split_stratify=False, data_split_shuffle=True, transform_target_method=box-cox, transform_target=False, fix_imbalance_method=None, fix_imbalance=False, interaction_threshold=0.01, feature_ratio=False, feature_interaction=False, feature_selection_method=classic, feature_selection_threshold=0.8, feature_selection=False, group_names=None, group_features=None, polynomial_threshold=0.1, trigonometry_features=False, polynomial_degree=2, polynomial_features=False, cluster_iter=20, create_clusters=False, remove_perfect_collinearity=True, multicollinearity_threshold=0.9, remove_multicollinearity=False, outliers_threshold=0.05, remove_outliers=False, bin_numeric_features=None, rare_level_threshold=0.1, combine_rare_levels=False, ignore_low_variance=False, pca_components=None, pca_method=linear, pca=False, unknown_categorical_method=least_frequent, handle_unknown_categorical=True, transformation_method=yeo-johnson, transformation=False, normalize_method=zscore, normalize=False, ignore_features=None, date_features=None, numeric_iterative_imputer=lightgbm, numeric_imputation=mean, numeric_features=None, high_cardinality_method=frequency, high_cardinality_features=None, ordinal_features=None, categorical_iterative_imputer=lightgbm, categorical_imputation=constant, categorical_features=None, iterative_imputation_iters=5, imputation_type=simple, preprocess=True, test_data=None, train_size=0.7, available_plots={'parameter': 'Hyperparameters', 'auc': 'AUC', 'confusion_matrix': 'Confusion Matrix', 'threshold': 'Threshold', 'pr': 'Precision Recall', 'error': 'Prediction Error', 'class_report': 'Class Report', 'rfe': 'Feature Selection', 'learning': 'Learning Curve', 'manifold': 'Manifold Learning', 'calibration': 'Calibration Curve', 'vc': 'Validation Curve', 'dimension': 'Dimensions', 'feature': 'Feature Importance', 'feature_all': 'Feature Importance (All)', 'boundary': 'Decision Boundary', 'lift': 'Lift Chart', 'gain': 'Gain Chart', 'tree': 'Decision Tree', 'ks': 'KS Statistic Plot'}, ml_usecase=classification, target=mau)
2025-08-11 17:30:43,396:INFO:Checking environment
2025-08-11 17:30:43,396:INFO:python_version: 3.6.13
2025-08-11 17:30:43,396:INFO:python_build: ('default', 'Mar 16 2021 11:37:27')
2025-08-11 17:30:43,396:INFO:machine: AMD64
2025-08-11 17:30:43,396:INFO:platform: Windows-10-10.0.26100-SP0
2025-08-11 17:30:43,398:WARNING:cannot find psutil installation. memory not traceable. Install psutil using pip to enable memory logging.
2025-08-11 17:30:43,398:INFO:Checking libraries
2025-08-11 17:30:43,398:INFO:pd==1.1.5
2025-08-11 17:30:43,398:INFO:numpy==1.19.5
2025-08-11 17:30:43,398:INFO:sklearn==0.23.2
2025-08-11 17:30:43,398:INFO:lightgbm==4.3.0
2025-08-11 17:30:43,399:WARNING:catboost not found
2025-08-11 17:30:43,400:WARNING:xgboost not found
2025-08-11 17:30:43,400:INFO:mlflow==1.23.1
2025-08-11 17:30:43,400:INFO:Checking Exceptions
2025-08-11 17:30:43,400:INFO:Declaring global variables
2025-08-11 17:30:43,400:INFO:USI: 10f1
2025-08-11 17:30:43,400:INFO:pycaret_globals: {'fold_shuffle_param', 'data_before_preprocess', 'y_test', 'seed', 'stratify_param', 'fix_imbalance_method_param', 'X', '_all_models', 'html_param', 'display_container', '_internal_pipeline', 'logging_param', 'X_train', 'iterative_imputation_iters_param', '_all_metrics', 'transform_target_method_param', 'target_param', 'fold_generator', 'transform_target_param', 'fix_imbalance_param', '_available_plots', 'dashboard_logger', 'pycaret_globals', 'imputation_classifier', '_gpu_n_jobs_param', 'prep_pipe', 'imputation_regressor', 'fold_param', 'X_test', 'create_model_container', 'y', 'master_model_container', 'gpu_param', 'y_train', 'fold_groups_param', '_all_models_internal', 'USI', 'fold_groups_param_full', '_ml_usecase', 'exp_name_log', 'n_jobs_param', 'experiment__', 'log_plots_param'}
2025-08-11 17:30:43,400:INFO:Preparing display monitor
2025-08-11 17:30:43,400:INFO:Preparing display monitor
2025-08-11 17:30:43,411:INFO:Importing libraries
2025-08-11 17:30:43,411:INFO:Copying data for preprocessing
2025-08-11 17:30:43,421:INFO:Declaring preprocessing parameters
2025-08-11 17:30:43,425:INFO:Creating preprocessing pipeline
2025-08-11 17:30:43,440:INFO:Preprocessing pipeline created successfully
2025-08-11 17:30:43,440:ERROR:(Process Exit): setup has been interupted with user command 'quit'. setup must rerun.
2025-08-11 17:30:43,440:INFO:Creating global containers
2025-08-11 17:30:43,440:INFO:Internal pipeline: Pipeline(memory=None, steps=[('empty_step', 'passthrough')], verbose=False)
2025-08-11 17:30:44,868:WARNING:Couldn't import xgboost.XGBClassifier
2025-08-11 17:30:44,870:WARNING:Couldn't import catboost.CatBoostClassifier
2025-08-11 17:30:44,921:WARNING:Couldn't import xgboost.XGBClassifier
2025-08-11 17:30:44,923:WARNING:Couldn't import catboost.CatBoostClassifier
2025-08-11 17:30:44,923:INFO:Creating grid variables
2025-08-11 17:30:44,939:INFO:create_model_container: 0
2025-08-11 17:30:44,939:INFO:master_model_container: 0
2025-08-11 17:30:44,939:INFO:display_container: 1
2025-08-11 17:30:44,942:INFO:Pipeline(memory=None,
         steps=[('dtypes',
                 DataTypes_Auto_infer(categorical_features=[],
                                      display_types=True, features_todrop=[],
                                      id_columns=[],
                                      ml_usecase='classification',
                                      numerical_features=[], target='mau',
                                      time_features=[])),
                ('imputer',
                 Simple_Imputer(categorical_strategy='not_available',
                                fill_value_categorical=None,
                                fill_value_numerical=None,
                                numeric_strategy...
                ('scaling', 'passthrough'), ('P_transform', 'passthrough'),
                ('binn', 'passthrough'), ('rem_outliers', 'passthrough'),
                ('cluster_all', 'passthrough'),
                ('dummy', Dummify(target='mau')),
                ('fix_perfect', Remove_100(target='mau')),
                ('clean_names', Clean_Colum_Names()),
                ('feature_select', 'passthrough'), ('fix_multi', 'passthrough'),
                ('dfs', 'passthrough'), ('pca', 'passthrough')],
         verbose=False)
2025-08-11 17:30:44,942:INFO:setup() succesfully completed......................................
2025-08-11 17:30:45,059:INFO:Initializing create_model()
2025-08-11 17:30:45,059:INFO:create_model(kwargs={}, return_train_score=False, display=None, probability_threshold=None, add_to_model_list=True, experiment_custom_tags=None, metrics=None, system=True, verbose=True, refit=True, groups=None, fit_kwargs=None, predict=True, cross_validation=True, round=4, fold=None, estimator=lr)
2025-08-11 17:30:45,059:INFO:Checking exceptions
2025-08-11 17:30:45,059:INFO:Preparing display monitor
2025-08-11 17:30:45,072:INFO:Importing libraries
2025-08-11 17:30:45,072:INFO:Copying training dataset
2025-08-11 17:30:45,074:INFO:Defining folds
2025-08-11 17:30:45,074:INFO:Declaring metric variables
2025-08-11 17:30:45,080:INFO:Importing untrained model
2025-08-11 17:30:45,087:INFO:Logistic Regression Imported succesfully
2025-08-11 17:30:45,099:INFO:Starting cross validation
2025-08-11 17:30:45,099:INFO:Cross validating with StratifiedKFold(n_splits=10, random_state=None, shuffle=False), n_jobs=-1
2025-08-11 17:30:52,126:INFO:Calculating mean and std
2025-08-11 17:30:52,127:INFO:Creating metrics dataframe
2025-08-11 17:30:52,139:INFO:Finalizing model
2025-08-11 17:30:52,291:INFO:Uploading results into container
2025-08-11 17:30:52,291:INFO:Uploading model into container now
2025-08-11 17:30:52,315:INFO:create_model_container: 1
2025-08-11 17:30:52,317:INFO:master_model_container: 1
2025-08-11 17:30:52,317:INFO:display_container: 2
2025-08-11 17:30:52,318:INFO:LogisticRegression(C=1.0, class_weight=None, dual=False, fit_intercept=True,
                   intercept_scaling=1, l1_ratio=None, max_iter=1000,
                   multi_class='auto', n_jobs=None, penalty='l2',
                   random_state=123, solver='lbfgs', tol=0.0001, verbose=0,
                   warm_start=False)
2025-08-11 17:30:52,318:INFO:create_model() succesfully completed......................................
2025-08-11 17:30:52,452:INFO:Initializing create_model()
2025-08-11 17:30:52,453:INFO:create_model(kwargs={}, return_train_score=False, display=None, probability_threshold=None, add_to_model_list=True, experiment_custom_tags=None, metrics=None, system=True, verbose=True, refit=True, groups=None, fit_kwargs=None, predict=True, cross_validation=True, round=4, fold=None, estimator=lr)
2025-08-11 17:30:52,453:INFO:Checking exceptions
2025-08-11 17:30:52,453:INFO:Preparing display monitor
2025-08-11 17:30:52,473:INFO:Importing libraries
2025-08-11 17:30:52,474:INFO:Copying training dataset
2025-08-11 17:30:52,475:INFO:Defining folds
2025-08-11 17:30:52,477:INFO:Declaring metric variables
2025-08-11 17:30:52,487:INFO:Importing untrained model
2025-08-11 17:30:52,499:INFO:Logistic Regression Imported succesfully
2025-08-11 17:30:52,523:INFO:Starting cross validation
2025-08-11 17:30:52,524:INFO:Cross validating with StratifiedKFold(n_splits=10, random_state=None, shuffle=False), n_jobs=-1
2025-08-11 17:30:55,786:INFO:Calculating mean and std
2025-08-11 17:30:55,787:INFO:Creating metrics dataframe
2025-08-11 17:30:55,798:INFO:Finalizing model
2025-08-11 17:30:55,934:INFO:Uploading results into container
2025-08-11 17:30:55,935:INFO:Uploading model into container now
2025-08-11 17:30:55,952:INFO:create_model_container: 2
2025-08-11 17:30:55,952:INFO:master_model_container: 2
2025-08-11 17:30:55,952:INFO:display_container: 3
2025-08-11 17:30:55,953:INFO:LogisticRegression(C=1.0, class_weight=None, dual=False, fit_intercept=True,
                   intercept_scaling=1, l1_ratio=None, max_iter=1000,
                   multi_class='auto', n_jobs=None, penalty='l2',
                   random_state=123, solver='lbfgs', tol=0.0001, verbose=0,
                   warm_start=False)
2025-08-11 17:30:55,953:INFO:create_model() succesfully completed......................................
2025-08-11 17:30:56,088:INFO:Initializing plot_model()
2025-08-11 17:30:56,089:INFO:plot_model(is_in_evaluate=False, verbose=True, use_train_data=False, fold=None, system=True, scale=1, save=False, plot_kwargs=None, plot=feature, label=False, groups=None, fit_kwargs=None, feature_name=None, estimator=LogisticRegression(C=1.0, class_weight=None, dual=False, fit_intercept=True,
                   intercept_scaling=1, l1_ratio=None, max_iter=1000,
                   multi_class='auto', n_jobs=None, penalty='l2',
                   random_state=123, solver='lbfgs', tol=0.0001, verbose=0,
                   warm_start=False), display_format=None, display=None)
2025-08-11 17:30:56,089:INFO:Checking exceptions
2025-08-11 17:30:56,090:INFO:Preparing display monitor
2025-08-11 17:30:56,098:INFO:Preloading libraries
2025-08-11 17:30:56,099:INFO:Copying training dataset
2025-08-11 17:30:56,101:INFO:Copying test dataset
2025-08-11 17:30:56,108:INFO:Plot type: feature
2025-08-11 17:30:56,244:INFO:Visual Rendered Successfully
2025-08-11 17:30:56,354:INFO:plot_model() succesfully completed......................................
2025-08-11 17:56:33,284:INFO:PyCaret Supervised Module
2025-08-11 17:56:33,286:INFO:ML Usecase: classification
2025-08-11 17:56:33,286:INFO:version 2.3.10
2025-08-11 17:56:33,286:INFO:Initializing setup()
2025-08-11 17:56:33,287:INFO:setup(display=None, profile_kwargs=None, profile=False, verbose=True, silent=False, log_data=False, log_profile=False, log_plots=False, experiment_custom_tags=None, experiment_name=None, log_experiment=False, session_id=123, html=True, custom_pipeline=None, use_gpu=False, n_jobs=-1, fold_groups=None, fold_shuffle=False, fold=10, fold_strategy=stratifiedkfold, data_split_stratify=False, data_split_shuffle=True, transform_target_method=box-cox, transform_target=False, fix_imbalance_method=None, fix_imbalance=False, interaction_threshold=0.01, feature_ratio=False, feature_interaction=False, feature_selection_method=classic, feature_selection_threshold=0.8, feature_selection=False, group_names=None, group_features=None, polynomial_threshold=0.1, trigonometry_features=False, polynomial_degree=2, polynomial_features=False, cluster_iter=20, create_clusters=False, remove_perfect_collinearity=True, multicollinearity_threshold=0.9, remove_multicollinearity=False, outliers_threshold=0.05, remove_outliers=False, bin_numeric_features=None, rare_level_threshold=0.1, combine_rare_levels=False, ignore_low_variance=False, pca_components=None, pca_method=linear, pca=False, unknown_categorical_method=least_frequent, handle_unknown_categorical=True, transformation_method=yeo-johnson, transformation=False, normalize_method=zscore, normalize=False, ignore_features=None, date_features=None, numeric_iterative_imputer=lightgbm, numeric_imputation=mean, numeric_features=None, high_cardinality_method=frequency, high_cardinality_features=None, ordinal_features=None, categorical_iterative_imputer=lightgbm, categorical_imputation=constant, categorical_features=None, iterative_imputation_iters=5, imputation_type=simple, preprocess=True, test_data=None, train_size=0.7, available_plots={'parameter': 'Hyperparameters', 'auc': 'AUC', 'confusion_matrix': 'Confusion Matrix', 'threshold': 'Threshold', 'pr': 'Precision Recall', 'error': 'Prediction Error', 'class_report': 'Class Report', 'rfe': 'Feature Selection', 'learning': 'Learning Curve', 'manifold': 'Manifold Learning', 'calibration': 'Calibration Curve', 'vc': 'Validation Curve', 'dimension': 'Dimensions', 'feature': 'Feature Importance', 'feature_all': 'Feature Importance (All)', 'boundary': 'Decision Boundary', 'lift': 'Lift Chart', 'gain': 'Gain Chart', 'tree': 'Decision Tree', 'ks': 'KS Statistic Plot'}, ml_usecase=classification, target=mau)
2025-08-11 17:56:33,288:INFO:Checking environment
2025-08-11 17:56:33,288:INFO:python_version: 3.6.13
2025-08-11 17:56:33,288:INFO:python_build: ('default', 'Mar 16 2021 11:37:27')
2025-08-11 17:56:33,288:INFO:machine: AMD64
2025-08-11 17:56:33,288:INFO:platform: Windows-10-10.0.26100-SP0
2025-08-11 17:56:33,291:WARNING:cannot find psutil installation. memory not traceable. Install psutil using pip to enable memory logging.
2025-08-11 17:56:33,291:INFO:Checking libraries
2025-08-11 17:56:33,291:INFO:pd==1.1.5
2025-08-11 17:56:33,291:INFO:numpy==1.19.5
2025-08-11 17:56:33,291:INFO:sklearn==0.23.2
2025-08-11 17:56:33,292:INFO:lightgbm==4.3.0
2025-08-11 17:56:33,293:WARNING:catboost not found
2025-08-11 17:56:33,294:WARNING:xgboost not found
2025-08-11 17:56:33,294:INFO:mlflow==1.23.1
2025-08-11 17:56:33,294:INFO:Checking Exceptions
2025-08-11 17:56:33,294:INFO:Declaring global variables
2025-08-11 17:56:33,294:INFO:USI: 7157
2025-08-11 17:56:33,295:INFO:pycaret_globals: {'fold_shuffle_param', 'data_before_preprocess', 'y_test', 'seed', 'stratify_param', 'fix_imbalance_method_param', 'X', '_all_models', 'html_param', 'display_container', '_internal_pipeline', 'logging_param', 'X_train', 'iterative_imputation_iters_param', '_all_metrics', 'transform_target_method_param', 'target_param', 'fold_generator', 'transform_target_param', 'fix_imbalance_param', '_available_plots', 'dashboard_logger', 'pycaret_globals', 'imputation_classifier', '_gpu_n_jobs_param', 'prep_pipe', 'imputation_regressor', 'fold_param', 'X_test', 'create_model_container', 'y', 'master_model_container', 'gpu_param', 'y_train', 'fold_groups_param', '_all_models_internal', 'USI', 'fold_groups_param_full', '_ml_usecase', 'exp_name_log', 'n_jobs_param', 'experiment__', 'log_plots_param'}
2025-08-11 17:56:33,295:INFO:Preparing display monitor
2025-08-11 17:56:33,295:INFO:Preparing display monitor
2025-08-11 17:56:33,314:INFO:Importing libraries
2025-08-11 17:56:33,314:INFO:Copying data for preprocessing
2025-08-11 17:56:33,351:INFO:Declaring preprocessing parameters
2025-08-11 17:56:33,421:INFO:Creating preprocessing pipeline
2025-08-11 17:56:34,289:INFO:Preprocessing pipeline created successfully
2025-08-11 17:56:34,289:ERROR:(Process Exit): setup has been interupted with user command 'quit'. setup must rerun.
2025-08-11 17:56:34,289:INFO:Creating global containers
2025-08-11 17:56:34,291:INFO:Internal pipeline: Pipeline(memory=None, steps=[('empty_step', 'passthrough')], verbose=False)
2025-08-11 17:57:01,111:WARNING:Couldn't import xgboost.XGBClassifier
2025-08-11 17:57:01,112:WARNING:Couldn't import catboost.CatBoostClassifier
2025-08-11 17:57:01,168:WARNING:Couldn't import xgboost.XGBClassifier
2025-08-11 17:57:01,169:WARNING:Couldn't import catboost.CatBoostClassifier
2025-08-11 17:57:01,170:INFO:Creating grid variables
2025-08-11 17:57:01,328:INFO:create_model_container: 0
2025-08-11 17:57:01,329:INFO:master_model_container: 0
2025-08-11 17:57:01,329:INFO:display_container: 1
2025-08-11 17:57:01,332:INFO:Pipeline(memory=None,
         steps=[('dtypes',
                 DataTypes_Auto_infer(categorical_features=[],
                                      display_types=True, features_todrop=[],
                                      id_columns=[],
                                      ml_usecase='classification',
                                      numerical_features=[], target='mau',
                                      time_features=[])),
                ('imputer',
                 Simple_Imputer(categorical_strategy='not_available',
                                fill_value_categorical=None,
                                fill_value_numerical=None,
                                numeric_strategy...
                ('scaling', 'passthrough'), ('P_transform', 'passthrough'),
                ('binn', 'passthrough'), ('rem_outliers', 'passthrough'),
                ('cluster_all', 'passthrough'),
                ('dummy', Dummify(target='mau')),
                ('fix_perfect', Remove_100(target='mau')),
                ('clean_names', Clean_Colum_Names()),
                ('feature_select', 'passthrough'), ('fix_multi', 'passthrough'),
                ('dfs', 'passthrough'), ('pca', 'passthrough')],
         verbose=False)
2025-08-11 17:57:01,333:INFO:setup() succesfully completed......................................
2025-08-11 17:57:46,956:INFO:PyCaret Supervised Module
2025-08-11 17:57:46,956:INFO:ML Usecase: classification
2025-08-11 17:57:46,956:INFO:version 2.3.10
2025-08-11 17:57:46,956:INFO:Initializing setup()
2025-08-11 17:57:46,956:INFO:setup(display=None, profile_kwargs=None, profile=False, verbose=True, silent=False, log_data=False, log_profile=False, log_plots=False, experiment_custom_tags=None, experiment_name=None, log_experiment=False, session_id=123, html=True, custom_pipeline=None, use_gpu=False, n_jobs=-1, fold_groups=None, fold_shuffle=False, fold=10, fold_strategy=stratifiedkfold, data_split_stratify=False, data_split_shuffle=True, transform_target_method=box-cox, transform_target=False, fix_imbalance_method=None, fix_imbalance=False, interaction_threshold=0.01, feature_ratio=False, feature_interaction=False, feature_selection_method=classic, feature_selection_threshold=0.8, feature_selection=False, group_names=None, group_features=None, polynomial_threshold=0.1, trigonometry_features=False, polynomial_degree=2, polynomial_features=False, cluster_iter=20, create_clusters=False, remove_perfect_collinearity=True, multicollinearity_threshold=0.9, remove_multicollinearity=False, outliers_threshold=0.05, remove_outliers=False, bin_numeric_features=None, rare_level_threshold=0.1, combine_rare_levels=False, ignore_low_variance=False, pca_components=None, pca_method=linear, pca=False, unknown_categorical_method=least_frequent, handle_unknown_categorical=True, transformation_method=yeo-johnson, transformation=False, normalize_method=zscore, normalize=False, ignore_features=None, date_features=None, numeric_iterative_imputer=lightgbm, numeric_imputation=mean, numeric_features=None, high_cardinality_method=frequency, high_cardinality_features=None, ordinal_features=None, categorical_iterative_imputer=lightgbm, categorical_imputation=constant, categorical_features=None, iterative_imputation_iters=5, imputation_type=simple, preprocess=True, test_data=None, train_size=0.7, available_plots={'parameter': 'Hyperparameters', 'auc': 'AUC', 'confusion_matrix': 'Confusion Matrix', 'threshold': 'Threshold', 'pr': 'Precision Recall', 'error': 'Prediction Error', 'class_report': 'Class Report', 'rfe': 'Feature Selection', 'learning': 'Learning Curve', 'manifold': 'Manifold Learning', 'calibration': 'Calibration Curve', 'vc': 'Validation Curve', 'dimension': 'Dimensions', 'feature': 'Feature Importance', 'feature_all': 'Feature Importance (All)', 'boundary': 'Decision Boundary', 'lift': 'Lift Chart', 'gain': 'Gain Chart', 'tree': 'Decision Tree', 'ks': 'KS Statistic Plot'}, ml_usecase=classification, target=mau)
2025-08-11 17:57:46,956:INFO:Checking environment
2025-08-11 17:57:46,956:INFO:python_version: 3.6.13
2025-08-11 17:57:46,956:INFO:python_build: ('default', 'Mar 16 2021 11:37:27')
2025-08-11 17:57:46,956:INFO:machine: AMD64
2025-08-11 17:57:46,957:INFO:platform: Windows-10-10.0.26100-SP0
2025-08-11 17:57:46,958:WARNING:cannot find psutil installation. memory not traceable. Install psutil using pip to enable memory logging.
2025-08-11 17:57:46,958:INFO:Checking libraries
2025-08-11 17:57:46,958:INFO:pd==1.1.5
2025-08-11 17:57:46,958:INFO:numpy==1.19.5
2025-08-11 17:57:46,958:INFO:sklearn==0.23.2
2025-08-11 17:57:46,958:INFO:lightgbm==4.3.0
2025-08-11 17:57:46,959:WARNING:catboost not found
2025-08-11 17:57:46,960:WARNING:xgboost not found
2025-08-11 17:57:46,960:INFO:mlflow==1.23.1
2025-08-11 17:57:46,960:INFO:Checking Exceptions
2025-08-11 17:57:46,960:INFO:Declaring global variables
2025-08-11 17:57:46,961:INFO:USI: 7d08
2025-08-11 17:57:46,961:INFO:pycaret_globals: {'fold_shuffle_param', 'data_before_preprocess', 'y_test', 'seed', 'stratify_param', 'fix_imbalance_method_param', 'X', '_all_models', 'html_param', 'display_container', '_internal_pipeline', 'logging_param', 'X_train', 'iterative_imputation_iters_param', '_all_metrics', 'transform_target_method_param', 'target_param', 'fold_generator', 'transform_target_param', 'fix_imbalance_param', '_available_plots', 'dashboard_logger', 'pycaret_globals', 'imputation_classifier', '_gpu_n_jobs_param', 'prep_pipe', 'imputation_regressor', 'fold_param', 'X_test', 'create_model_container', 'y', 'master_model_container', 'gpu_param', 'y_train', 'fold_groups_param', '_all_models_internal', 'USI', 'fold_groups_param_full', '_ml_usecase', 'exp_name_log', 'n_jobs_param', 'experiment__', 'log_plots_param'}
2025-08-11 17:57:46,961:INFO:Preparing display monitor
2025-08-11 17:57:46,961:INFO:Preparing display monitor
2025-08-11 17:57:46,971:INFO:Importing libraries
2025-08-11 17:57:46,971:INFO:Copying data for preprocessing
2025-08-11 17:57:47,002:INFO:Declaring preprocessing parameters
2025-08-11 17:57:47,075:INFO:Creating preprocessing pipeline
2025-08-11 17:57:47,774:INFO:Preprocessing pipeline created successfully
2025-08-11 17:57:47,774:ERROR:(Process Exit): setup has been interupted with user command 'quit'. setup must rerun.
2025-08-11 17:57:47,774:INFO:Creating global containers
2025-08-11 17:57:47,775:INFO:Internal pipeline: Pipeline(memory=None, steps=[('empty_step', 'passthrough')], verbose=False)
2025-08-11 17:58:08,901:WARNING:Couldn't import xgboost.XGBClassifier
2025-08-11 17:58:08,902:WARNING:Couldn't import catboost.CatBoostClassifier
2025-08-11 17:58:08,958:WARNING:Couldn't import xgboost.XGBClassifier
2025-08-11 17:58:08,959:WARNING:Couldn't import catboost.CatBoostClassifier
2025-08-11 17:58:08,959:INFO:Creating grid variables
2025-08-11 17:58:09,113:INFO:create_model_container: 0
2025-08-11 17:58:09,113:INFO:master_model_container: 0
2025-08-11 17:58:09,113:INFO:display_container: 1
2025-08-11 17:58:09,117:INFO:Pipeline(memory=None,
         steps=[('dtypes',
                 DataTypes_Auto_infer(categorical_features=[],
                                      display_types=True, features_todrop=[],
                                      id_columns=[],
                                      ml_usecase='classification',
                                      numerical_features=[], target='mau',
                                      time_features=[])),
                ('imputer',
                 Simple_Imputer(categorical_strategy='not_available',
                                fill_value_categorical=None,
                                fill_value_numerical=None,
                                numeric_strategy...
                ('scaling', 'passthrough'), ('P_transform', 'passthrough'),
                ('binn', 'passthrough'), ('rem_outliers', 'passthrough'),
                ('cluster_all', 'passthrough'),
                ('dummy', Dummify(target='mau')),
                ('fix_perfect', Remove_100(target='mau')),
                ('clean_names', Clean_Colum_Names()),
                ('feature_select', 'passthrough'), ('fix_multi', 'passthrough'),
                ('dfs', 'passthrough'), ('pca', 'passthrough')],
         verbose=False)
2025-08-11 17:58:09,117:INFO:setup() succesfully completed......................................
2025-08-11 17:58:52,554:INFO:Initializing create_model()
2025-08-11 17:58:52,554:INFO:create_model(kwargs={}, return_train_score=False, display=None, probability_threshold=None, add_to_model_list=True, experiment_custom_tags=None, metrics=None, system=True, verbose=True, refit=True, groups=None, fit_kwargs=None, predict=True, cross_validation=True, round=4, fold=None, estimator=lightgbm)
2025-08-11 17:58:52,554:INFO:Checking exceptions
2025-08-11 17:58:52,555:INFO:Preparing display monitor
2025-08-11 17:58:52,574:INFO:Importing libraries
2025-08-11 17:58:52,574:INFO:Copying training dataset
2025-08-11 17:58:52,593:INFO:Defining folds
2025-08-11 17:58:52,593:INFO:Declaring metric variables
2025-08-11 17:58:52,603:INFO:Importing untrained model
2025-08-11 17:58:52,611:INFO:Light Gradient Boosting Machine Imported succesfully
2025-08-11 17:58:52,631:INFO:Starting cross validation
2025-08-11 17:58:52,632:INFO:Cross validating with StratifiedKFold(n_splits=10, random_state=None, shuffle=False), n_jobs=-1
2025-08-11 17:59:11,655:INFO:Calculating mean and std
2025-08-11 17:59:11,660:INFO:Creating metrics dataframe
2025-08-11 17:59:11,674:INFO:Finalizing model
2025-08-11 17:59:12,783:INFO:Uploading results into container
2025-08-11 17:59:12,784:INFO:Uploading model into container now
2025-08-11 17:59:12,805:INFO:create_model_container: 1
2025-08-11 17:59:12,805:INFO:master_model_container: 1
2025-08-11 17:59:12,805:INFO:display_container: 2
2025-08-11 17:59:12,806:INFO:LGBMClassifier(boosting_type='gbdt', class_weight=None, colsample_bytree=1.0,
               importance_type='split', learning_rate=0.1, max_depth=-1,
               min_child_samples=20, min_child_weight=0.001, min_split_gain=0.0,
               n_estimators=100, n_jobs=-1, num_leaves=31, objective=None,
               random_state=123, reg_alpha=0.0, reg_lambda=0.0, subsample=1.0,
               subsample_for_bin=200000, subsample_freq=0)
2025-08-11 17:59:12,806:INFO:create_model() succesfully completed......................................
2025-08-11 17:59:55,487:INFO:Initializing tune_model()
2025-08-11 17:59:55,487:INFO:tune_model(kwargs={}, return_train_score=False, display=None, tuner_verbose=True, verbose=True, return_tuner=False, groups=None, fit_kwargs=None, choose_better=False, early_stopping_max_iters=10, early_stopping=False, search_algorithm=None, search_library=scikit-learn, custom_scorer=None, optimize=Accuracy, custom_grid=None, n_iter=10, round=4, fold=None, estimator=LGBMClassifier(boosting_type='gbdt', class_weight=None, colsample_bytree=1.0,
               importance_type='split', learning_rate=0.1, max_depth=-1,
               min_child_samples=20, min_child_weight=0.001, min_split_gain=0.0,
               n_estimators=100, n_jobs=-1, num_leaves=31, objective=None,
               random_state=123, reg_alpha=0.0, reg_lambda=0.0, subsample=1.0,
               subsample_for_bin=200000, subsample_freq=0))
2025-08-11 17:59:55,487:INFO:Checking exceptions
2025-08-11 17:59:55,493:INFO:Preparing display monitor
2025-08-11 17:59:55,508:INFO:Copying training dataset
2025-08-11 17:59:55,523:INFO:Checking base model
2025-08-11 17:59:55,523:INFO:Base model : Light Gradient Boosting Machine
2025-08-11 17:59:55,531:INFO:Declaring metric variables
2025-08-11 17:59:55,538:INFO:Defining Hyperparameters
2025-08-11 17:59:55,655:INFO:Tuning with n_jobs=-1
2025-08-11 17:59:55,655:INFO:Initializing RandomizedSearchCV
2025-08-11 18:02:39,510:INFO:best_params: {'actual_estimator__reg_lambda': 0.1, 'actual_estimator__reg_alpha': 0.0001, 'actual_estimator__num_leaves': 10, 'actual_estimator__n_estimators': 180, 'actual_estimator__min_split_gain': 0.7, 'actual_estimator__min_child_samples': 96, 'actual_estimator__learning_rate': 0.05, 'actual_estimator__feature_fraction': 0.9, 'actual_estimator__bagging_freq': 4, 'actual_estimator__bagging_fraction': 0.6}
2025-08-11 18:02:39,516:INFO:Hyperparameter search completed
2025-08-11 18:02:39,516:INFO:SubProcess create_model() called ==================================
2025-08-11 18:02:39,521:INFO:Initializing create_model()
2025-08-11 18:02:39,521:INFO:create_model(kwargs={'reg_lambda': 0.1, 'reg_alpha': 0.0001, 'num_leaves': 10, 'n_estimators': 180, 'min_split_gain': 0.7, 'min_child_samples': 96, 'learning_rate': 0.05, 'feature_fraction': 0.9, 'bagging_freq': 4, 'bagging_fraction': 0.6}, return_train_score=False, display=<pycaret.internal.Display.Display object at 0x000001BEF81399E8>, probability_threshold=None, add_to_model_list=True, experiment_custom_tags=None, metrics=None, system=False, verbose=True, refit=True, groups=None, fit_kwargs={}, predict=True, cross_validation=True, round=4, fold=StratifiedKFold(n_splits=10, random_state=None, shuffle=False), estimator=LGBMClassifier(boosting_type='gbdt', class_weight=None, colsample_bytree=1.0,
               importance_type='split', learning_rate=0.1, max_depth=-1,
               min_child_samples=20, min_child_weight=0.001, min_split_gain=0.0,
               n_estimators=100, n_jobs=-1, num_leaves=31, objective=None,
               random_state=123, reg_alpha=0.0, reg_lambda=0.0, subsample=1.0,
               subsample_for_bin=200000, subsample_freq=0))
2025-08-11 18:02:39,522:INFO:Checking exceptions
2025-08-11 18:02:39,523:INFO:Importing libraries
2025-08-11 18:02:39,524:INFO:Copying training dataset
2025-08-11 18:02:39,653:INFO:Defining folds
2025-08-11 18:02:39,653:INFO:Declaring metric variables
2025-08-11 18:02:39,674:INFO:Importing untrained model
2025-08-11 18:02:39,674:INFO:Declaring custom model
2025-08-11 18:02:39,688:INFO:Light Gradient Boosting Machine Imported succesfully
2025-08-11 18:02:39,707:INFO:Starting cross validation
2025-08-11 18:02:39,708:INFO:Cross validating with StratifiedKFold(n_splits=10, random_state=None, shuffle=False), n_jobs=-1
2025-08-11 18:02:52,787:INFO:Calculating mean and std
2025-08-11 18:02:52,788:INFO:Creating metrics dataframe
2025-08-11 18:02:52,805:INFO:Finalizing model
2025-08-11 18:02:54,691:INFO:Uploading results into container
2025-08-11 18:02:54,691:INFO:Uploading model into container now
2025-08-11 18:02:54,691:INFO:create_model_container: 2
2025-08-11 18:02:54,691:INFO:master_model_container: 2
2025-08-11 18:02:54,691:INFO:display_container: 3
2025-08-11 18:02:54,692:INFO:LGBMClassifier(bagging_fraction=0.6, bagging_freq=4, boosting_type='gbdt',
               class_weight=None, colsample_bytree=1.0, feature_fraction=0.9,
               importance_type='split', learning_rate=0.05, max_depth=-1,
               min_child_samples=96, min_child_weight=0.001, min_split_gain=0.7,
               n_estimators=180, n_jobs=-1, num_leaves=10, objective=None,
               random_state=123, reg_alpha=0.0001, reg_lambda=0.1,
               subsample=1.0, subsample_for_bin=200000, subsample_freq=0)
2025-08-11 18:02:54,692:INFO:create_model() succesfully completed......................................
2025-08-11 18:02:54,989:INFO:SubProcess create_model() end ==================================
2025-08-11 18:02:55,007:INFO:create_model_container: 2
2025-08-11 18:02:55,007:INFO:master_model_container: 2
2025-08-11 18:02:55,007:INFO:display_container: 3
2025-08-11 18:02:55,008:INFO:LGBMClassifier(bagging_fraction=0.6, bagging_freq=4, boosting_type='gbdt',
               class_weight=None, colsample_bytree=1.0, feature_fraction=0.9,
               importance_type='split', learning_rate=0.05, max_depth=-1,
               min_child_samples=96, min_child_weight=0.001, min_split_gain=0.7,
               n_estimators=180, n_jobs=-1, num_leaves=10, objective=None,
               random_state=123, reg_alpha=0.0001, reg_lambda=0.1,
               subsample=1.0, subsample_for_bin=200000, subsample_freq=0)
2025-08-11 18:02:55,008:INFO:tune_model() succesfully completed......................................
2025-08-11 18:05:15,667:INFO:Initializing plot_model()
2025-08-11 18:05:15,668:INFO:plot_model(is_in_evaluate=False, verbose=True, use_train_data=False, fold=None, system=True, scale=1, save=False, plot_kwargs=None, plot=auc, label=False, groups=None, fit_kwargs=None, feature_name=None, estimator=LGBMClassifier(bagging_fraction=0.6, bagging_freq=4, boosting_type='gbdt',
               class_weight=None, colsample_bytree=1.0, feature_fraction=0.9,
               importance_type='split', learning_rate=0.05, max_depth=-1,
               min_child_samples=96, min_child_weight=0.001, min_split_gain=0.7,
               n_estimators=180, n_jobs=-1, num_leaves=10, objective=None,
               random_state=123, reg_alpha=0.0001, reg_lambda=0.1,
               subsample=1.0, subsample_for_bin=200000, subsample_freq=0), display_format=None, display=None)
2025-08-11 18:05:15,668:INFO:Checking exceptions
2025-08-11 18:05:15,677:INFO:Preparing display monitor
2025-08-11 18:05:15,683:INFO:Preloading libraries
2025-08-11 18:05:15,689:INFO:Copying training dataset
2025-08-11 18:05:15,711:INFO:Copying test dataset
2025-08-11 18:05:15,791:INFO:Plot type: auc
2025-08-11 18:05:15,793:INFO:Initializing get_config()
2025-08-11 18:05:15,793:INFO:get_config(variable=prep_pipe)
2025-08-11 18:05:15,797:INFO:Global variable: prep_pipe returned as Pipeline(memory=None,
         steps=[('dtypes',
                 DataTypes_Auto_infer(categorical_features=[],
                                      display_types=True, features_todrop=[],
                                      id_columns=[],
                                      ml_usecase='classification',
                                      numerical_features=[], target='mau',
                                      time_features=[])),
                ('imputer',
                 Simple_Imputer(categorical_strategy='not_available',
                                fill_value_categorical=None,
                                fill_value_numerical=None,
                                numeric_strategy...
                ('scaling', 'passthrough'), ('P_transform', 'passthrough'),
                ('binn', 'passthrough'), ('rem_outliers', 'passthrough'),
                ('cluster_all', 'passthrough'),
                ('dummy', Dummify(target='mau')),
                ('fix_perfect', Remove_100(target='mau')),
                ('clean_names', Clean_Colum_Names()),
                ('feature_select', 'passthrough'), ('fix_multi', 'passthrough'),
                ('dfs', 'passthrough'), ('pca', 'passthrough')],
         verbose=False)
2025-08-11 18:05:15,797:INFO:get_config() succesfully completed......................................
2025-08-11 18:05:15,800:INFO:Fitting Model
2025-08-11 18:05:15,810:INFO:Scoring test/hold-out set
2025-08-11 18:05:16,531:INFO:Visual Rendered Successfully
2025-08-11 18:05:16,658:INFO:plot_model() succesfully completed......................................
2025-08-11 18:05:16,664:INFO:Initializing plot_model()
2025-08-11 18:05:16,664:INFO:plot_model(is_in_evaluate=False, verbose=True, use_train_data=False, fold=None, system=True, scale=1, save=False, plot_kwargs=None, plot=pr, label=False, groups=None, fit_kwargs=None, feature_name=None, estimator=LGBMClassifier(bagging_fraction=0.6, bagging_freq=4, boosting_type='gbdt',
               class_weight=None, colsample_bytree=1.0, feature_fraction=0.9,
               importance_type='split', learning_rate=0.05, max_depth=-1,
               min_child_samples=96, min_child_weight=0.001, min_split_gain=0.7,
               n_estimators=180, n_jobs=-1, num_leaves=10, objective=None,
               random_state=123, reg_alpha=0.0001, reg_lambda=0.1,
               subsample=1.0, subsample_for_bin=200000, subsample_freq=0), display_format=None, display=None)
2025-08-11 18:05:16,664:INFO:Checking exceptions
2025-08-11 18:05:16,669:INFO:Preparing display monitor
2025-08-11 18:05:16,674:INFO:Preloading libraries
2025-08-11 18:05:16,679:INFO:Copying training dataset
2025-08-11 18:05:16,695:INFO:Copying test dataset
2025-08-11 18:05:16,703:INFO:Plot type: pr
2025-08-11 18:05:16,707:INFO:Fitting Model
2025-08-11 18:05:16,733:INFO:Scoring test/hold-out set
2025-08-11 18:05:17,317:INFO:Visual Rendered Successfully
2025-08-11 18:05:17,422:INFO:plot_model() succesfully completed......................................
2025-08-11 18:05:17,428:INFO:Initializing plot_model()
2025-08-11 18:05:17,429:INFO:plot_model(is_in_evaluate=False, verbose=True, use_train_data=False, fold=None, system=True, scale=1, save=False, plot_kwargs=None, plot=feature, label=False, groups=None, fit_kwargs=None, feature_name=None, estimator=LGBMClassifier(bagging_fraction=0.6, bagging_freq=4, boosting_type='gbdt',
               class_weight=None, colsample_bytree=1.0, feature_fraction=0.9,
               importance_type='split', learning_rate=0.05, max_depth=-1,
               min_child_samples=96, min_child_weight=0.001, min_split_gain=0.7,
               n_estimators=180, n_jobs=-1, num_leaves=10, objective=None,
               random_state=123, reg_alpha=0.0001, reg_lambda=0.1,
               subsample=1.0, subsample_for_bin=200000, subsample_freq=0), display_format=None, display=None)
2025-08-11 18:05:17,429:INFO:Checking exceptions
2025-08-11 18:05:17,433:INFO:Preparing display monitor
2025-08-11 18:05:17,437:INFO:Preloading libraries
2025-08-11 18:05:17,443:INFO:Copying training dataset
2025-08-11 18:05:17,460:INFO:Copying test dataset
2025-08-11 18:05:17,469:INFO:Plot type: feature
2025-08-11 18:05:17,472:WARNING:No coef_ found. Trying feature_importances_
2025-08-11 18:05:17,606:INFO:Visual Rendered Successfully
2025-08-11 18:05:17,709:INFO:plot_model() succesfully completed......................................
2025-08-11 18:05:17,716:INFO:Initializing plot_model()
2025-08-11 18:05:17,716:INFO:plot_model(is_in_evaluate=False, verbose=True, use_train_data=False, fold=None, system=True, scale=1, save=False, plot_kwargs=None, plot=confusion_matrix, label=False, groups=None, fit_kwargs=None, feature_name=None, estimator=LGBMClassifier(bagging_fraction=0.6, bagging_freq=4, boosting_type='gbdt',
               class_weight=None, colsample_bytree=1.0, feature_fraction=0.9,
               importance_type='split', learning_rate=0.05, max_depth=-1,
               min_child_samples=96, min_child_weight=0.001, min_split_gain=0.7,
               n_estimators=180, n_jobs=-1, num_leaves=10, objective=None,
               random_state=123, reg_alpha=0.0001, reg_lambda=0.1,
               subsample=1.0, subsample_for_bin=200000, subsample_freq=0), display_format=None, display=None)
2025-08-11 18:05:17,716:INFO:Checking exceptions
2025-08-11 18:05:17,720:INFO:Preparing display monitor
2025-08-11 18:05:17,725:INFO:Preloading libraries
2025-08-11 18:05:17,732:INFO:Copying training dataset
2025-08-11 18:05:17,751:INFO:Copying test dataset
2025-08-11 18:05:17,758:INFO:Plot type: confusion_matrix
2025-08-11 18:05:17,761:INFO:Initializing get_config()
2025-08-11 18:05:17,761:INFO:get_config(variable=prep_pipe)
2025-08-11 18:05:17,767:INFO:Global variable: prep_pipe returned as Pipeline(memory=None,
         steps=[('dtypes',
                 DataTypes_Auto_infer(categorical_features=[],
                                      display_types=True, features_todrop=[],
                                      id_columns=[],
                                      ml_usecase='classification',
                                      numerical_features=[], target='mau',
                                      time_features=[])),
                ('imputer',
                 Simple_Imputer(categorical_strategy='not_available',
                                fill_value_categorical=None,
                                fill_value_numerical=None,
                                numeric_strategy...
                ('scaling', 'passthrough'), ('P_transform', 'passthrough'),
                ('binn', 'passthrough'), ('rem_outliers', 'passthrough'),
                ('cluster_all', 'passthrough'),
                ('dummy', Dummify(target='mau')),
                ('fix_perfect', Remove_100(target='mau')),
                ('clean_names', Clean_Colum_Names()),
                ('feature_select', 'passthrough'), ('fix_multi', 'passthrough'),
                ('dfs', 'passthrough'), ('pca', 'passthrough')],
         verbose=False)
2025-08-11 18:05:17,767:INFO:get_config() succesfully completed......................................
2025-08-11 18:05:17,768:INFO:Fitting Model
2025-08-11 18:05:17,776:INFO:Scoring test/hold-out set
2025-08-11 18:05:18,600:INFO:Visual Rendered Successfully
2025-08-11 18:05:18,710:INFO:plot_model() succesfully completed......................................
2025-08-11 18:05:39,753:INFO:Initializing plot_model()
2025-08-11 18:05:39,753:INFO:plot_model(is_in_evaluate=False, verbose=True, use_train_data=False, fold=None, system=True, scale=1, save=False, plot_kwargs=None, plot=auc, label=False, groups=None, fit_kwargs=None, feature_name=None, estimator=LGBMClassifier(bagging_fraction=0.6, bagging_freq=4, boosting_type='gbdt',
               class_weight=None, colsample_bytree=1.0, feature_fraction=0.9,
               importance_type='split', learning_rate=0.05, max_depth=-1,
               min_child_samples=96, min_child_weight=0.001, min_split_gain=0.7,
               n_estimators=180, n_jobs=-1, num_leaves=10, objective=None,
               random_state=123, reg_alpha=0.0001, reg_lambda=0.1,
               subsample=1.0, subsample_for_bin=200000, subsample_freq=0), display_format=None, display=None)
2025-08-11 18:05:39,754:INFO:Checking exceptions
2025-08-11 18:05:39,760:INFO:Preparing display monitor
2025-08-11 18:05:39,765:INFO:Preloading libraries
2025-08-11 18:05:39,771:INFO:Copying training dataset
2025-08-11 18:05:39,790:INFO:Copying test dataset
2025-08-11 18:05:39,798:INFO:Plot type: auc
2025-08-11 18:05:39,800:INFO:Initializing get_config()
2025-08-11 18:05:39,800:INFO:get_config(variable=prep_pipe)
2025-08-11 18:05:39,806:INFO:Global variable: prep_pipe returned as Pipeline(memory=None,
         steps=[('dtypes',
                 DataTypes_Auto_infer(categorical_features=[],
                                      display_types=True, features_todrop=[],
                                      id_columns=[],
                                      ml_usecase='classification',
                                      numerical_features=[], target='mau',
                                      time_features=[])),
                ('imputer',
                 Simple_Imputer(categorical_strategy='not_available',
                                fill_value_categorical=None,
                                fill_value_numerical=None,
                                numeric_strategy...
                ('scaling', 'passthrough'), ('P_transform', 'passthrough'),
                ('binn', 'passthrough'), ('rem_outliers', 'passthrough'),
                ('cluster_all', 'passthrough'),
                ('dummy', Dummify(target='mau')),
                ('fix_perfect', Remove_100(target='mau')),
                ('clean_names', Clean_Colum_Names()),
                ('feature_select', 'passthrough'), ('fix_multi', 'passthrough'),
                ('dfs', 'passthrough'), ('pca', 'passthrough')],
         verbose=False)
2025-08-11 18:05:39,806:INFO:get_config() succesfully completed......................................
2025-08-11 18:05:39,807:INFO:Fitting Model
2025-08-11 18:05:39,822:INFO:Scoring test/hold-out set
2025-08-11 18:05:40,526:INFO:Visual Rendered Successfully
2025-08-11 18:05:40,643:INFO:plot_model() succesfully completed......................................
2025-08-11 18:05:40,649:INFO:Initializing plot_model()
2025-08-11 18:05:40,649:INFO:plot_model(is_in_evaluate=False, verbose=True, use_train_data=False, fold=None, system=True, scale=1, save=False, plot_kwargs=None, plot=pr, label=False, groups=None, fit_kwargs=None, feature_name=None, estimator=LGBMClassifier(bagging_fraction=0.6, bagging_freq=4, boosting_type='gbdt',
               class_weight=None, colsample_bytree=1.0, feature_fraction=0.9,
               importance_type='split', learning_rate=0.05, max_depth=-1,
               min_child_samples=96, min_child_weight=0.001, min_split_gain=0.7,
               n_estimators=180, n_jobs=-1, num_leaves=10, objective=None,
               random_state=123, reg_alpha=0.0001, reg_lambda=0.1,
               subsample=1.0, subsample_for_bin=200000, subsample_freq=0), display_format=None, display=None)
2025-08-11 18:05:40,649:INFO:Checking exceptions
2025-08-11 18:05:40,652:INFO:Preparing display monitor
2025-08-11 18:05:40,657:INFO:Preloading libraries
2025-08-11 18:05:40,663:INFO:Copying training dataset
2025-08-11 18:05:40,680:INFO:Copying test dataset
2025-08-11 18:05:40,688:INFO:Plot type: pr
2025-08-11 18:05:40,691:INFO:Fitting Model
2025-08-11 18:05:40,715:INFO:Scoring test/hold-out set
2025-08-11 18:05:41,290:INFO:Visual Rendered Successfully
2025-08-11 18:05:41,395:INFO:plot_model() succesfully completed......................................
2025-08-11 18:05:41,401:INFO:Initializing plot_model()
2025-08-11 18:05:41,401:INFO:plot_model(is_in_evaluate=False, verbose=True, use_train_data=False, fold=None, system=True, scale=1, save=False, plot_kwargs=None, plot=feature, label=False, groups=None, fit_kwargs=None, feature_name=None, estimator=LGBMClassifier(bagging_fraction=0.6, bagging_freq=4, boosting_type='gbdt',
               class_weight=None, colsample_bytree=1.0, feature_fraction=0.9,
               importance_type='split', learning_rate=0.05, max_depth=-1,
               min_child_samples=96, min_child_weight=0.001, min_split_gain=0.7,
               n_estimators=180, n_jobs=-1, num_leaves=10, objective=None,
               random_state=123, reg_alpha=0.0001, reg_lambda=0.1,
               subsample=1.0, subsample_for_bin=200000, subsample_freq=0), display_format=None, display=None)
2025-08-11 18:05:41,401:INFO:Checking exceptions
2025-08-11 18:05:41,406:INFO:Preparing display monitor
2025-08-11 18:05:41,411:INFO:Preloading libraries
2025-08-11 18:05:41,416:INFO:Copying training dataset
2025-08-11 18:05:41,434:INFO:Copying test dataset
2025-08-11 18:05:41,442:INFO:Plot type: feature
2025-08-11 18:05:41,445:WARNING:No coef_ found. Trying feature_importances_
2025-08-11 18:05:41,576:INFO:Visual Rendered Successfully
2025-08-11 18:05:41,679:INFO:plot_model() succesfully completed......................................
2025-08-11 18:05:41,685:INFO:Initializing plot_model()
2025-08-11 18:05:41,685:INFO:plot_model(is_in_evaluate=False, verbose=True, use_train_data=False, fold=None, system=True, scale=1, save=False, plot_kwargs=None, plot=confusion_matrix, label=False, groups=None, fit_kwargs=None, feature_name=None, estimator=LGBMClassifier(bagging_fraction=0.6, bagging_freq=4, boosting_type='gbdt',
               class_weight=None, colsample_bytree=1.0, feature_fraction=0.9,
               importance_type='split', learning_rate=0.05, max_depth=-1,
               min_child_samples=96, min_child_weight=0.001, min_split_gain=0.7,
               n_estimators=180, n_jobs=-1, num_leaves=10, objective=None,
               random_state=123, reg_alpha=0.0001, reg_lambda=0.1,
               subsample=1.0, subsample_for_bin=200000, subsample_freq=0), display_format=None, display=None)
2025-08-11 18:05:41,685:INFO:Checking exceptions
2025-08-11 18:05:41,689:INFO:Preparing display monitor
2025-08-11 18:05:41,693:INFO:Preloading libraries
2025-08-11 18:05:41,699:INFO:Copying training dataset
2025-08-11 18:05:41,715:INFO:Copying test dataset
2025-08-11 18:05:41,722:INFO:Plot type: confusion_matrix
2025-08-11 18:05:41,724:INFO:Initializing get_config()
2025-08-11 18:05:41,725:INFO:get_config(variable=prep_pipe)
2025-08-11 18:05:41,731:INFO:Global variable: prep_pipe returned as Pipeline(memory=None,
         steps=[('dtypes',
                 DataTypes_Auto_infer(categorical_features=[],
                                      display_types=True, features_todrop=[],
                                      id_columns=[],
                                      ml_usecase='classification',
                                      numerical_features=[], target='mau',
                                      time_features=[])),
                ('imputer',
                 Simple_Imputer(categorical_strategy='not_available',
                                fill_value_categorical=None,
                                fill_value_numerical=None,
                                numeric_strategy...
                ('scaling', 'passthrough'), ('P_transform', 'passthrough'),
                ('binn', 'passthrough'), ('rem_outliers', 'passthrough'),
                ('cluster_all', 'passthrough'),
                ('dummy', Dummify(target='mau')),
                ('fix_perfect', Remove_100(target='mau')),
                ('clean_names', Clean_Colum_Names()),
                ('feature_select', 'passthrough'), ('fix_multi', 'passthrough'),
                ('dfs', 'passthrough'), ('pca', 'passthrough')],
         verbose=False)
2025-08-11 18:05:41,731:INFO:get_config() succesfully completed......................................
2025-08-11 18:05:41,732:INFO:Fitting Model
2025-08-11 18:05:41,740:INFO:Scoring test/hold-out set
2025-08-11 18:05:42,561:INFO:Visual Rendered Successfully
2025-08-11 18:05:42,665:INFO:plot_model() succesfully completed......................................
2025-08-11 18:06:03,020:INFO:Initializing plot_model()
2025-08-11 18:06:03,020:INFO:plot_model(is_in_evaluate=False, verbose=True, use_train_data=False, fold=None, system=True, scale=1, save=False, plot_kwargs=None, plot=auc, label=False, groups=None, fit_kwargs=None, feature_name=None, estimator=LGBMClassifier(bagging_fraction=0.6, bagging_freq=4, boosting_type='gbdt',
               class_weight=None, colsample_bytree=1.0, feature_fraction=0.9,
               importance_type='split', learning_rate=0.05, max_depth=-1,
               min_child_samples=96, min_child_weight=0.001, min_split_gain=0.7,
               n_estimators=180, n_jobs=-1, num_leaves=10, objective=None,
               random_state=123, reg_alpha=0.0001, reg_lambda=0.1,
               subsample=1.0, subsample_for_bin=200000, subsample_freq=0), display_format=None, display=None)
2025-08-11 18:06:03,020:INFO:Checking exceptions
2025-08-11 18:06:03,025:INFO:Preparing display monitor
2025-08-11 18:06:03,031:INFO:Preloading libraries
2025-08-11 18:06:03,039:INFO:Copying training dataset
2025-08-11 18:06:03,059:INFO:Copying test dataset
2025-08-11 18:06:03,069:INFO:Plot type: auc
2025-08-11 18:06:03,073:INFO:Initializing get_config()
2025-08-11 18:06:03,073:INFO:get_config(variable=prep_pipe)
2025-08-11 18:06:03,079:INFO:Global variable: prep_pipe returned as Pipeline(memory=None,
         steps=[('dtypes',
                 DataTypes_Auto_infer(categorical_features=[],
                                      display_types=True, features_todrop=[],
                                      id_columns=[],
                                      ml_usecase='classification',
                                      numerical_features=[], target='mau',
                                      time_features=[])),
                ('imputer',
                 Simple_Imputer(categorical_strategy='not_available',
                                fill_value_categorical=None,
                                fill_value_numerical=None,
                                numeric_strategy...
                ('scaling', 'passthrough'), ('P_transform', 'passthrough'),
                ('binn', 'passthrough'), ('rem_outliers', 'passthrough'),
                ('cluster_all', 'passthrough'),
                ('dummy', Dummify(target='mau')),
                ('fix_perfect', Remove_100(target='mau')),
                ('clean_names', Clean_Colum_Names()),
                ('feature_select', 'passthrough'), ('fix_multi', 'passthrough'),
                ('dfs', 'passthrough'), ('pca', 'passthrough')],
         verbose=False)
2025-08-11 18:06:03,079:INFO:get_config() succesfully completed......................................
2025-08-11 18:06:03,080:INFO:Fitting Model
2025-08-11 18:06:03,098:INFO:Scoring test/hold-out set
2025-08-11 18:06:03,826:INFO:Visual Rendered Successfully
2025-08-11 18:06:03,933:INFO:plot_model() succesfully completed......................................
2025-08-11 18:06:05,391:INFO:Initializing plot_model()
2025-08-11 18:06:05,392:INFO:plot_model(is_in_evaluate=False, verbose=True, use_train_data=False, fold=None, system=True, scale=1, save=False, plot_kwargs=None, plot=pr, label=False, groups=None, fit_kwargs=None, feature_name=None, estimator=LGBMClassifier(bagging_fraction=0.6, bagging_freq=4, boosting_type='gbdt',
               class_weight=None, colsample_bytree=1.0, feature_fraction=0.9,
               importance_type='split', learning_rate=0.05, max_depth=-1,
               min_child_samples=96, min_child_weight=0.001, min_split_gain=0.7,
               n_estimators=180, n_jobs=-1, num_leaves=10, objective=None,
               random_state=123, reg_alpha=0.0001, reg_lambda=0.1,
               subsample=1.0, subsample_for_bin=200000, subsample_freq=0), display_format=None, display=None)
2025-08-11 18:06:05,392:INFO:Checking exceptions
2025-08-11 18:06:05,397:INFO:Preparing display monitor
2025-08-11 18:06:05,402:INFO:Preloading libraries
2025-08-11 18:06:05,408:INFO:Copying training dataset
2025-08-11 18:06:05,425:INFO:Copying test dataset
2025-08-11 18:06:05,433:INFO:Plot type: pr
2025-08-11 18:06:05,436:INFO:Fitting Model
2025-08-11 18:06:05,459:INFO:Scoring test/hold-out set
2025-08-11 18:06:06,046:INFO:Visual Rendered Successfully
2025-08-11 18:06:06,157:INFO:plot_model() succesfully completed......................................
2025-08-11 18:06:07,731:INFO:Initializing plot_model()
2025-08-11 18:06:07,731:INFO:plot_model(is_in_evaluate=False, verbose=True, use_train_data=False, fold=None, system=True, scale=1, save=False, plot_kwargs=None, plot=feature, label=False, groups=None, fit_kwargs=None, feature_name=None, estimator=LGBMClassifier(bagging_fraction=0.6, bagging_freq=4, boosting_type='gbdt',
               class_weight=None, colsample_bytree=1.0, feature_fraction=0.9,
               importance_type='split', learning_rate=0.05, max_depth=-1,
               min_child_samples=96, min_child_weight=0.001, min_split_gain=0.7,
               n_estimators=180, n_jobs=-1, num_leaves=10, objective=None,
               random_state=123, reg_alpha=0.0001, reg_lambda=0.1,
               subsample=1.0, subsample_for_bin=200000, subsample_freq=0), display_format=None, display=None)
2025-08-11 18:06:07,732:INFO:Checking exceptions
2025-08-11 18:06:07,736:INFO:Preparing display monitor
2025-08-11 18:06:07,741:INFO:Preloading libraries
2025-08-11 18:06:07,747:INFO:Copying training dataset
2025-08-11 18:06:07,763:INFO:Copying test dataset
2025-08-11 18:06:07,771:INFO:Plot type: feature
2025-08-11 18:06:07,773:WARNING:No coef_ found. Trying feature_importances_
2025-08-11 18:06:07,906:INFO:Visual Rendered Successfully
2025-08-11 18:06:08,012:INFO:plot_model() succesfully completed......................................
2025-08-11 18:06:10,156:INFO:Initializing plot_model()
2025-08-11 18:06:10,157:INFO:plot_model(is_in_evaluate=False, verbose=True, use_train_data=False, fold=None, system=True, scale=1, save=False, plot_kwargs=None, plot=confusion_matrix, label=False, groups=None, fit_kwargs=None, feature_name=None, estimator=LGBMClassifier(bagging_fraction=0.6, bagging_freq=4, boosting_type='gbdt',
               class_weight=None, colsample_bytree=1.0, feature_fraction=0.9,
               importance_type='split', learning_rate=0.05, max_depth=-1,
               min_child_samples=96, min_child_weight=0.001, min_split_gain=0.7,
               n_estimators=180, n_jobs=-1, num_leaves=10, objective=None,
               random_state=123, reg_alpha=0.0001, reg_lambda=0.1,
               subsample=1.0, subsample_for_bin=200000, subsample_freq=0), display_format=None, display=None)
2025-08-11 18:06:10,157:INFO:Checking exceptions
2025-08-11 18:06:10,162:INFO:Preparing display monitor
2025-08-11 18:06:10,169:INFO:Preloading libraries
2025-08-11 18:06:10,182:INFO:Copying training dataset
2025-08-11 18:06:10,201:INFO:Copying test dataset
2025-08-11 18:06:10,208:INFO:Plot type: confusion_matrix
2025-08-11 18:06:10,211:INFO:Initializing get_config()
2025-08-11 18:06:10,212:INFO:get_config(variable=prep_pipe)
2025-08-11 18:06:10,219:INFO:Global variable: prep_pipe returned as Pipeline(memory=None,
         steps=[('dtypes',
                 DataTypes_Auto_infer(categorical_features=[],
                                      display_types=True, features_todrop=[],
                                      id_columns=[],
                                      ml_usecase='classification',
                                      numerical_features=[], target='mau',
                                      time_features=[])),
                ('imputer',
                 Simple_Imputer(categorical_strategy='not_available',
                                fill_value_categorical=None,
                                fill_value_numerical=None,
                                numeric_strategy...
                ('scaling', 'passthrough'), ('P_transform', 'passthrough'),
                ('binn', 'passthrough'), ('rem_outliers', 'passthrough'),
                ('cluster_all', 'passthrough'),
                ('dummy', Dummify(target='mau')),
                ('fix_perfect', Remove_100(target='mau')),
                ('clean_names', Clean_Colum_Names()),
                ('feature_select', 'passthrough'), ('fix_multi', 'passthrough'),
                ('dfs', 'passthrough'), ('pca', 'passthrough')],
         verbose=False)
2025-08-11 18:06:10,219:INFO:get_config() succesfully completed......................................
2025-08-11 18:06:10,220:INFO:Fitting Model
2025-08-11 18:06:10,229:INFO:Scoring test/hold-out set
2025-08-11 18:06:11,041:INFO:Visual Rendered Successfully
2025-08-11 18:06:11,147:INFO:plot_model() succesfully completed......................................
2025-08-11 18:10:18,540:INFO:Initializing finalize_model()
2025-08-11 18:10:18,540:INFO:finalize_model(return_train_score=False, experiment_custom_tags=None, display=None, model_only=True, groups=None, fit_kwargs=None, estimator=LGBMClassifier(bagging_fraction=0.6, bagging_freq=4, boosting_type='gbdt',
               class_weight=None, colsample_bytree=1.0, feature_fraction=0.9,
               importance_type='split', learning_rate=0.05, max_depth=-1,
               min_child_samples=96, min_child_weight=0.001, min_split_gain=0.7,
               n_estimators=180, n_jobs=-1, num_leaves=10, objective=None,
               random_state=123, reg_alpha=0.0001, reg_lambda=0.1,
               subsample=1.0, subsample_for_bin=200000, subsample_freq=0))
2025-08-11 18:10:18,541:INFO:Finalizing LGBMClassifier(bagging_fraction=0.6, bagging_freq=4, boosting_type='gbdt',
               class_weight=None, colsample_bytree=1.0, feature_fraction=0.9,
               importance_type='split', learning_rate=0.05, max_depth=-1,
               min_child_samples=96, min_child_weight=0.001, min_split_gain=0.7,
               n_estimators=180, n_jobs=-1, num_leaves=10, objective=None,
               random_state=123, reg_alpha=0.0001, reg_lambda=0.1,
               subsample=1.0, subsample_for_bin=200000, subsample_freq=0)
2025-08-11 18:10:18,541:INFO:Initializing create_model()
2025-08-11 18:10:18,541:INFO:create_model(kwargs={}, return_train_score=False, display=None, probability_threshold=None, add_to_model_list=False, experiment_custom_tags=None, metrics=None, system=False, verbose=False, refit=True, groups=None, fit_kwargs={}, predict=True, cross_validation=True, round=4, fold=None, estimator=LGBMClassifier(bagging_fraction=0.6, bagging_freq=4, boosting_type='gbdt',
               class_weight=None, colsample_bytree=1.0, feature_fraction=0.9,
               importance_type='split', learning_rate=0.05, max_depth=-1,
               min_child_samples=96, min_child_weight=0.001, min_split_gain=0.7,
               n_estimators=180, n_jobs=-1, num_leaves=10, objective=None,
               random_state=123, reg_alpha=0.0001, reg_lambda=0.1,
               subsample=1.0, subsample_for_bin=200000, subsample_freq=0))
2025-08-11 18:10:18,542:INFO:Checking exceptions
2025-08-11 18:10:18,542:INFO:Importing libraries
2025-08-11 18:10:18,542:INFO:Copying training dataset
2025-08-11 18:10:18,679:INFO:Defining folds
2025-08-11 18:10:18,679:INFO:Declaring metric variables
2025-08-11 18:10:18,680:INFO:Importing untrained model
2025-08-11 18:10:18,680:INFO:Declaring custom model
2025-08-11 18:10:18,680:INFO:Light Gradient Boosting Machine Imported succesfully
2025-08-11 18:10:18,680:INFO:Starting cross validation
2025-08-11 18:10:18,681:INFO:Cross validating with StratifiedKFold(n_splits=10, random_state=None, shuffle=False), n_jobs=-1
2025-08-11 18:10:42,881:INFO:Calculating mean and std
2025-08-11 18:10:42,882:INFO:Creating metrics dataframe
2025-08-11 18:10:42,894:INFO:Finalizing model
2025-08-11 18:10:45,063:INFO:create_model_container: 2
2025-08-11 18:10:45,063:INFO:master_model_container: 2
2025-08-11 18:10:45,063:INFO:display_container: 4
2025-08-11 18:10:45,064:INFO:LGBMClassifier(bagging_fraction=0.6, bagging_freq=4, boosting_type='gbdt',
               class_weight=None, colsample_bytree=1.0, feature_fraction=0.9,
               importance_type='split', learning_rate=0.05, max_depth=-1,
               min_child_samples=96, min_child_weight=0.001, min_split_gain=0.7,
               n_estimators=180, n_jobs=-1, num_leaves=10, objective=None,
               random_state=123, reg_alpha=0.0001, reg_lambda=0.1,
               subsample=1.0, subsample_for_bin=200000, subsample_freq=0)
2025-08-11 18:10:45,064:INFO:create_model() succesfully completed......................................
2025-08-11 18:10:45,376:INFO:create_model_container: 2
2025-08-11 18:10:45,376:INFO:master_model_container: 2
2025-08-11 18:10:45,376:INFO:display_container: 3
2025-08-11 18:10:45,376:INFO:LGBMClassifier(bagging_fraction=0.6, bagging_freq=4, boosting_type='gbdt',
               class_weight=None, colsample_bytree=1.0, feature_fraction=0.9,
               importance_type='split', learning_rate=0.05, max_depth=-1,
               min_child_samples=96, min_child_weight=0.001, min_split_gain=0.7,
               n_estimators=180, n_jobs=-1, num_leaves=10, objective=None,
               random_state=123, reg_alpha=0.0001, reg_lambda=0.1,
               subsample=1.0, subsample_for_bin=200000, subsample_freq=0)
2025-08-11 18:10:45,376:INFO:finalize_model() succesfully completed......................................
2025-08-11 18:10:45,477:INFO:Initializing get_config()
2025-08-11 18:10:45,477:INFO:get_config(variable=prep_pipe)
2025-08-11 18:10:45,481:INFO:Global variable: prep_pipe returned as Pipeline(memory=None,
         steps=[('dtypes',
                 DataTypes_Auto_infer(categorical_features=[],
                                      display_types=True, features_todrop=[],
                                      id_columns=[],
                                      ml_usecase='classification',
                                      numerical_features=[], target='mau',
                                      time_features=[])),
                ('imputer',
                 Simple_Imputer(categorical_strategy='not_available',
                                fill_value_categorical=None,
                                fill_value_numerical=None,
                                numeric_strategy...
                ('scaling', 'passthrough'), ('P_transform', 'passthrough'),
                ('binn', 'passthrough'), ('rem_outliers', 'passthrough'),
                ('cluster_all', 'passthrough'),
                ('dummy', Dummify(target='mau')),
                ('fix_perfect', Remove_100(target='mau')),
                ('clean_names', Clean_Colum_Names()),
                ('feature_select', 'passthrough'), ('fix_multi', 'passthrough'),
                ('dfs', 'passthrough'), ('pca', 'passthrough')],
         verbose=False)
2025-08-11 18:10:45,481:INFO:get_config() succesfully completed......................................
2025-08-11 18:11:48,113:INFO:PyCaret Supervised Module
2025-08-11 18:11:48,113:INFO:ML Usecase: classification
2025-08-11 18:11:48,113:INFO:version 2.3.10
2025-08-11 18:11:48,113:INFO:Initializing setup()
2025-08-11 18:11:48,113:INFO:setup(display=None, profile_kwargs=None, profile=False, verbose=True, silent=False, log_data=False, log_profile=False, log_plots=False, experiment_custom_tags=None, experiment_name=None, log_experiment=False, session_id=123, html=True, custom_pipeline=None, use_gpu=False, n_jobs=-1, fold_groups=None, fold_shuffle=False, fold=10, fold_strategy=stratifiedkfold, data_split_stratify=False, data_split_shuffle=True, transform_target_method=box-cox, transform_target=False, fix_imbalance_method=None, fix_imbalance=False, interaction_threshold=0.01, feature_ratio=False, feature_interaction=False, feature_selection_method=classic, feature_selection_threshold=0.8, feature_selection=False, group_names=None, group_features=None, polynomial_threshold=0.1, trigonometry_features=False, polynomial_degree=2, polynomial_features=False, cluster_iter=20, create_clusters=False, remove_perfect_collinearity=True, multicollinearity_threshold=0.9, remove_multicollinearity=False, outliers_threshold=0.05, remove_outliers=False, bin_numeric_features=None, rare_level_threshold=0.1, combine_rare_levels=False, ignore_low_variance=False, pca_components=None, pca_method=linear, pca=False, unknown_categorical_method=least_frequent, handle_unknown_categorical=True, transformation_method=yeo-johnson, transformation=False, normalize_method=zscore, normalize=False, ignore_features=None, date_features=None, numeric_iterative_imputer=lightgbm, numeric_imputation=mean, numeric_features=None, high_cardinality_method=frequency, high_cardinality_features=None, ordinal_features=None, categorical_iterative_imputer=lightgbm, categorical_imputation=constant, categorical_features=None, iterative_imputation_iters=5, imputation_type=simple, preprocess=True, test_data=None, train_size=0.7, available_plots={'parameter': 'Hyperparameters', 'auc': 'AUC', 'confusion_matrix': 'Confusion Matrix', 'threshold': 'Threshold', 'pr': 'Precision Recall', 'error': 'Prediction Error', 'class_report': 'Class Report', 'rfe': 'Feature Selection', 'learning': 'Learning Curve', 'manifold': 'Manifold Learning', 'calibration': 'Calibration Curve', 'vc': 'Validation Curve', 'dimension': 'Dimensions', 'feature': 'Feature Importance', 'feature_all': 'Feature Importance (All)', 'boundary': 'Decision Boundary', 'lift': 'Lift Chart', 'gain': 'Gain Chart', 'tree': 'Decision Tree', 'ks': 'KS Statistic Plot'}, ml_usecase=classification, target=mau)
2025-08-11 18:11:48,113:INFO:Checking environment
2025-08-11 18:11:48,113:INFO:python_version: 3.6.13
2025-08-11 18:11:48,113:INFO:python_build: ('default', 'Mar 16 2021 11:37:27')
2025-08-11 18:11:48,113:INFO:machine: AMD64
2025-08-11 18:11:48,113:INFO:platform: Windows-10-10.0.26100-SP0
2025-08-11 18:11:48,114:WARNING:cannot find psutil installation. memory not traceable. Install psutil using pip to enable memory logging.
2025-08-11 18:11:48,114:INFO:Checking libraries
2025-08-11 18:11:48,114:INFO:pd==1.1.5
2025-08-11 18:11:48,114:INFO:numpy==1.19.5
2025-08-11 18:11:48,114:INFO:sklearn==0.23.2
2025-08-11 18:11:48,114:INFO:lightgbm==4.3.0
2025-08-11 18:11:48,115:WARNING:catboost not found
2025-08-11 18:11:48,116:WARNING:xgboost not found
2025-08-11 18:11:48,116:INFO:mlflow==1.23.1
2025-08-11 18:11:48,116:INFO:Checking Exceptions
2025-08-11 18:11:48,116:INFO:Declaring global variables
2025-08-11 18:11:48,116:INFO:USI: ff84
2025-08-11 18:11:48,116:INFO:pycaret_globals: {'fold_shuffle_param', 'data_before_preprocess', 'y_test', 'seed', 'stratify_param', 'fix_imbalance_method_param', 'X', '_all_models', 'html_param', 'display_container', '_internal_pipeline', 'logging_param', 'X_train', 'iterative_imputation_iters_param', '_all_metrics', 'transform_target_method_param', 'target_param', 'fold_generator', 'transform_target_param', 'fix_imbalance_param', '_available_plots', 'dashboard_logger', 'pycaret_globals', 'imputation_classifier', '_gpu_n_jobs_param', 'prep_pipe', 'imputation_regressor', 'fold_param', 'X_test', 'create_model_container', 'y', 'master_model_container', 'gpu_param', 'y_train', 'fold_groups_param', '_all_models_internal', 'USI', 'fold_groups_param_full', '_ml_usecase', 'exp_name_log', 'n_jobs_param', 'experiment__', 'log_plots_param'}
2025-08-11 18:11:48,116:INFO:Preparing display monitor
2025-08-11 18:11:48,116:INFO:Preparing display monitor
2025-08-11 18:11:48,130:INFO:Importing libraries
2025-08-11 18:11:48,130:INFO:Copying data for preprocessing
2025-08-11 18:11:48,142:INFO:Declaring preprocessing parameters
2025-08-11 18:11:48,146:INFO:Creating preprocessing pipeline
2025-08-11 18:11:48,157:INFO:Preprocessing pipeline created successfully
2025-08-11 18:11:48,157:ERROR:(Process Exit): setup has been interupted with user command 'quit'. setup must rerun.
2025-08-11 18:11:48,157:INFO:Creating global containers
2025-08-11 18:11:48,158:INFO:Internal pipeline: Pipeline(memory=None, steps=[('empty_step', 'passthrough')], verbose=False)
2025-08-11 18:11:50,985:WARNING:Couldn't import xgboost.XGBClassifier
2025-08-11 18:11:50,986:WARNING:Couldn't import catboost.CatBoostClassifier
2025-08-11 18:11:51,039:WARNING:Couldn't import xgboost.XGBClassifier
2025-08-11 18:11:51,040:WARNING:Couldn't import catboost.CatBoostClassifier
2025-08-11 18:11:51,041:INFO:Creating grid variables
2025-08-11 18:11:51,054:INFO:create_model_container: 0
2025-08-11 18:11:51,054:INFO:master_model_container: 0
2025-08-11 18:11:51,054:INFO:display_container: 1
2025-08-11 18:11:51,059:INFO:Pipeline(memory=None,
         steps=[('dtypes',
                 DataTypes_Auto_infer(categorical_features=[],
                                      display_types=True, features_todrop=[],
                                      id_columns=[],
                                      ml_usecase='classification',
                                      numerical_features=[], target='mau',
                                      time_features=[])),
                ('imputer',
                 Simple_Imputer(categorical_strategy='not_available',
                                fill_value_categorical=None,
                                fill_value_numerical=None,
                                numeric_strategy...
                ('scaling', 'passthrough'), ('P_transform', 'passthrough'),
                ('binn', 'passthrough'), ('rem_outliers', 'passthrough'),
                ('cluster_all', 'passthrough'),
                ('dummy', Dummify(target='mau')),
                ('fix_perfect', Remove_100(target='mau')),
                ('clean_names', Clean_Colum_Names()),
                ('feature_select', 'passthrough'), ('fix_multi', 'passthrough'),
                ('dfs', 'passthrough'), ('pca', 'passthrough')],
         verbose=False)
2025-08-11 18:11:51,059:INFO:setup() succesfully completed......................................
2025-08-11 18:11:51,180:INFO:Initializing create_model()
2025-08-11 18:11:51,180:INFO:create_model(kwargs={}, return_train_score=False, display=None, probability_threshold=None, add_to_model_list=True, experiment_custom_tags=None, metrics=None, system=True, verbose=True, refit=True, groups=None, fit_kwargs=None, predict=True, cross_validation=True, round=4, fold=None, estimator=lr)
2025-08-11 18:11:51,180:INFO:Checking exceptions
2025-08-11 18:11:51,180:INFO:Preparing display monitor
2025-08-11 18:11:51,193:INFO:Importing libraries
2025-08-11 18:11:51,193:INFO:Copying training dataset
2025-08-11 18:11:51,196:INFO:Defining folds
2025-08-11 18:11:51,196:INFO:Declaring metric variables
2025-08-11 18:11:51,202:INFO:Importing untrained model
2025-08-11 18:11:51,209:INFO:Logistic Regression Imported succesfully
2025-08-11 18:11:51,224:INFO:Starting cross validation
2025-08-11 18:11:51,225:INFO:Cross validating with StratifiedKFold(n_splits=10, random_state=None, shuffle=False), n_jobs=-1
2025-08-11 18:11:54,957:INFO:Calculating mean and std
2025-08-11 18:11:54,958:INFO:Creating metrics dataframe
2025-08-11 18:11:54,966:INFO:Finalizing model
2025-08-11 18:11:55,083:INFO:Uploading results into container
2025-08-11 18:11:55,083:INFO:Uploading model into container now
2025-08-11 18:11:55,097:INFO:create_model_container: 1
2025-08-11 18:11:55,097:INFO:master_model_container: 1
2025-08-11 18:11:55,098:INFO:display_container: 2
2025-08-11 18:11:55,098:INFO:LogisticRegression(C=1.0, class_weight=None, dual=False, fit_intercept=True,
                   intercept_scaling=1, l1_ratio=None, max_iter=1000,
                   multi_class='auto', n_jobs=None, penalty='l2',
                   random_state=123, solver='lbfgs', tol=0.0001, verbose=0,
                   warm_start=False)
2025-08-11 18:11:55,098:INFO:create_model() succesfully completed......................................
2025-08-11 18:11:55,211:INFO:Initializing create_model()
2025-08-11 18:11:55,211:INFO:create_model(kwargs={}, return_train_score=False, display=None, probability_threshold=None, add_to_model_list=True, experiment_custom_tags=None, metrics=None, system=True, verbose=True, refit=True, groups=None, fit_kwargs=None, predict=True, cross_validation=True, round=4, fold=None, estimator=lr)
2025-08-11 18:11:55,211:INFO:Checking exceptions
2025-08-11 18:11:55,211:INFO:Preparing display monitor
2025-08-11 18:11:55,224:INFO:Importing libraries
2025-08-11 18:11:55,224:INFO:Copying training dataset
2025-08-11 18:11:55,226:INFO:Defining folds
2025-08-11 18:11:55,226:INFO:Declaring metric variables
2025-08-11 18:11:55,232:INFO:Importing untrained model
2025-08-11 18:11:55,238:INFO:Logistic Regression Imported succesfully
2025-08-11 18:11:55,250:INFO:Starting cross validation
2025-08-11 18:11:55,251:INFO:Cross validating with StratifiedKFold(n_splits=10, random_state=None, shuffle=False), n_jobs=-1
2025-08-11 18:11:55,881:INFO:Calculating mean and std
2025-08-11 18:11:55,882:INFO:Creating metrics dataframe
2025-08-11 18:11:55,891:INFO:Finalizing model
2025-08-11 18:11:56,013:INFO:Uploading results into container
2025-08-11 18:11:56,013:INFO:Uploading model into container now
2025-08-11 18:11:56,027:INFO:create_model_container: 2
2025-08-11 18:11:56,027:INFO:master_model_container: 2
2025-08-11 18:11:56,027:INFO:display_container: 3
2025-08-11 18:11:56,027:INFO:LogisticRegression(C=1.0, class_weight=None, dual=False, fit_intercept=True,
                   intercept_scaling=1, l1_ratio=None, max_iter=1000,
                   multi_class='auto', n_jobs=None, penalty='l2',
                   random_state=123, solver='lbfgs', tol=0.0001, verbose=0,
                   warm_start=False)
2025-08-11 18:11:56,027:INFO:create_model() succesfully completed......................................
2025-08-11 18:11:56,148:INFO:Initializing plot_model()
2025-08-11 18:11:56,148:INFO:plot_model(is_in_evaluate=False, verbose=True, use_train_data=False, fold=None, system=True, scale=1, save=False, plot_kwargs=None, plot=feature, label=False, groups=None, fit_kwargs=None, feature_name=None, estimator=LogisticRegression(C=1.0, class_weight=None, dual=False, fit_intercept=True,
                   intercept_scaling=1, l1_ratio=None, max_iter=1000,
                   multi_class='auto', n_jobs=None, penalty='l2',
                   random_state=123, solver='lbfgs', tol=0.0001, verbose=0,
                   warm_start=False), display_format=None, display=None)
2025-08-11 18:11:56,148:INFO:Checking exceptions
2025-08-11 18:11:56,150:INFO:Preparing display monitor
2025-08-11 18:11:56,155:INFO:Preloading libraries
2025-08-11 18:11:56,157:INFO:Copying training dataset
2025-08-11 18:11:56,158:INFO:Copying test dataset
2025-08-11 18:11:56,160:INFO:Plot type: feature
2025-08-11 18:11:56,261:INFO:Visual Rendered Successfully
2025-08-11 18:11:56,383:INFO:plot_model() succesfully completed......................................
2025-08-11 18:11:59,339:INFO:PyCaret Supervised Module
2025-08-11 18:11:59,339:INFO:ML Usecase: classification
2025-08-11 18:11:59,339:INFO:version 2.3.10
2025-08-11 18:11:59,339:INFO:Initializing setup()
2025-08-11 18:11:59,339:INFO:setup(display=None, profile_kwargs=None, profile=False, verbose=True, silent=False, log_data=False, log_profile=False, log_plots=False, experiment_custom_tags=None, experiment_name=None, log_experiment=False, session_id=123, html=True, custom_pipeline=None, use_gpu=False, n_jobs=-1, fold_groups=None, fold_shuffle=False, fold=10, fold_strategy=stratifiedkfold, data_split_stratify=False, data_split_shuffle=True, transform_target_method=box-cox, transform_target=False, fix_imbalance_method=None, fix_imbalance=False, interaction_threshold=0.01, feature_ratio=False, feature_interaction=False, feature_selection_method=classic, feature_selection_threshold=0.8, feature_selection=False, group_names=None, group_features=None, polynomial_threshold=0.1, trigonometry_features=False, polynomial_degree=2, polynomial_features=False, cluster_iter=20, create_clusters=False, remove_perfect_collinearity=True, multicollinearity_threshold=0.9, remove_multicollinearity=False, outliers_threshold=0.05, remove_outliers=False, bin_numeric_features=None, rare_level_threshold=0.1, combine_rare_levels=False, ignore_low_variance=False, pca_components=None, pca_method=linear, pca=False, unknown_categorical_method=least_frequent, handle_unknown_categorical=True, transformation_method=yeo-johnson, transformation=False, normalize_method=zscore, normalize=False, ignore_features=None, date_features=None, numeric_iterative_imputer=lightgbm, numeric_imputation=mean, numeric_features=None, high_cardinality_method=frequency, high_cardinality_features=None, ordinal_features=None, categorical_iterative_imputer=lightgbm, categorical_imputation=constant, categorical_features=None, iterative_imputation_iters=5, imputation_type=simple, preprocess=True, test_data=None, train_size=0.7, available_plots={'parameter': 'Hyperparameters', 'auc': 'AUC', 'confusion_matrix': 'Confusion Matrix', 'threshold': 'Threshold', 'pr': 'Precision Recall', 'error': 'Prediction Error', 'class_report': 'Class Report', 'rfe': 'Feature Selection', 'learning': 'Learning Curve', 'manifold': 'Manifold Learning', 'calibration': 'Calibration Curve', 'vc': 'Validation Curve', 'dimension': 'Dimensions', 'feature': 'Feature Importance', 'feature_all': 'Feature Importance (All)', 'boundary': 'Decision Boundary', 'lift': 'Lift Chart', 'gain': 'Gain Chart', 'tree': 'Decision Tree', 'ks': 'KS Statistic Plot'}, ml_usecase=classification, target=mau)
2025-08-11 18:11:59,339:INFO:Checking environment
2025-08-11 18:11:59,339:INFO:python_version: 3.6.13
2025-08-11 18:11:59,339:INFO:python_build: ('default', 'Mar 16 2021 11:37:27')
2025-08-11 18:11:59,339:INFO:machine: AMD64
2025-08-11 18:11:59,339:INFO:platform: Windows-10-10.0.26100-SP0
2025-08-11 18:11:59,340:WARNING:cannot find psutil installation. memory not traceable. Install psutil using pip to enable memory logging.
2025-08-11 18:11:59,340:INFO:Checking libraries
2025-08-11 18:11:59,340:INFO:pd==1.1.5
2025-08-11 18:11:59,340:INFO:numpy==1.19.5
2025-08-11 18:11:59,340:INFO:sklearn==0.23.2
2025-08-11 18:11:59,340:INFO:lightgbm==4.3.0
2025-08-11 18:11:59,341:WARNING:catboost not found
2025-08-11 18:11:59,342:WARNING:xgboost not found
2025-08-11 18:11:59,342:INFO:mlflow==1.23.1
2025-08-11 18:11:59,342:INFO:Checking Exceptions
2025-08-11 18:11:59,342:INFO:Declaring global variables
2025-08-11 18:11:59,342:INFO:USI: 940e
2025-08-11 18:11:59,342:INFO:pycaret_globals: {'fold_shuffle_param', 'data_before_preprocess', 'y_test', 'seed', 'stratify_param', 'fix_imbalance_method_param', 'X', '_all_models', 'html_param', 'display_container', '_internal_pipeline', 'logging_param', 'X_train', 'iterative_imputation_iters_param', '_all_metrics', 'transform_target_method_param', 'target_param', 'fold_generator', 'transform_target_param', 'fix_imbalance_param', '_available_plots', 'dashboard_logger', 'pycaret_globals', 'imputation_classifier', '_gpu_n_jobs_param', 'prep_pipe', 'imputation_regressor', 'fold_param', 'X_test', 'create_model_container', 'y', 'master_model_container', 'gpu_param', 'y_train', 'fold_groups_param', '_all_models_internal', 'USI', 'fold_groups_param_full', '_ml_usecase', 'exp_name_log', 'n_jobs_param', 'experiment__', 'log_plots_param'}
2025-08-11 18:11:59,342:INFO:Preparing display monitor
2025-08-11 18:11:59,342:INFO:Preparing display monitor
2025-08-11 18:11:59,351:INFO:Importing libraries
2025-08-11 18:11:59,351:INFO:Copying data for preprocessing
2025-08-11 18:11:59,375:INFO:Declaring preprocessing parameters
2025-08-11 18:11:59,430:INFO:Creating preprocessing pipeline
2025-08-11 18:12:00,103:INFO:Preprocessing pipeline created successfully
2025-08-11 18:12:00,103:ERROR:(Process Exit): setup has been interupted with user command 'quit'. setup must rerun.
2025-08-11 18:12:00,103:INFO:Creating global containers
2025-08-11 18:12:00,103:INFO:Internal pipeline: Pipeline(memory=None, steps=[('empty_step', 'passthrough')], verbose=False)
2025-08-11 18:12:18,934:WARNING:Couldn't import xgboost.XGBClassifier
2025-08-11 18:12:18,934:WARNING:Couldn't import catboost.CatBoostClassifier
2025-08-11 18:12:18,989:WARNING:Couldn't import xgboost.XGBClassifier
2025-08-11 18:12:18,989:WARNING:Couldn't import catboost.CatBoostClassifier
2025-08-11 18:12:18,989:INFO:Creating grid variables
2025-08-11 18:12:19,145:INFO:create_model_container: 0
2025-08-11 18:12:19,145:INFO:master_model_container: 0
2025-08-11 18:12:19,145:INFO:display_container: 1
2025-08-11 18:12:19,147:INFO:Pipeline(memory=None,
         steps=[('dtypes',
                 DataTypes_Auto_infer(categorical_features=[],
                                      display_types=True, features_todrop=[],
                                      id_columns=[],
                                      ml_usecase='classification',
                                      numerical_features=[], target='mau',
                                      time_features=[])),
                ('imputer',
                 Simple_Imputer(categorical_strategy='not_available',
                                fill_value_categorical=None,
                                fill_value_numerical=None,
                                numeric_strategy...
                ('scaling', 'passthrough'), ('P_transform', 'passthrough'),
                ('binn', 'passthrough'), ('rem_outliers', 'passthrough'),
                ('cluster_all', 'passthrough'),
                ('dummy', Dummify(target='mau')),
                ('fix_perfect', Remove_100(target='mau')),
                ('clean_names', Clean_Colum_Names()),
                ('feature_select', 'passthrough'), ('fix_multi', 'passthrough'),
                ('dfs', 'passthrough'), ('pca', 'passthrough')],
         verbose=False)
2025-08-11 18:12:19,147:INFO:setup() succesfully completed......................................
2025-08-11 18:12:19,363:INFO:Initializing create_model()
2025-08-11 18:12:19,363:INFO:create_model(kwargs={}, return_train_score=False, display=None, probability_threshold=None, add_to_model_list=True, experiment_custom_tags=None, metrics=None, system=True, verbose=True, refit=True, groups=None, fit_kwargs=None, predict=True, cross_validation=True, round=4, fold=None, estimator=lightgbm)
2025-08-11 18:12:19,363:INFO:Checking exceptions
2025-08-11 18:12:19,363:INFO:Preparing display monitor
2025-08-11 18:12:19,380:INFO:Importing libraries
2025-08-11 18:12:19,380:INFO:Copying training dataset
2025-08-11 18:12:19,404:INFO:Defining folds
2025-08-11 18:12:19,404:INFO:Declaring metric variables
2025-08-11 18:12:19,414:INFO:Importing untrained model
2025-08-11 18:12:19,423:INFO:Light Gradient Boosting Machine Imported succesfully
2025-08-11 18:12:19,438:INFO:Starting cross validation
2025-08-11 18:12:19,440:INFO:Cross validating with StratifiedKFold(n_splits=10, random_state=None, shuffle=False), n_jobs=-1
2025-08-11 18:12:30,942:INFO:Calculating mean and std
2025-08-11 18:12:30,943:INFO:Creating metrics dataframe
2025-08-11 18:12:30,952:INFO:Finalizing model
2025-08-11 18:12:32,009:INFO:Uploading results into container
2025-08-11 18:12:32,009:INFO:Uploading model into container now
2025-08-11 18:12:32,031:INFO:create_model_container: 1
2025-08-11 18:12:32,031:INFO:master_model_container: 1
2025-08-11 18:12:32,031:INFO:display_container: 2
2025-08-11 18:12:32,032:INFO:LGBMClassifier(boosting_type='gbdt', class_weight=None, colsample_bytree=1.0,
               importance_type='split', learning_rate=0.1, max_depth=-1,
               min_child_samples=20, min_child_weight=0.001, min_split_gain=0.0,
               n_estimators=100, n_jobs=-1, num_leaves=31, objective=None,
               random_state=123, reg_alpha=0.0, reg_lambda=0.0, subsample=1.0,
               subsample_for_bin=200000, subsample_freq=0)
2025-08-11 18:12:32,032:INFO:create_model() succesfully completed......................................
2025-08-11 18:12:32,210:INFO:Initializing tune_model()
2025-08-11 18:12:32,210:INFO:tune_model(kwargs={}, return_train_score=False, display=None, tuner_verbose=True, verbose=True, return_tuner=False, groups=None, fit_kwargs=None, choose_better=False, early_stopping_max_iters=10, early_stopping=False, search_algorithm=None, search_library=scikit-learn, custom_scorer=None, optimize=Accuracy, custom_grid=None, n_iter=10, round=4, fold=None, estimator=LGBMClassifier(boosting_type='gbdt', class_weight=None, colsample_bytree=1.0,
               importance_type='split', learning_rate=0.1, max_depth=-1,
               min_child_samples=20, min_child_weight=0.001, min_split_gain=0.0,
               n_estimators=100, n_jobs=-1, num_leaves=31, objective=None,
               random_state=123, reg_alpha=0.0, reg_lambda=0.0, subsample=1.0,
               subsample_for_bin=200000, subsample_freq=0))
2025-08-11 18:12:32,210:INFO:Checking exceptions
2025-08-11 18:12:32,216:INFO:Preparing display monitor
2025-08-11 18:12:32,230:INFO:Copying training dataset
2025-08-11 18:12:32,248:INFO:Checking base model
2025-08-11 18:12:32,248:INFO:Base model : Light Gradient Boosting Machine
2025-08-11 18:12:32,255:INFO:Declaring metric variables
2025-08-11 18:12:32,261:INFO:Defining Hyperparameters
2025-08-11 18:12:32,369:INFO:Tuning with n_jobs=-1
2025-08-11 18:12:32,369:INFO:Initializing RandomizedSearchCV
2025-08-11 18:15:20,262:INFO:best_params: {'actual_estimator__reg_lambda': 0.1, 'actual_estimator__reg_alpha': 0.0001, 'actual_estimator__num_leaves': 10, 'actual_estimator__n_estimators': 180, 'actual_estimator__min_split_gain': 0.7, 'actual_estimator__min_child_samples': 96, 'actual_estimator__learning_rate': 0.05, 'actual_estimator__feature_fraction': 0.9, 'actual_estimator__bagging_freq': 4, 'actual_estimator__bagging_fraction': 0.6}
2025-08-11 18:15:20,264:INFO:Hyperparameter search completed
2025-08-11 18:15:20,265:INFO:SubProcess create_model() called ==================================
2025-08-11 18:15:20,266:INFO:Initializing create_model()
2025-08-11 18:15:20,267:INFO:create_model(kwargs={'reg_lambda': 0.1, 'reg_alpha': 0.0001, 'num_leaves': 10, 'n_estimators': 180, 'min_split_gain': 0.7, 'min_child_samples': 96, 'learning_rate': 0.05, 'feature_fraction': 0.9, 'bagging_freq': 4, 'bagging_fraction': 0.6}, return_train_score=False, display=<pycaret.internal.Display.Display object at 0x000001BF17924EF0>, probability_threshold=None, add_to_model_list=True, experiment_custom_tags=None, metrics=None, system=False, verbose=True, refit=True, groups=None, fit_kwargs={}, predict=True, cross_validation=True, round=4, fold=StratifiedKFold(n_splits=10, random_state=None, shuffle=False), estimator=LGBMClassifier(boosting_type='gbdt', class_weight=None, colsample_bytree=1.0,
               importance_type='split', learning_rate=0.1, max_depth=-1,
               min_child_samples=20, min_child_weight=0.001, min_split_gain=0.0,
               n_estimators=100, n_jobs=-1, num_leaves=31, objective=None,
               random_state=123, reg_alpha=0.0, reg_lambda=0.0, subsample=1.0,
               subsample_for_bin=200000, subsample_freq=0))
2025-08-11 18:15:20,267:INFO:Checking exceptions
2025-08-11 18:15:20,267:INFO:Importing libraries
2025-08-11 18:15:20,268:INFO:Copying training dataset
2025-08-11 18:15:20,321:INFO:Defining folds
2025-08-11 18:15:20,321:INFO:Declaring metric variables
2025-08-11 18:15:20,336:INFO:Importing untrained model
2025-08-11 18:15:20,336:INFO:Declaring custom model
2025-08-11 18:15:20,350:INFO:Light Gradient Boosting Machine Imported succesfully
2025-08-11 18:15:20,375:INFO:Starting cross validation
2025-08-11 18:15:20,376:INFO:Cross validating with StratifiedKFold(n_splits=10, random_state=None, shuffle=False), n_jobs=-1
2025-08-11 18:15:33,424:INFO:Calculating mean and std
2025-08-11 18:15:33,425:INFO:Creating metrics dataframe
2025-08-11 18:15:33,437:INFO:Finalizing model
2025-08-11 18:15:35,226:INFO:Uploading results into container
2025-08-11 18:15:35,227:INFO:Uploading model into container now
2025-08-11 18:15:35,227:INFO:create_model_container: 2
2025-08-11 18:15:35,227:INFO:master_model_container: 2
2025-08-11 18:15:35,227:INFO:display_container: 3
2025-08-11 18:15:35,228:INFO:LGBMClassifier(bagging_fraction=0.6, bagging_freq=4, boosting_type='gbdt',
               class_weight=None, colsample_bytree=1.0, feature_fraction=0.9,
               importance_type='split', learning_rate=0.05, max_depth=-1,
               min_child_samples=96, min_child_weight=0.001, min_split_gain=0.7,
               n_estimators=180, n_jobs=-1, num_leaves=10, objective=None,
               random_state=123, reg_alpha=0.0001, reg_lambda=0.1,
               subsample=1.0, subsample_for_bin=200000, subsample_freq=0)
2025-08-11 18:15:35,228:INFO:create_model() succesfully completed......................................
2025-08-11 18:15:35,486:INFO:SubProcess create_model() end ==================================
2025-08-11 18:15:35,501:INFO:create_model_container: 2
2025-08-11 18:15:35,501:INFO:master_model_container: 2
2025-08-11 18:15:35,501:INFO:display_container: 3
2025-08-11 18:15:35,502:INFO:LGBMClassifier(bagging_fraction=0.6, bagging_freq=4, boosting_type='gbdt',
               class_weight=None, colsample_bytree=1.0, feature_fraction=0.9,
               importance_type='split', learning_rate=0.05, max_depth=-1,
               min_child_samples=96, min_child_weight=0.001, min_split_gain=0.7,
               n_estimators=180, n_jobs=-1, num_leaves=10, objective=None,
               random_state=123, reg_alpha=0.0001, reg_lambda=0.1,
               subsample=1.0, subsample_for_bin=200000, subsample_freq=0)
2025-08-11 18:15:35,502:INFO:tune_model() succesfully completed......................................
2025-08-11 18:15:35,657:INFO:Initializing plot_model()
2025-08-11 18:15:35,657:INFO:plot_model(is_in_evaluate=False, verbose=True, use_train_data=False, fold=None, system=True, scale=1, save=False, plot_kwargs=None, plot=auc, label=False, groups=None, fit_kwargs=None, feature_name=None, estimator=LGBMClassifier(bagging_fraction=0.6, bagging_freq=4, boosting_type='gbdt',
               class_weight=None, colsample_bytree=1.0, feature_fraction=0.9,
               importance_type='split', learning_rate=0.05, max_depth=-1,
               min_child_samples=96, min_child_weight=0.001, min_split_gain=0.7,
               n_estimators=180, n_jobs=-1, num_leaves=10, objective=None,
               random_state=123, reg_alpha=0.0001, reg_lambda=0.1,
               subsample=1.0, subsample_for_bin=200000, subsample_freq=0), display_format=None, display=None)
2025-08-11 18:15:35,658:INFO:Checking exceptions
2025-08-11 18:15:35,664:INFO:Preparing display monitor
2025-08-11 18:15:35,669:INFO:Preloading libraries
2025-08-11 18:15:35,675:INFO:Copying training dataset
2025-08-11 18:15:35,696:INFO:Copying test dataset
2025-08-11 18:15:35,719:INFO:Plot type: auc
2025-08-11 18:15:35,721:INFO:Initializing get_config()
2025-08-11 18:15:35,722:INFO:get_config(variable=prep_pipe)
2025-08-11 18:15:35,727:INFO:Global variable: prep_pipe returned as Pipeline(memory=None,
         steps=[('dtypes',
                 DataTypes_Auto_infer(categorical_features=[],
                                      display_types=True, features_todrop=[],
                                      id_columns=[],
                                      ml_usecase='classification',
                                      numerical_features=[], target='mau',
                                      time_features=[])),
                ('imputer',
                 Simple_Imputer(categorical_strategy='not_available',
                                fill_value_categorical=None,
                                fill_value_numerical=None,
                                numeric_strategy...
                ('scaling', 'passthrough'), ('P_transform', 'passthrough'),
                ('binn', 'passthrough'), ('rem_outliers', 'passthrough'),
                ('cluster_all', 'passthrough'),
                ('dummy', Dummify(target='mau')),
                ('fix_perfect', Remove_100(target='mau')),
                ('clean_names', Clean_Colum_Names()),
                ('feature_select', 'passthrough'), ('fix_multi', 'passthrough'),
                ('dfs', 'passthrough'), ('pca', 'passthrough')],
         verbose=False)
2025-08-11 18:15:35,727:INFO:get_config() succesfully completed......................................
2025-08-11 18:15:35,728:INFO:Fitting Model
2025-08-11 18:15:35,745:INFO:Scoring test/hold-out set
2025-08-11 18:15:36,432:INFO:Visual Rendered Successfully
2025-08-11 18:15:36,558:INFO:plot_model() succesfully completed......................................
2025-08-11 18:15:36,577:INFO:Initializing plot_model()
2025-08-11 18:15:36,577:INFO:plot_model(is_in_evaluate=False, verbose=True, use_train_data=False, fold=None, system=True, scale=1, save=False, plot_kwargs=None, plot=pr, label=False, groups=None, fit_kwargs=None, feature_name=None, estimator=LGBMClassifier(bagging_fraction=0.6, bagging_freq=4, boosting_type='gbdt',
               class_weight=None, colsample_bytree=1.0, feature_fraction=0.9,
               importance_type='split', learning_rate=0.05, max_depth=-1,
               min_child_samples=96, min_child_weight=0.001, min_split_gain=0.7,
               n_estimators=180, n_jobs=-1, num_leaves=10, objective=None,
               random_state=123, reg_alpha=0.0001, reg_lambda=0.1,
               subsample=1.0, subsample_for_bin=200000, subsample_freq=0), display_format=None, display=None)
2025-08-11 18:15:36,578:INFO:Checking exceptions
2025-08-11 18:15:36,583:INFO:Preparing display monitor
2025-08-11 18:15:36,588:INFO:Preloading libraries
2025-08-11 18:15:36,594:INFO:Copying training dataset
2025-08-11 18:15:36,614:INFO:Copying test dataset
2025-08-11 18:15:36,622:INFO:Plot type: pr
2025-08-11 18:15:36,625:INFO:Fitting Model
2025-08-11 18:15:36,649:INFO:Scoring test/hold-out set
2025-08-11 18:15:37,252:INFO:Visual Rendered Successfully
2025-08-11 18:15:37,375:INFO:plot_model() succesfully completed......................................
2025-08-11 18:15:37,397:INFO:Initializing plot_model()
2025-08-11 18:15:37,399:INFO:plot_model(is_in_evaluate=False, verbose=True, use_train_data=False, fold=None, system=True, scale=1, save=False, plot_kwargs=None, plot=feature, label=False, groups=None, fit_kwargs=None, feature_name=None, estimator=LGBMClassifier(bagging_fraction=0.6, bagging_freq=4, boosting_type='gbdt',
               class_weight=None, colsample_bytree=1.0, feature_fraction=0.9,
               importance_type='split', learning_rate=0.05, max_depth=-1,
               min_child_samples=96, min_child_weight=0.001, min_split_gain=0.7,
               n_estimators=180, n_jobs=-1, num_leaves=10, objective=None,
               random_state=123, reg_alpha=0.0001, reg_lambda=0.1,
               subsample=1.0, subsample_for_bin=200000, subsample_freq=0), display_format=None, display=None)
2025-08-11 18:15:37,399:INFO:Checking exceptions
2025-08-11 18:15:37,403:INFO:Preparing display monitor
2025-08-11 18:15:37,409:INFO:Preloading libraries
2025-08-11 18:15:37,416:INFO:Copying training dataset
2025-08-11 18:15:37,434:INFO:Copying test dataset
2025-08-11 18:15:37,445:INFO:Plot type: feature
2025-08-11 18:15:37,447:WARNING:No coef_ found. Trying feature_importances_
2025-08-11 18:15:37,573:INFO:Visual Rendered Successfully
2025-08-11 18:15:37,680:INFO:plot_model() succesfully completed......................................
2025-08-11 18:15:37,703:INFO:Initializing plot_model()
2025-08-11 18:15:37,703:INFO:plot_model(is_in_evaluate=False, verbose=True, use_train_data=False, fold=None, system=True, scale=1, save=False, plot_kwargs=None, plot=confusion_matrix, label=False, groups=None, fit_kwargs=None, feature_name=None, estimator=LGBMClassifier(bagging_fraction=0.6, bagging_freq=4, boosting_type='gbdt',
               class_weight=None, colsample_bytree=1.0, feature_fraction=0.9,
               importance_type='split', learning_rate=0.05, max_depth=-1,
               min_child_samples=96, min_child_weight=0.001, min_split_gain=0.7,
               n_estimators=180, n_jobs=-1, num_leaves=10, objective=None,
               random_state=123, reg_alpha=0.0001, reg_lambda=0.1,
               subsample=1.0, subsample_for_bin=200000, subsample_freq=0), display_format=None, display=None)
2025-08-11 18:15:37,703:INFO:Checking exceptions
2025-08-11 18:15:37,707:INFO:Preparing display monitor
2025-08-11 18:15:37,711:INFO:Preloading libraries
2025-08-11 18:15:37,719:INFO:Copying training dataset
2025-08-11 18:15:37,736:INFO:Copying test dataset
2025-08-11 18:15:37,744:INFO:Plot type: confusion_matrix
2025-08-11 18:15:37,746:INFO:Initializing get_config()
2025-08-11 18:15:37,746:INFO:get_config(variable=prep_pipe)
2025-08-11 18:15:37,751:INFO:Global variable: prep_pipe returned as Pipeline(memory=None,
         steps=[('dtypes',
                 DataTypes_Auto_infer(categorical_features=[],
                                      display_types=True, features_todrop=[],
                                      id_columns=[],
                                      ml_usecase='classification',
                                      numerical_features=[], target='mau',
                                      time_features=[])),
                ('imputer',
                 Simple_Imputer(categorical_strategy='not_available',
                                fill_value_categorical=None,
                                fill_value_numerical=None,
                                numeric_strategy...
                ('scaling', 'passthrough'), ('P_transform', 'passthrough'),
                ('binn', 'passthrough'), ('rem_outliers', 'passthrough'),
                ('cluster_all', 'passthrough'),
                ('dummy', Dummify(target='mau')),
                ('fix_perfect', Remove_100(target='mau')),
                ('clean_names', Clean_Colum_Names()),
                ('feature_select', 'passthrough'), ('fix_multi', 'passthrough'),
                ('dfs', 'passthrough'), ('pca', 'passthrough')],
         verbose=False)
2025-08-11 18:15:37,751:INFO:get_config() succesfully completed......................................
2025-08-11 18:15:37,753:INFO:Fitting Model
2025-08-11 18:15:37,761:INFO:Scoring test/hold-out set
2025-08-11 18:15:38,582:INFO:Visual Rendered Successfully
2025-08-11 18:15:38,688:INFO:plot_model() succesfully completed......................................
2025-08-11 18:15:38,722:INFO:Initializing finalize_model()
2025-08-11 18:15:38,722:INFO:finalize_model(return_train_score=False, experiment_custom_tags=None, display=None, model_only=True, groups=None, fit_kwargs=None, estimator=LGBMClassifier(bagging_fraction=0.6, bagging_freq=4, boosting_type='gbdt',
               class_weight=None, colsample_bytree=1.0, feature_fraction=0.9,
               importance_type='split', learning_rate=0.05, max_depth=-1,
               min_child_samples=96, min_child_weight=0.001, min_split_gain=0.7,
               n_estimators=180, n_jobs=-1, num_leaves=10, objective=None,
               random_state=123, reg_alpha=0.0001, reg_lambda=0.1,
               subsample=1.0, subsample_for_bin=200000, subsample_freq=0))
2025-08-11 18:15:38,722:INFO:Finalizing LGBMClassifier(bagging_fraction=0.6, bagging_freq=4, boosting_type='gbdt',
               class_weight=None, colsample_bytree=1.0, feature_fraction=0.9,
               importance_type='split', learning_rate=0.05, max_depth=-1,
               min_child_samples=96, min_child_weight=0.001, min_split_gain=0.7,
               n_estimators=180, n_jobs=-1, num_leaves=10, objective=None,
               random_state=123, reg_alpha=0.0001, reg_lambda=0.1,
               subsample=1.0, subsample_for_bin=200000, subsample_freq=0)
2025-08-11 18:15:38,722:INFO:Initializing create_model()
2025-08-11 18:15:38,722:INFO:create_model(kwargs={}, return_train_score=False, display=None, probability_threshold=None, add_to_model_list=False, experiment_custom_tags=None, metrics=None, system=False, verbose=False, refit=True, groups=None, fit_kwargs={}, predict=True, cross_validation=True, round=4, fold=None, estimator=LGBMClassifier(bagging_fraction=0.6, bagging_freq=4, boosting_type='gbdt',
               class_weight=None, colsample_bytree=1.0, feature_fraction=0.9,
               importance_type='split', learning_rate=0.05, max_depth=-1,
               min_child_samples=96, min_child_weight=0.001, min_split_gain=0.7,
               n_estimators=180, n_jobs=-1, num_leaves=10, objective=None,
               random_state=123, reg_alpha=0.0001, reg_lambda=0.1,
               subsample=1.0, subsample_for_bin=200000, subsample_freq=0))
2025-08-11 18:15:38,722:INFO:Checking exceptions
2025-08-11 18:15:38,724:INFO:Importing libraries
2025-08-11 18:15:38,724:INFO:Copying training dataset
2025-08-11 18:15:38,779:INFO:Defining folds
2025-08-11 18:15:38,779:INFO:Declaring metric variables
2025-08-11 18:15:38,779:INFO:Importing untrained model
2025-08-11 18:15:38,779:INFO:Declaring custom model
2025-08-11 18:15:38,779:INFO:Light Gradient Boosting Machine Imported succesfully
2025-08-11 18:15:38,779:INFO:Starting cross validation
2025-08-11 18:15:38,781:INFO:Cross validating with StratifiedKFold(n_splits=10, random_state=None, shuffle=False), n_jobs=-1
2025-08-11 18:15:56,328:INFO:Calculating mean and std
2025-08-11 18:15:56,329:INFO:Creating metrics dataframe
2025-08-11 18:15:56,331:INFO:Finalizing model
2025-08-11 18:15:58,293:INFO:create_model_container: 2
2025-08-11 18:15:58,293:INFO:master_model_container: 2
2025-08-11 18:15:58,293:INFO:display_container: 4
2025-08-11 18:15:58,293:INFO:LGBMClassifier(bagging_fraction=0.6, bagging_freq=4, boosting_type='gbdt',
               class_weight=None, colsample_bytree=1.0, feature_fraction=0.9,
               importance_type='split', learning_rate=0.05, max_depth=-1,
               min_child_samples=96, min_child_weight=0.001, min_split_gain=0.7,
               n_estimators=180, n_jobs=-1, num_leaves=10, objective=None,
               random_state=123, reg_alpha=0.0001, reg_lambda=0.1,
               subsample=1.0, subsample_for_bin=200000, subsample_freq=0)
2025-08-11 18:15:58,293:INFO:create_model() succesfully completed......................................
2025-08-11 18:15:58,419:INFO:create_model_container: 2
2025-08-11 18:15:58,419:INFO:master_model_container: 2
2025-08-11 18:15:58,419:INFO:display_container: 3
2025-08-11 18:15:58,420:INFO:LGBMClassifier(bagging_fraction=0.6, bagging_freq=4, boosting_type='gbdt',
               class_weight=None, colsample_bytree=1.0, feature_fraction=0.9,
               importance_type='split', learning_rate=0.05, max_depth=-1,
               min_child_samples=96, min_child_weight=0.001, min_split_gain=0.7,
               n_estimators=180, n_jobs=-1, num_leaves=10, objective=None,
               random_state=123, reg_alpha=0.0001, reg_lambda=0.1,
               subsample=1.0, subsample_for_bin=200000, subsample_freq=0)
2025-08-11 18:15:58,420:INFO:finalize_model() succesfully completed......................................
2025-08-11 18:15:58,520:INFO:Initializing get_config()
2025-08-11 18:15:58,520:INFO:get_config(variable=prep_pipe)
2025-08-11 18:15:58,523:INFO:Global variable: prep_pipe returned as Pipeline(memory=None,
         steps=[('dtypes',
                 DataTypes_Auto_infer(categorical_features=[],
                                      display_types=True, features_todrop=[],
                                      id_columns=[],
                                      ml_usecase='classification',
                                      numerical_features=[], target='mau',
                                      time_features=[])),
                ('imputer',
                 Simple_Imputer(categorical_strategy='not_available',
                                fill_value_categorical=None,
                                fill_value_numerical=None,
                                numeric_strategy...
                ('scaling', 'passthrough'), ('P_transform', 'passthrough'),
                ('binn', 'passthrough'), ('rem_outliers', 'passthrough'),
                ('cluster_all', 'passthrough'),
                ('dummy', Dummify(target='mau')),
                ('fix_perfect', Remove_100(target='mau')),
                ('clean_names', Clean_Colum_Names()),
                ('feature_select', 'passthrough'), ('fix_multi', 'passthrough'),
                ('dfs', 'passthrough'), ('pca', 'passthrough')],
         verbose=False)
2025-08-11 18:15:58,523:INFO:get_config() succesfully completed......................................
2025-08-12 00:11:40,322:INFO:PyCaret Supervised Module
2025-08-12 00:11:40,324:INFO:ML Usecase: classification
2025-08-12 00:11:40,324:INFO:version 2.3.10
2025-08-12 00:11:40,324:INFO:Initializing setup()
2025-08-12 00:11:40,324:INFO:setup(display=None, profile_kwargs=None, profile=False, verbose=True, silent=False, log_data=False, log_profile=False, log_plots=False, experiment_custom_tags=None, experiment_name=None, log_experiment=False, session_id=123, html=True, custom_pipeline=None, use_gpu=False, n_jobs=-1, fold_groups=None, fold_shuffle=False, fold=10, fold_strategy=stratifiedkfold, data_split_stratify=False, data_split_shuffle=True, transform_target_method=box-cox, transform_target=False, fix_imbalance_method=None, fix_imbalance=False, interaction_threshold=0.01, feature_ratio=False, feature_interaction=False, feature_selection_method=classic, feature_selection_threshold=0.8, feature_selection=False, group_names=None, group_features=None, polynomial_threshold=0.1, trigonometry_features=False, polynomial_degree=2, polynomial_features=False, cluster_iter=20, create_clusters=False, remove_perfect_collinearity=True, multicollinearity_threshold=0.9, remove_multicollinearity=False, outliers_threshold=0.05, remove_outliers=False, bin_numeric_features=None, rare_level_threshold=0.1, combine_rare_levels=False, ignore_low_variance=False, pca_components=None, pca_method=linear, pca=False, unknown_categorical_method=least_frequent, handle_unknown_categorical=True, transformation_method=yeo-johnson, transformation=False, normalize_method=zscore, normalize=False, ignore_features=None, date_features=None, numeric_iterative_imputer=lightgbm, numeric_imputation=mean, numeric_features=None, high_cardinality_method=frequency, high_cardinality_features=None, ordinal_features=None, categorical_iterative_imputer=lightgbm, categorical_imputation=constant, categorical_features=None, iterative_imputation_iters=5, imputation_type=simple, preprocess=True, test_data=None, train_size=0.7, available_plots={'parameter': 'Hyperparameters', 'auc': 'AUC', 'confusion_matrix': 'Confusion Matrix', 'threshold': 'Threshold', 'pr': 'Precision Recall', 'error': 'Prediction Error', 'class_report': 'Class Report', 'rfe': 'Feature Selection', 'learning': 'Learning Curve', 'manifold': 'Manifold Learning', 'calibration': 'Calibration Curve', 'vc': 'Validation Curve', 'dimension': 'Dimensions', 'feature': 'Feature Importance', 'feature_all': 'Feature Importance (All)', 'boundary': 'Decision Boundary', 'lift': 'Lift Chart', 'gain': 'Gain Chart', 'tree': 'Decision Tree', 'ks': 'KS Statistic Plot'}, ml_usecase=classification, target=mau)
2025-08-12 00:11:40,324:INFO:Checking environment
2025-08-12 00:11:40,325:INFO:python_version: 3.6.13
2025-08-12 00:11:40,325:INFO:python_build: ('default', 'Mar 16 2021 11:37:27')
2025-08-12 00:11:40,325:INFO:machine: AMD64
2025-08-12 00:11:40,325:INFO:platform: Windows-10-10.0.26100-SP0
2025-08-12 00:11:40,325:WARNING:cannot find psutil installation. memory not traceable. Install psutil using pip to enable memory logging.
2025-08-12 00:11:40,325:INFO:Checking libraries
2025-08-12 00:11:40,325:INFO:pd==1.1.5
2025-08-12 00:11:40,325:INFO:numpy==1.19.5
2025-08-12 00:11:40,325:INFO:sklearn==0.23.2
2025-08-12 00:11:40,325:INFO:lightgbm==4.3.0
2025-08-12 00:11:40,325:WARNING:catboost not found
2025-08-12 00:11:40,327:WARNING:xgboost not found
2025-08-12 00:11:40,327:INFO:mlflow==1.23.1
2025-08-12 00:11:40,327:INFO:Checking Exceptions
2025-08-12 00:11:40,327:INFO:Declaring global variables
2025-08-12 00:11:40,327:INFO:USI: 112a
2025-08-12 00:11:40,327:INFO:pycaret_globals: {'log_plots_param', 'n_jobs_param', 'X_train', 'pycaret_globals', '_available_plots', 'master_model_container', 'gpu_param', '_gpu_n_jobs_param', 'iterative_imputation_iters_param', 'fold_shuffle_param', 'USI', 'fold_groups_param', 'seed', 'experiment__', 'logging_param', '_ml_usecase', 'X', 'transform_target_method_param', '_all_metrics', 'create_model_container', 'fix_imbalance_method_param', 'imputation_regressor', 'exp_name_log', 'html_param', 'display_container', 'y', 'target_param', 'fold_groups_param_full', 'data_before_preprocess', 'fold_generator', 'dashboard_logger', 'y_test', 'X_test', '_all_models', 'stratify_param', '_all_models_internal', 'fold_param', 'prep_pipe', 'fix_imbalance_param', 'transform_target_param', '_internal_pipeline', 'y_train', 'imputation_classifier'}
2025-08-12 00:11:40,327:INFO:Preparing display monitor
2025-08-12 00:11:40,327:INFO:Preparing display monitor
2025-08-12 00:11:40,342:INFO:Importing libraries
2025-08-12 00:11:40,342:INFO:Copying data for preprocessing
2025-08-12 00:11:40,350:INFO:Declaring preprocessing parameters
2025-08-12 00:11:40,355:INFO:Creating preprocessing pipeline
2025-08-12 00:11:40,369:INFO:Preprocessing pipeline created successfully
2025-08-12 00:11:40,369:ERROR:(Process Exit): setup has been interupted with user command 'quit'. setup must rerun.
2025-08-12 00:11:40,369:INFO:Creating global containers
2025-08-12 00:11:40,373:INFO:Internal pipeline: Pipeline(memory=None, steps=[('empty_step', 'passthrough')], verbose=False)
2025-08-12 00:11:42,339:WARNING:Couldn't import xgboost.XGBClassifier
2025-08-12 00:11:42,340:WARNING:Couldn't import catboost.CatBoostClassifier
2025-08-12 00:11:42,395:WARNING:Couldn't import xgboost.XGBClassifier
2025-08-12 00:11:42,396:WARNING:Couldn't import catboost.CatBoostClassifier
2025-08-12 00:11:42,397:INFO:Creating grid variables
2025-08-12 00:11:42,412:INFO:create_model_container: 0
2025-08-12 00:11:42,412:INFO:master_model_container: 0
2025-08-12 00:11:42,412:INFO:display_container: 1
2025-08-12 00:11:42,417:INFO:Pipeline(memory=None,
         steps=[('dtypes',
                 DataTypes_Auto_infer(categorical_features=[],
                                      display_types=True, features_todrop=[],
                                      id_columns=[],
                                      ml_usecase='classification',
                                      numerical_features=[], target='mau',
                                      time_features=[])),
                ('imputer',
                 Simple_Imputer(categorical_strategy='not_available',
                                fill_value_categorical=None,
                                fill_value_numerical=None,
                                numeric_strategy...
                ('scaling', 'passthrough'), ('P_transform', 'passthrough'),
                ('binn', 'passthrough'), ('rem_outliers', 'passthrough'),
                ('cluster_all', 'passthrough'),
                ('dummy', Dummify(target='mau')),
                ('fix_perfect', Remove_100(target='mau')),
                ('clean_names', Clean_Colum_Names()),
                ('feature_select', 'passthrough'), ('fix_multi', 'passthrough'),
                ('dfs', 'passthrough'), ('pca', 'passthrough')],
         verbose=False)
2025-08-12 00:11:42,417:INFO:setup() succesfully completed......................................
2025-08-12 00:11:42,514:INFO:Initializing create_model()
2025-08-12 00:11:42,514:INFO:create_model(kwargs={}, return_train_score=False, display=None, probability_threshold=None, add_to_model_list=True, experiment_custom_tags=None, metrics=None, system=True, verbose=True, refit=True, groups=None, fit_kwargs=None, predict=True, cross_validation=True, round=4, fold=None, estimator=lr)
2025-08-12 00:11:42,514:INFO:Checking exceptions
2025-08-12 00:11:42,514:INFO:Preparing display monitor
2025-08-12 00:11:42,527:INFO:Importing libraries
2025-08-12 00:11:42,527:INFO:Copying training dataset
2025-08-12 00:11:42,528:INFO:Defining folds
2025-08-12 00:11:42,528:INFO:Declaring metric variables
2025-08-12 00:11:42,534:INFO:Importing untrained model
2025-08-12 00:11:42,543:INFO:Logistic Regression Imported succesfully
2025-08-12 00:11:42,561:INFO:Starting cross validation
2025-08-12 00:11:42,561:INFO:Cross validating with StratifiedKFold(n_splits=10, random_state=None, shuffle=False), n_jobs=-1
2025-08-12 00:11:47,945:INFO:Calculating mean and std
2025-08-12 00:11:47,946:INFO:Creating metrics dataframe
2025-08-12 00:11:47,955:INFO:Finalizing model
2025-08-12 00:11:48,099:INFO:Uploading results into container
2025-08-12 00:11:48,099:INFO:Uploading model into container now
2025-08-12 00:11:48,114:INFO:create_model_container: 1
2025-08-12 00:11:48,114:INFO:master_model_container: 1
2025-08-12 00:11:48,114:INFO:display_container: 2
2025-08-12 00:11:48,115:INFO:LogisticRegression(C=1.0, class_weight=None, dual=False, fit_intercept=True,
                   intercept_scaling=1, l1_ratio=None, max_iter=1000,
                   multi_class='auto', n_jobs=None, penalty='l2',
                   random_state=123, solver='lbfgs', tol=0.0001, verbose=0,
                   warm_start=False)
2025-08-12 00:11:48,115:INFO:create_model() succesfully completed......................................
2025-08-12 00:11:48,233:INFO:Initializing create_model()
2025-08-12 00:11:48,233:INFO:create_model(kwargs={}, return_train_score=False, display=None, probability_threshold=None, add_to_model_list=True, experiment_custom_tags=None, metrics=None, system=True, verbose=True, refit=True, groups=None, fit_kwargs=None, predict=True, cross_validation=True, round=4, fold=None, estimator=lr)
2025-08-12 00:11:48,233:INFO:Checking exceptions
2025-08-12 00:11:48,233:INFO:Preparing display monitor
2025-08-12 00:11:48,246:INFO:Importing libraries
2025-08-12 00:11:48,246:INFO:Copying training dataset
2025-08-12 00:11:48,248:INFO:Defining folds
2025-08-12 00:11:48,248:INFO:Declaring metric variables
2025-08-12 00:11:48,254:INFO:Importing untrained model
2025-08-12 00:11:48,262:INFO:Logistic Regression Imported succesfully
2025-08-12 00:11:48,276:INFO:Starting cross validation
2025-08-12 00:11:48,276:INFO:Cross validating with StratifiedKFold(n_splits=10, random_state=None, shuffle=False), n_jobs=-1
2025-08-12 00:11:51,002:INFO:Calculating mean and std
2025-08-12 00:11:51,003:INFO:Creating metrics dataframe
2025-08-12 00:11:51,011:INFO:Finalizing model
2025-08-12 00:11:51,148:INFO:Uploading results into container
2025-08-12 00:11:51,148:INFO:Uploading model into container now
2025-08-12 00:11:51,160:INFO:create_model_container: 2
2025-08-12 00:11:51,160:INFO:master_model_container: 2
2025-08-12 00:11:51,161:INFO:display_container: 3
2025-08-12 00:11:51,161:INFO:LogisticRegression(C=1.0, class_weight=None, dual=False, fit_intercept=True,
                   intercept_scaling=1, l1_ratio=None, max_iter=1000,
                   multi_class='auto', n_jobs=None, penalty='l2',
                   random_state=123, solver='lbfgs', tol=0.0001, verbose=0,
                   warm_start=False)
2025-08-12 00:11:51,161:INFO:create_model() succesfully completed......................................
2025-08-12 00:23:02,123:INFO:PyCaret Supervised Module
2025-08-12 00:23:02,123:INFO:ML Usecase: classification
2025-08-12 00:23:02,123:INFO:version 2.3.10
2025-08-12 00:23:02,123:INFO:Initializing setup()
2025-08-12 00:23:02,123:INFO:setup(display=None, profile_kwargs=None, profile=False, verbose=True, silent=False, log_data=False, log_profile=False, log_plots=False, experiment_custom_tags=None, experiment_name=None, log_experiment=False, session_id=123, html=True, custom_pipeline=None, use_gpu=False, n_jobs=-1, fold_groups=None, fold_shuffle=False, fold=10, fold_strategy=stratifiedkfold, data_split_stratify=False, data_split_shuffle=True, transform_target_method=box-cox, transform_target=False, fix_imbalance_method=None, fix_imbalance=False, interaction_threshold=0.01, feature_ratio=False, feature_interaction=False, feature_selection_method=classic, feature_selection_threshold=0.8, feature_selection=False, group_names=None, group_features=None, polynomial_threshold=0.1, trigonometry_features=False, polynomial_degree=2, polynomial_features=False, cluster_iter=20, create_clusters=False, remove_perfect_collinearity=True, multicollinearity_threshold=0.9, remove_multicollinearity=False, outliers_threshold=0.05, remove_outliers=False, bin_numeric_features=None, rare_level_threshold=0.1, combine_rare_levels=False, ignore_low_variance=False, pca_components=None, pca_method=linear, pca=False, unknown_categorical_method=least_frequent, handle_unknown_categorical=True, transformation_method=yeo-johnson, transformation=False, normalize_method=zscore, normalize=False, ignore_features=None, date_features=None, numeric_iterative_imputer=lightgbm, numeric_imputation=mean, numeric_features=None, high_cardinality_method=frequency, high_cardinality_features=None, ordinal_features=None, categorical_iterative_imputer=lightgbm, categorical_imputation=constant, categorical_features=None, iterative_imputation_iters=5, imputation_type=simple, preprocess=True, test_data=None, train_size=0.7, available_plots={'parameter': 'Hyperparameters', 'auc': 'AUC', 'confusion_matrix': 'Confusion Matrix', 'threshold': 'Threshold', 'pr': 'Precision Recall', 'error': 'Prediction Error', 'class_report': 'Class Report', 'rfe': 'Feature Selection', 'learning': 'Learning Curve', 'manifold': 'Manifold Learning', 'calibration': 'Calibration Curve', 'vc': 'Validation Curve', 'dimension': 'Dimensions', 'feature': 'Feature Importance', 'feature_all': 'Feature Importance (All)', 'boundary': 'Decision Boundary', 'lift': 'Lift Chart', 'gain': 'Gain Chart', 'tree': 'Decision Tree', 'ks': 'KS Statistic Plot'}, ml_usecase=classification, target=mau)
2025-08-12 00:23:02,123:INFO:Checking environment
2025-08-12 00:23:02,123:INFO:python_version: 3.6.13
2025-08-12 00:23:02,123:INFO:python_build: ('default', 'Mar 16 2021 11:37:27')
2025-08-12 00:23:02,123:INFO:machine: AMD64
2025-08-12 00:23:02,124:INFO:platform: Windows-10-10.0.26100-SP0
2025-08-12 00:23:02,124:WARNING:cannot find psutil installation. memory not traceable. Install psutil using pip to enable memory logging.
2025-08-12 00:23:02,124:INFO:Checking libraries
2025-08-12 00:23:02,124:INFO:pd==1.1.5
2025-08-12 00:23:02,125:INFO:numpy==1.19.5
2025-08-12 00:23:02,125:INFO:sklearn==0.23.2
2025-08-12 00:23:02,125:INFO:lightgbm==4.3.0
2025-08-12 00:23:02,125:WARNING:catboost not found
2025-08-12 00:23:02,126:WARNING:xgboost not found
2025-08-12 00:23:02,126:INFO:mlflow==1.23.1
2025-08-12 00:23:02,126:INFO:Checking Exceptions
2025-08-12 00:23:02,126:INFO:Declaring global variables
2025-08-12 00:23:02,126:INFO:USI: 9e43
2025-08-12 00:23:02,126:INFO:pycaret_globals: {'transform_target_param', 'fold_param', 'exp_name_log', 'y_train', 'data_before_preprocess', 'fold_generator', 'create_model_container', 'imputation_classifier', 'display_container', 'y', 'fold_groups_param', 'seed', 'log_plots_param', 'transform_target_method_param', 'target_param', '_all_metrics', 'fix_imbalance_param', 'experiment__', 'gpu_param', 'fix_imbalance_method_param', 'fold_shuffle_param', 'dashboard_logger', 'X_train', 'prep_pipe', 'html_param', 'logging_param', '_all_models', '_ml_usecase', '_gpu_n_jobs_param', '_all_models_internal', 'USI', 'pycaret_globals', 'X', 'master_model_container', '_available_plots', 'y_test', 'n_jobs_param', 'imputation_regressor', 'stratify_param', 'fold_groups_param_full', 'iterative_imputation_iters_param', 'X_test', '_internal_pipeline'}
2025-08-12 00:23:02,126:INFO:Preparing display monitor
2025-08-12 00:23:02,126:INFO:Preparing display monitor
2025-08-12 00:23:02,143:INFO:Importing libraries
2025-08-12 00:23:02,144:INFO:Copying data for preprocessing
2025-08-12 00:23:02,154:INFO:Declaring preprocessing parameters
2025-08-12 00:23:02,159:INFO:Creating preprocessing pipeline
2025-08-12 00:23:02,173:INFO:Preprocessing pipeline created successfully
2025-08-12 00:23:02,173:ERROR:(Process Exit): setup has been interupted with user command 'quit'. setup must rerun.
2025-08-12 00:23:02,173:INFO:Creating global containers
2025-08-12 00:23:02,175:INFO:Internal pipeline: Pipeline(memory=None, steps=[('empty_step', 'passthrough')], verbose=False)
2025-08-12 00:25:10,957:WARNING:Couldn't import xgboost.XGBClassifier
2025-08-12 00:25:10,957:WARNING:Couldn't import catboost.CatBoostClassifier
2025-08-12 00:25:11,012:WARNING:Couldn't import xgboost.XGBClassifier
2025-08-12 00:25:11,012:WARNING:Couldn't import catboost.CatBoostClassifier
2025-08-12 00:25:11,013:INFO:Creating grid variables
2025-08-12 00:25:11,027:INFO:create_model_container: 0
2025-08-12 00:25:11,027:INFO:master_model_container: 0
2025-08-12 00:25:11,027:INFO:display_container: 1
2025-08-12 00:25:11,030:INFO:Pipeline(memory=None,
         steps=[('dtypes',
                 DataTypes_Auto_infer(categorical_features=[],
                                      display_types=True, features_todrop=[],
                                      id_columns=[],
                                      ml_usecase='classification',
                                      numerical_features=[], target='mau',
                                      time_features=[])),
                ('imputer',
                 Simple_Imputer(categorical_strategy='not_available',
                                fill_value_categorical=None,
                                fill_value_numerical=None,
                                numeric_strategy...
                ('scaling', 'passthrough'), ('P_transform', 'passthrough'),
                ('binn', 'passthrough'), ('rem_outliers', 'passthrough'),
                ('cluster_all', 'passthrough'),
                ('dummy', Dummify(target='mau')),
                ('fix_perfect', Remove_100(target='mau')),
                ('clean_names', Clean_Colum_Names()),
                ('feature_select', 'passthrough'), ('fix_multi', 'passthrough'),
                ('dfs', 'passthrough'), ('pca', 'passthrough')],
         verbose=False)
2025-08-12 00:25:11,031:INFO:setup() succesfully completed......................................
2025-08-12 00:25:11,125:INFO:Initializing create_model()
2025-08-12 00:25:11,125:INFO:create_model(kwargs={}, return_train_score=False, display=None, probability_threshold=None, add_to_model_list=True, experiment_custom_tags=None, metrics=None, system=True, verbose=True, refit=True, groups=None, fit_kwargs=None, predict=True, cross_validation=True, round=4, fold=None, estimator=lr)
2025-08-12 00:25:11,125:INFO:Checking exceptions
2025-08-12 00:25:11,125:INFO:Preparing display monitor
2025-08-12 00:25:11,136:INFO:Importing libraries
2025-08-12 00:25:11,136:INFO:Copying training dataset
2025-08-12 00:25:11,138:INFO:Defining folds
2025-08-12 00:25:11,138:INFO:Declaring metric variables
2025-08-12 00:25:11,144:INFO:Importing untrained model
2025-08-12 00:25:11,149:INFO:Logistic Regression Imported succesfully
2025-08-12 00:25:11,160:INFO:Starting cross validation
2025-08-12 00:25:11,161:INFO:Cross validating with StratifiedKFold(n_splits=10, random_state=None, shuffle=False), n_jobs=-1
2025-08-12 00:25:15,724:INFO:Calculating mean and std
2025-08-12 00:25:15,725:INFO:Creating metrics dataframe
2025-08-12 00:25:15,733:INFO:Finalizing model
2025-08-12 00:25:15,865:INFO:Uploading results into container
2025-08-12 00:25:15,865:INFO:Uploading model into container now
2025-08-12 00:25:15,876:INFO:create_model_container: 1
2025-08-12 00:25:15,876:INFO:master_model_container: 1
2025-08-12 00:25:15,876:INFO:display_container: 2
2025-08-12 00:25:15,876:INFO:LogisticRegression(C=1.0, class_weight=None, dual=False, fit_intercept=True,
                   intercept_scaling=1, l1_ratio=None, max_iter=1000,
                   multi_class='auto', n_jobs=None, penalty='l2',
                   random_state=123, solver='lbfgs', tol=0.0001, verbose=0,
                   warm_start=False)
2025-08-12 00:25:15,876:INFO:create_model() succesfully completed......................................
2025-08-12 00:25:15,972:INFO:Initializing create_model()
2025-08-12 00:25:15,974:INFO:create_model(kwargs={}, return_train_score=False, display=None, probability_threshold=None, add_to_model_list=True, experiment_custom_tags=None, metrics=None, system=True, verbose=True, refit=True, groups=None, fit_kwargs=None, predict=True, cross_validation=True, round=4, fold=None, estimator=lr)
2025-08-12 00:25:15,974:INFO:Checking exceptions
2025-08-12 00:25:15,974:INFO:Preparing display monitor
2025-08-12 00:25:15,986:INFO:Importing libraries
2025-08-12 00:25:15,986:INFO:Copying training dataset
2025-08-12 00:25:15,988:INFO:Defining folds
2025-08-12 00:25:15,988:INFO:Declaring metric variables
2025-08-12 00:25:15,993:INFO:Importing untrained model
2025-08-12 00:25:16,002:INFO:Logistic Regression Imported succesfully
2025-08-12 00:25:16,013:INFO:Starting cross validation
2025-08-12 00:25:16,013:INFO:Cross validating with StratifiedKFold(n_splits=10, random_state=None, shuffle=False), n_jobs=-1
2025-08-12 00:25:18,370:INFO:Calculating mean and std
2025-08-12 00:25:18,371:INFO:Creating metrics dataframe
2025-08-12 00:25:18,380:INFO:Finalizing model
2025-08-12 00:25:18,494:INFO:Uploading results into container
2025-08-12 00:25:18,494:INFO:Uploading model into container now
2025-08-12 00:25:18,507:INFO:create_model_container: 2
2025-08-12 00:25:18,507:INFO:master_model_container: 2
2025-08-12 00:25:18,508:INFO:display_container: 3
2025-08-12 00:25:18,508:INFO:LogisticRegression(C=1.0, class_weight=None, dual=False, fit_intercept=True,
                   intercept_scaling=1, l1_ratio=None, max_iter=1000,
                   multi_class='auto', n_jobs=None, penalty='l2',
                   random_state=123, solver='lbfgs', tol=0.0001, verbose=0,
                   warm_start=False)
2025-08-12 00:25:18,508:INFO:create_model() succesfully completed......................................
2025-08-12 00:25:18,632:INFO:Initializing plot_model()
2025-08-12 00:25:18,632:INFO:plot_model(is_in_evaluate=False, verbose=True, use_train_data=False, fold=None, system=True, scale=1, save=False, plot_kwargs=None, plot=feature, label=False, groups=None, fit_kwargs=None, feature_name=None, estimator=LogisticRegression(C=1.0, class_weight=None, dual=False, fit_intercept=True,
                   intercept_scaling=1, l1_ratio=None, max_iter=1000,
                   multi_class='auto', n_jobs=None, penalty='l2',
                   random_state=123, solver='lbfgs', tol=0.0001, verbose=0,
                   warm_start=False), display_format=None, display=None)
2025-08-12 00:25:18,632:INFO:Checking exceptions
2025-08-12 00:25:18,633:INFO:Preparing display monitor
2025-08-12 00:25:18,641:INFO:Preloading libraries
2025-08-12 00:25:18,642:INFO:Copying training dataset
2025-08-12 00:25:18,644:INFO:Copying test dataset
2025-08-12 00:25:18,645:INFO:Plot type: feature
2025-08-12 00:25:18,770:INFO:Visual Rendered Successfully
2025-08-12 00:25:18,869:INFO:plot_model() succesfully completed......................................
2025-08-12 00:25:22,382:INFO:PyCaret Supervised Module
2025-08-12 00:25:22,382:INFO:ML Usecase: classification
2025-08-12 00:25:22,382:INFO:version 2.3.10
2025-08-12 00:25:22,382:INFO:Initializing setup()
2025-08-12 00:25:22,382:INFO:setup(display=None, profile_kwargs=None, profile=False, verbose=True, silent=False, log_data=False, log_profile=False, log_plots=False, experiment_custom_tags=None, experiment_name=None, log_experiment=False, session_id=123, html=True, custom_pipeline=None, use_gpu=False, n_jobs=-1, fold_groups=None, fold_shuffle=False, fold=10, fold_strategy=stratifiedkfold, data_split_stratify=False, data_split_shuffle=True, transform_target_method=box-cox, transform_target=False, fix_imbalance_method=None, fix_imbalance=False, interaction_threshold=0.01, feature_ratio=False, feature_interaction=False, feature_selection_method=classic, feature_selection_threshold=0.8, feature_selection=False, group_names=None, group_features=None, polynomial_threshold=0.1, trigonometry_features=False, polynomial_degree=2, polynomial_features=False, cluster_iter=20, create_clusters=False, remove_perfect_collinearity=True, multicollinearity_threshold=0.9, remove_multicollinearity=False, outliers_threshold=0.05, remove_outliers=False, bin_numeric_features=None, rare_level_threshold=0.1, combine_rare_levels=False, ignore_low_variance=False, pca_components=None, pca_method=linear, pca=False, unknown_categorical_method=least_frequent, handle_unknown_categorical=True, transformation_method=yeo-johnson, transformation=False, normalize_method=zscore, normalize=False, ignore_features=None, date_features=None, numeric_iterative_imputer=lightgbm, numeric_imputation=mean, numeric_features=None, high_cardinality_method=frequency, high_cardinality_features=None, ordinal_features=None, categorical_iterative_imputer=lightgbm, categorical_imputation=constant, categorical_features=None, iterative_imputation_iters=5, imputation_type=simple, preprocess=True, test_data=None, train_size=0.7, available_plots={'parameter': 'Hyperparameters', 'auc': 'AUC', 'confusion_matrix': 'Confusion Matrix', 'threshold': 'Threshold', 'pr': 'Precision Recall', 'error': 'Prediction Error', 'class_report': 'Class Report', 'rfe': 'Feature Selection', 'learning': 'Learning Curve', 'manifold': 'Manifold Learning', 'calibration': 'Calibration Curve', 'vc': 'Validation Curve', 'dimension': 'Dimensions', 'feature': 'Feature Importance', 'feature_all': 'Feature Importance (All)', 'boundary': 'Decision Boundary', 'lift': 'Lift Chart', 'gain': 'Gain Chart', 'tree': 'Decision Tree', 'ks': 'KS Statistic Plot'}, ml_usecase=classification, target=mau)
2025-08-12 00:25:22,382:INFO:Checking environment
2025-08-12 00:25:22,382:INFO:python_version: 3.6.13
2025-08-12 00:25:22,382:INFO:python_build: ('default', 'Mar 16 2021 11:37:27')
2025-08-12 00:25:22,382:INFO:machine: AMD64
2025-08-12 00:25:22,383:INFO:platform: Windows-10-10.0.26100-SP0
2025-08-12 00:25:22,383:WARNING:cannot find psutil installation. memory not traceable. Install psutil using pip to enable memory logging.
2025-08-12 00:25:22,383:INFO:Checking libraries
2025-08-12 00:25:22,383:INFO:pd==1.1.5
2025-08-12 00:25:22,383:INFO:numpy==1.19.5
2025-08-12 00:25:22,383:INFO:sklearn==0.23.2
2025-08-12 00:25:22,383:INFO:lightgbm==4.3.0
2025-08-12 00:25:22,384:WARNING:catboost not found
2025-08-12 00:25:22,385:WARNING:xgboost not found
2025-08-12 00:25:22,385:INFO:mlflow==1.23.1
2025-08-12 00:25:22,385:INFO:Checking Exceptions
2025-08-12 00:25:22,385:INFO:Declaring global variables
2025-08-12 00:25:22,385:INFO:USI: f2fc
2025-08-12 00:25:22,385:INFO:pycaret_globals: {'transform_target_param', 'fold_param', 'exp_name_log', 'y_train', 'data_before_preprocess', 'fold_generator', 'create_model_container', 'imputation_classifier', 'display_container', 'y', 'fold_groups_param', 'seed', 'log_plots_param', 'transform_target_method_param', 'target_param', '_all_metrics', 'fix_imbalance_param', 'experiment__', 'gpu_param', 'fix_imbalance_method_param', 'fold_shuffle_param', 'dashboard_logger', 'X_train', 'prep_pipe', 'html_param', 'logging_param', '_all_models', '_ml_usecase', '_gpu_n_jobs_param', '_all_models_internal', 'USI', 'pycaret_globals', 'X', 'master_model_container', '_available_plots', 'y_test', 'n_jobs_param', 'imputation_regressor', 'stratify_param', 'fold_groups_param_full', 'iterative_imputation_iters_param', 'X_test', '_internal_pipeline'}
2025-08-12 00:25:22,385:INFO:Preparing display monitor
2025-08-12 00:25:22,385:INFO:Preparing display monitor
2025-08-12 00:25:22,393:INFO:Importing libraries
2025-08-12 00:25:22,393:INFO:Copying data for preprocessing
2025-08-12 00:25:22,423:INFO:Declaring preprocessing parameters
2025-08-12 00:25:22,543:INFO:Creating preprocessing pipeline
2025-08-12 00:25:23,259:INFO:Preprocessing pipeline created successfully
2025-08-12 00:25:23,259:ERROR:(Process Exit): setup has been interupted with user command 'quit'. setup must rerun.
2025-08-12 00:25:23,259:INFO:Creating global containers
2025-08-12 00:25:23,260:INFO:Internal pipeline: Pipeline(memory=None, steps=[('empty_step', 'passthrough')], verbose=False)
2025-08-12 00:25:46,805:WARNING:Couldn't import xgboost.XGBClassifier
2025-08-12 00:25:46,805:WARNING:Couldn't import catboost.CatBoostClassifier
2025-08-12 00:25:46,858:WARNING:Couldn't import xgboost.XGBClassifier
2025-08-12 00:25:46,859:WARNING:Couldn't import catboost.CatBoostClassifier
2025-08-12 00:25:46,859:INFO:Creating grid variables
2025-08-12 00:25:47,015:INFO:create_model_container: 0
2025-08-12 00:25:47,015:INFO:master_model_container: 0
2025-08-12 00:25:47,015:INFO:display_container: 1
2025-08-12 00:25:47,019:INFO:Pipeline(memory=None,
         steps=[('dtypes',
                 DataTypes_Auto_infer(categorical_features=[],
                                      display_types=True, features_todrop=[],
                                      id_columns=[],
                                      ml_usecase='classification',
                                      numerical_features=[], target='mau',
                                      time_features=[])),
                ('imputer',
                 Simple_Imputer(categorical_strategy='not_available',
                                fill_value_categorical=None,
                                fill_value_numerical=None,
                                numeric_strategy...
                ('scaling', 'passthrough'), ('P_transform', 'passthrough'),
                ('binn', 'passthrough'), ('rem_outliers', 'passthrough'),
                ('cluster_all', 'passthrough'),
                ('dummy', Dummify(target='mau')),
                ('fix_perfect', Remove_100(target='mau')),
                ('clean_names', Clean_Colum_Names()),
                ('feature_select', 'passthrough'), ('fix_multi', 'passthrough'),
                ('dfs', 'passthrough'), ('pca', 'passthrough')],
         verbose=False)
2025-08-12 00:25:47,019:INFO:setup() succesfully completed......................................
2025-08-12 00:25:47,171:INFO:Initializing create_model()
2025-08-12 00:25:47,171:INFO:create_model(kwargs={}, return_train_score=False, display=None, probability_threshold=None, add_to_model_list=True, experiment_custom_tags=None, metrics=None, system=True, verbose=True, refit=True, groups=None, fit_kwargs=None, predict=True, cross_validation=True, round=4, fold=None, estimator=lightgbm)
2025-08-12 00:25:47,171:INFO:Checking exceptions
2025-08-12 00:25:47,171:INFO:Preparing display monitor
2025-08-12 00:25:47,187:INFO:Importing libraries
2025-08-12 00:25:47,187:INFO:Copying training dataset
2025-08-12 00:25:47,204:INFO:Defining folds
2025-08-12 00:25:47,204:INFO:Declaring metric variables
2025-08-12 00:25:47,210:INFO:Importing untrained model
2025-08-12 00:25:47,216:INFO:Light Gradient Boosting Machine Imported succesfully
2025-08-12 00:25:47,229:INFO:Starting cross validation
2025-08-12 00:25:47,229:INFO:Cross validating with StratifiedKFold(n_splits=10, random_state=None, shuffle=False), n_jobs=-1
2025-08-12 00:26:00,227:INFO:Calculating mean and std
2025-08-12 00:26:00,227:INFO:Creating metrics dataframe
2025-08-12 00:26:00,237:INFO:Finalizing model
2025-08-12 00:26:01,420:INFO:Uploading results into container
2025-08-12 00:26:01,420:INFO:Uploading model into container now
2025-08-12 00:26:01,440:INFO:create_model_container: 1
2025-08-12 00:26:01,440:INFO:master_model_container: 1
2025-08-12 00:26:01,440:INFO:display_container: 2
2025-08-12 00:26:01,441:INFO:LGBMClassifier(boosting_type='gbdt', class_weight=None, colsample_bytree=1.0,
               importance_type='split', learning_rate=0.1, max_depth=-1,
               min_child_samples=20, min_child_weight=0.001, min_split_gain=0.0,
               n_estimators=100, n_jobs=-1, num_leaves=31, objective=None,
               random_state=123, reg_alpha=0.0, reg_lambda=0.0, subsample=1.0,
               subsample_for_bin=200000, subsample_freq=0)
2025-08-12 00:26:01,441:INFO:create_model() succesfully completed......................................
2025-08-12 00:26:01,607:INFO:Initializing tune_model()
2025-08-12 00:26:01,607:INFO:tune_model(kwargs={}, return_train_score=False, display=None, tuner_verbose=True, verbose=True, return_tuner=False, groups=None, fit_kwargs=None, choose_better=False, early_stopping_max_iters=10, early_stopping=False, search_algorithm=None, search_library=scikit-learn, custom_scorer=None, optimize=Accuracy, custom_grid=None, n_iter=10, round=4, fold=None, estimator=LGBMClassifier(boosting_type='gbdt', class_weight=None, colsample_bytree=1.0,
               importance_type='split', learning_rate=0.1, max_depth=-1,
               min_child_samples=20, min_child_weight=0.001, min_split_gain=0.0,
               n_estimators=100, n_jobs=-1, num_leaves=31, objective=None,
               random_state=123, reg_alpha=0.0, reg_lambda=0.0, subsample=1.0,
               subsample_for_bin=200000, subsample_freq=0))
2025-08-12 00:26:01,607:INFO:Checking exceptions
2025-08-12 00:26:01,612:INFO:Preparing display monitor
2025-08-12 00:26:01,632:INFO:Copying training dataset
2025-08-12 00:26:01,654:INFO:Checking base model
2025-08-12 00:26:01,655:INFO:Base model : Light Gradient Boosting Machine
2025-08-12 00:26:01,665:INFO:Declaring metric variables
2025-08-12 00:26:01,674:INFO:Defining Hyperparameters
2025-08-12 00:26:01,781:INFO:Tuning with n_jobs=-1
2025-08-12 00:26:01,781:INFO:Initializing RandomizedSearchCV
2025-08-12 00:29:38,765:INFO:best_params: {'actual_estimator__reg_lambda': 0.1, 'actual_estimator__reg_alpha': 0.0001, 'actual_estimator__num_leaves': 10, 'actual_estimator__n_estimators': 180, 'actual_estimator__min_split_gain': 0.7, 'actual_estimator__min_child_samples': 96, 'actual_estimator__learning_rate': 0.05, 'actual_estimator__feature_fraction': 0.9, 'actual_estimator__bagging_freq': 4, 'actual_estimator__bagging_fraction': 0.6}
2025-08-12 00:29:38,775:INFO:Hyperparameter search completed
2025-08-12 00:29:38,775:INFO:SubProcess create_model() called ==================================
2025-08-12 00:29:38,782:INFO:Initializing create_model()
2025-08-12 00:29:38,782:INFO:create_model(kwargs={'reg_lambda': 0.1, 'reg_alpha': 0.0001, 'num_leaves': 10, 'n_estimators': 180, 'min_split_gain': 0.7, 'min_child_samples': 96, 'learning_rate': 0.05, 'feature_fraction': 0.9, 'bagging_freq': 4, 'bagging_fraction': 0.6}, return_train_score=False, display=<pycaret.internal.Display.Display object at 0x00000230F91914A8>, probability_threshold=None, add_to_model_list=True, experiment_custom_tags=None, metrics=None, system=False, verbose=True, refit=True, groups=None, fit_kwargs={}, predict=True, cross_validation=True, round=4, fold=StratifiedKFold(n_splits=10, random_state=None, shuffle=False), estimator=LGBMClassifier(boosting_type='gbdt', class_weight=None, colsample_bytree=1.0,
               importance_type='split', learning_rate=0.1, max_depth=-1,
               min_child_samples=20, min_child_weight=0.001, min_split_gain=0.0,
               n_estimators=100, n_jobs=-1, num_leaves=31, objective=None,
               random_state=123, reg_alpha=0.0, reg_lambda=0.0, subsample=1.0,
               subsample_for_bin=200000, subsample_freq=0))
2025-08-12 00:29:38,782:INFO:Checking exceptions
2025-08-12 00:29:38,783:INFO:Importing libraries
2025-08-12 00:29:38,786:INFO:Copying training dataset
2025-08-12 00:29:38,977:INFO:Defining folds
2025-08-12 00:29:38,978:INFO:Declaring metric variables
2025-08-12 00:29:39,067:INFO:Importing untrained model
2025-08-12 00:29:39,069:INFO:Declaring custom model
2025-08-12 00:29:39,092:INFO:Light Gradient Boosting Machine Imported succesfully
2025-08-12 00:29:39,148:INFO:Starting cross validation
2025-08-12 00:29:39,151:INFO:Cross validating with StratifiedKFold(n_splits=10, random_state=None, shuffle=False), n_jobs=-1
2025-08-12 00:29:56,912:INFO:Calculating mean and std
2025-08-12 00:29:56,913:INFO:Creating metrics dataframe
2025-08-12 00:29:56,934:INFO:Finalizing model
2025-08-12 00:29:58,897:INFO:Uploading results into container
2025-08-12 00:29:58,897:INFO:Uploading model into container now
2025-08-12 00:29:58,897:INFO:create_model_container: 2
2025-08-12 00:29:58,897:INFO:master_model_container: 2
2025-08-12 00:29:58,897:INFO:display_container: 3
2025-08-12 00:29:58,899:INFO:LGBMClassifier(bagging_fraction=0.6, bagging_freq=4, boosting_type='gbdt',
               class_weight=None, colsample_bytree=1.0, feature_fraction=0.9,
               importance_type='split', learning_rate=0.05, max_depth=-1,
               min_child_samples=96, min_child_weight=0.001, min_split_gain=0.7,
               n_estimators=180, n_jobs=-1, num_leaves=10, objective=None,
               random_state=123, reg_alpha=0.0001, reg_lambda=0.1,
               subsample=1.0, subsample_for_bin=200000, subsample_freq=0)
2025-08-12 00:29:58,899:INFO:create_model() succesfully completed......................................
2025-08-12 00:29:59,192:INFO:SubProcess create_model() end ==================================
2025-08-12 00:29:59,214:INFO:create_model_container: 2
2025-08-12 00:29:59,214:INFO:master_model_container: 2
2025-08-12 00:29:59,214:INFO:display_container: 3
2025-08-12 00:29:59,215:INFO:LGBMClassifier(bagging_fraction=0.6, bagging_freq=4, boosting_type='gbdt',
               class_weight=None, colsample_bytree=1.0, feature_fraction=0.9,
               importance_type='split', learning_rate=0.05, max_depth=-1,
               min_child_samples=96, min_child_weight=0.001, min_split_gain=0.7,
               n_estimators=180, n_jobs=-1, num_leaves=10, objective=None,
               random_state=123, reg_alpha=0.0001, reg_lambda=0.1,
               subsample=1.0, subsample_for_bin=200000, subsample_freq=0)
2025-08-12 00:29:59,215:INFO:tune_model() succesfully completed......................................
2025-08-12 00:29:59,387:INFO:Initializing plot_model()
2025-08-12 00:29:59,387:INFO:plot_model(is_in_evaluate=False, verbose=True, use_train_data=False, fold=None, system=True, scale=1, save=False, plot_kwargs=None, plot=auc, label=False, groups=None, fit_kwargs=None, feature_name=None, estimator=LGBMClassifier(bagging_fraction=0.6, bagging_freq=4, boosting_type='gbdt',
               class_weight=None, colsample_bytree=1.0, feature_fraction=0.9,
               importance_type='split', learning_rate=0.05, max_depth=-1,
               min_child_samples=96, min_child_weight=0.001, min_split_gain=0.7,
               n_estimators=180, n_jobs=-1, num_leaves=10, objective=None,
               random_state=123, reg_alpha=0.0001, reg_lambda=0.1,
               subsample=1.0, subsample_for_bin=200000, subsample_freq=0), display_format=None, display=None)
2025-08-12 00:29:59,388:INFO:Checking exceptions
2025-08-12 00:29:59,399:INFO:Preparing display monitor
2025-08-12 00:29:59,404:INFO:Preloading libraries
2025-08-12 00:29:59,412:INFO:Copying training dataset
2025-08-12 00:29:59,438:INFO:Copying test dataset
2025-08-12 00:29:59,496:INFO:Plot type: auc
2025-08-12 00:29:59,500:INFO:Initializing get_config()
2025-08-12 00:29:59,500:INFO:get_config(variable=prep_pipe)
2025-08-12 00:29:59,505:INFO:Global variable: prep_pipe returned as Pipeline(memory=None,
         steps=[('dtypes',
                 DataTypes_Auto_infer(categorical_features=[],
                                      display_types=True, features_todrop=[],
                                      id_columns=[],
                                      ml_usecase='classification',
                                      numerical_features=[], target='mau',
                                      time_features=[])),
                ('imputer',
                 Simple_Imputer(categorical_strategy='not_available',
                                fill_value_categorical=None,
                                fill_value_numerical=None,
                                numeric_strategy...
                ('scaling', 'passthrough'), ('P_transform', 'passthrough'),
                ('binn', 'passthrough'), ('rem_outliers', 'passthrough'),
                ('cluster_all', 'passthrough'),
                ('dummy', Dummify(target='mau')),
                ('fix_perfect', Remove_100(target='mau')),
                ('clean_names', Clean_Colum_Names()),
                ('feature_select', 'passthrough'), ('fix_multi', 'passthrough'),
                ('dfs', 'passthrough'), ('pca', 'passthrough')],
         verbose=False)
2025-08-12 00:29:59,506:INFO:get_config() succesfully completed......................................
2025-08-12 00:29:59,507:INFO:Fitting Model
2025-08-12 00:29:59,520:INFO:Scoring test/hold-out set
2025-08-12 00:30:00,309:INFO:Visual Rendered Successfully
2025-08-12 00:30:00,420:INFO:plot_model() succesfully completed......................................
2025-08-12 00:30:00,449:INFO:Initializing plot_model()
2025-08-12 00:30:00,450:INFO:plot_model(is_in_evaluate=False, verbose=True, use_train_data=False, fold=None, system=True, scale=1, save=False, plot_kwargs=None, plot=pr, label=False, groups=None, fit_kwargs=None, feature_name=None, estimator=LGBMClassifier(bagging_fraction=0.6, bagging_freq=4, boosting_type='gbdt',
               class_weight=None, colsample_bytree=1.0, feature_fraction=0.9,
               importance_type='split', learning_rate=0.05, max_depth=-1,
               min_child_samples=96, min_child_weight=0.001, min_split_gain=0.7,
               n_estimators=180, n_jobs=-1, num_leaves=10, objective=None,
               random_state=123, reg_alpha=0.0001, reg_lambda=0.1,
               subsample=1.0, subsample_for_bin=200000, subsample_freq=0), display_format=None, display=None)
2025-08-12 00:30:00,450:INFO:Checking exceptions
2025-08-12 00:30:00,456:INFO:Preparing display monitor
2025-08-12 00:30:00,462:INFO:Preloading libraries
2025-08-12 00:30:00,469:INFO:Copying training dataset
2025-08-12 00:30:00,493:INFO:Copying test dataset
2025-08-12 00:30:00,503:INFO:Plot type: pr
2025-08-12 00:30:00,506:INFO:Fitting Model
2025-08-12 00:30:00,531:INFO:Scoring test/hold-out set
2025-08-12 00:30:01,183:INFO:Visual Rendered Successfully
2025-08-12 00:30:01,310:INFO:plot_model() succesfully completed......................................
2025-08-12 00:30:01,338:INFO:Initializing plot_model()
2025-08-12 00:30:01,338:INFO:plot_model(is_in_evaluate=False, verbose=True, use_train_data=False, fold=None, system=True, scale=1, save=False, plot_kwargs=None, plot=feature, label=False, groups=None, fit_kwargs=None, feature_name=None, estimator=LGBMClassifier(bagging_fraction=0.6, bagging_freq=4, boosting_type='gbdt',
               class_weight=None, colsample_bytree=1.0, feature_fraction=0.9,
               importance_type='split', learning_rate=0.05, max_depth=-1,
               min_child_samples=96, min_child_weight=0.001, min_split_gain=0.7,
               n_estimators=180, n_jobs=-1, num_leaves=10, objective=None,
               random_state=123, reg_alpha=0.0001, reg_lambda=0.1,
               subsample=1.0, subsample_for_bin=200000, subsample_freq=0), display_format=None, display=None)
2025-08-12 00:30:01,338:INFO:Checking exceptions
2025-08-12 00:30:01,345:INFO:Preparing display monitor
2025-08-12 00:30:01,352:INFO:Preloading libraries
2025-08-12 00:30:01,358:INFO:Copying training dataset
2025-08-12 00:30:01,378:INFO:Copying test dataset
2025-08-12 00:30:01,387:INFO:Plot type: feature
2025-08-12 00:30:01,390:WARNING:No coef_ found. Trying feature_importances_
2025-08-12 00:30:01,555:INFO:Visual Rendered Successfully
2025-08-12 00:30:01,686:INFO:plot_model() succesfully completed......................................
2025-08-12 00:30:01,715:INFO:Initializing plot_model()
2025-08-12 00:30:01,715:INFO:plot_model(is_in_evaluate=False, verbose=True, use_train_data=False, fold=None, system=True, scale=1, save=False, plot_kwargs=None, plot=confusion_matrix, label=False, groups=None, fit_kwargs=None, feature_name=None, estimator=LGBMClassifier(bagging_fraction=0.6, bagging_freq=4, boosting_type='gbdt',
               class_weight=None, colsample_bytree=1.0, feature_fraction=0.9,
               importance_type='split', learning_rate=0.05, max_depth=-1,
               min_child_samples=96, min_child_weight=0.001, min_split_gain=0.7,
               n_estimators=180, n_jobs=-1, num_leaves=10, objective=None,
               random_state=123, reg_alpha=0.0001, reg_lambda=0.1,
               subsample=1.0, subsample_for_bin=200000, subsample_freq=0), display_format=None, display=None)
2025-08-12 00:30:01,715:INFO:Checking exceptions
2025-08-12 00:30:01,722:INFO:Preparing display monitor
2025-08-12 00:30:01,728:INFO:Preloading libraries
2025-08-12 00:30:01,735:INFO:Copying training dataset
2025-08-12 00:30:01,755:INFO:Copying test dataset
2025-08-12 00:30:01,763:INFO:Plot type: confusion_matrix
2025-08-12 00:30:01,765:INFO:Initializing get_config()
2025-08-12 00:30:01,765:INFO:get_config(variable=prep_pipe)
2025-08-12 00:30:01,771:INFO:Global variable: prep_pipe returned as Pipeline(memory=None,
         steps=[('dtypes',
                 DataTypes_Auto_infer(categorical_features=[],
                                      display_types=True, features_todrop=[],
                                      id_columns=[],
                                      ml_usecase='classification',
                                      numerical_features=[], target='mau',
                                      time_features=[])),
                ('imputer',
                 Simple_Imputer(categorical_strategy='not_available',
                                fill_value_categorical=None,
                                fill_value_numerical=None,
                                numeric_strategy...
                ('scaling', 'passthrough'), ('P_transform', 'passthrough'),
                ('binn', 'passthrough'), ('rem_outliers', 'passthrough'),
                ('cluster_all', 'passthrough'),
                ('dummy', Dummify(target='mau')),
                ('fix_perfect', Remove_100(target='mau')),
                ('clean_names', Clean_Colum_Names()),
                ('feature_select', 'passthrough'), ('fix_multi', 'passthrough'),
                ('dfs', 'passthrough'), ('pca', 'passthrough')],
         verbose=False)
2025-08-12 00:30:01,771:INFO:get_config() succesfully completed......................................
2025-08-12 00:30:01,772:INFO:Fitting Model
2025-08-12 00:30:01,780:INFO:Scoring test/hold-out set
2025-08-12 00:30:02,697:INFO:Visual Rendered Successfully
2025-08-12 00:30:02,817:INFO:plot_model() succesfully completed......................................
2025-08-12 00:30:02,847:INFO:Initializing finalize_model()
2025-08-12 00:30:02,847:INFO:finalize_model(return_train_score=False, experiment_custom_tags=None, display=None, model_only=True, groups=None, fit_kwargs=None, estimator=LGBMClassifier(bagging_fraction=0.6, bagging_freq=4, boosting_type='gbdt',
               class_weight=None, colsample_bytree=1.0, feature_fraction=0.9,
               importance_type='split', learning_rate=0.05, max_depth=-1,
               min_child_samples=96, min_child_weight=0.001, min_split_gain=0.7,
               n_estimators=180, n_jobs=-1, num_leaves=10, objective=None,
               random_state=123, reg_alpha=0.0001, reg_lambda=0.1,
               subsample=1.0, subsample_for_bin=200000, subsample_freq=0))
2025-08-12 00:30:02,847:INFO:Finalizing LGBMClassifier(bagging_fraction=0.6, bagging_freq=4, boosting_type='gbdt',
               class_weight=None, colsample_bytree=1.0, feature_fraction=0.9,
               importance_type='split', learning_rate=0.05, max_depth=-1,
               min_child_samples=96, min_child_weight=0.001, min_split_gain=0.7,
               n_estimators=180, n_jobs=-1, num_leaves=10, objective=None,
               random_state=123, reg_alpha=0.0001, reg_lambda=0.1,
               subsample=1.0, subsample_for_bin=200000, subsample_freq=0)
2025-08-12 00:30:02,848:INFO:Initializing create_model()
2025-08-12 00:30:02,848:INFO:create_model(kwargs={}, return_train_score=False, display=None, probability_threshold=None, add_to_model_list=False, experiment_custom_tags=None, metrics=None, system=False, verbose=False, refit=True, groups=None, fit_kwargs={}, predict=True, cross_validation=True, round=4, fold=None, estimator=LGBMClassifier(bagging_fraction=0.6, bagging_freq=4, boosting_type='gbdt',
               class_weight=None, colsample_bytree=1.0, feature_fraction=0.9,
               importance_type='split', learning_rate=0.05, max_depth=-1,
               min_child_samples=96, min_child_weight=0.001, min_split_gain=0.7,
               n_estimators=180, n_jobs=-1, num_leaves=10, objective=None,
               random_state=123, reg_alpha=0.0001, reg_lambda=0.1,
               subsample=1.0, subsample_for_bin=200000, subsample_freq=0))
2025-08-12 00:30:02,848:INFO:Checking exceptions
2025-08-12 00:30:02,848:INFO:Importing libraries
2025-08-12 00:30:02,848:INFO:Copying training dataset
2025-08-12 00:30:02,998:INFO:Defining folds
2025-08-12 00:30:02,998:INFO:Declaring metric variables
2025-08-12 00:30:02,998:INFO:Importing untrained model
2025-08-12 00:30:02,998:INFO:Declaring custom model
2025-08-12 00:30:02,999:INFO:Light Gradient Boosting Machine Imported succesfully
2025-08-12 00:30:02,999:INFO:Starting cross validation
2025-08-12 00:30:03,000:INFO:Cross validating with StratifiedKFold(n_splits=10, random_state=None, shuffle=False), n_jobs=-1
2025-08-12 00:30:27,275:INFO:Calculating mean and std
2025-08-12 00:30:27,278:INFO:Creating metrics dataframe
2025-08-12 00:30:27,288:INFO:Finalizing model
2025-08-12 00:30:29,685:INFO:create_model_container: 2
2025-08-12 00:30:29,686:INFO:master_model_container: 2
2025-08-12 00:30:29,686:INFO:display_container: 4
2025-08-12 00:30:29,686:INFO:LGBMClassifier(bagging_fraction=0.6, bagging_freq=4, boosting_type='gbdt',
               class_weight=None, colsample_bytree=1.0, feature_fraction=0.9,
               importance_type='split', learning_rate=0.05, max_depth=-1,
               min_child_samples=96, min_child_weight=0.001, min_split_gain=0.7,
               n_estimators=180, n_jobs=-1, num_leaves=10, objective=None,
               random_state=123, reg_alpha=0.0001, reg_lambda=0.1,
               subsample=1.0, subsample_for_bin=200000, subsample_freq=0)
2025-08-12 00:30:29,686:INFO:create_model() succesfully completed......................................
2025-08-12 00:30:29,864:INFO:create_model_container: 2
2025-08-12 00:30:29,864:INFO:master_model_container: 2
2025-08-12 00:30:29,865:INFO:display_container: 3
2025-08-12 00:30:29,865:INFO:LGBMClassifier(bagging_fraction=0.6, bagging_freq=4, boosting_type='gbdt',
               class_weight=None, colsample_bytree=1.0, feature_fraction=0.9,
               importance_type='split', learning_rate=0.05, max_depth=-1,
               min_child_samples=96, min_child_weight=0.001, min_split_gain=0.7,
               n_estimators=180, n_jobs=-1, num_leaves=10, objective=None,
               random_state=123, reg_alpha=0.0001, reg_lambda=0.1,
               subsample=1.0, subsample_for_bin=200000, subsample_freq=0)
2025-08-12 00:30:29,866:INFO:finalize_model() succesfully completed......................................
2025-08-12 00:30:29,988:INFO:Initializing get_config()
2025-08-12 00:30:29,988:INFO:get_config(variable=prep_pipe)
2025-08-12 00:30:29,992:INFO:Global variable: prep_pipe returned as Pipeline(memory=None,
         steps=[('dtypes',
                 DataTypes_Auto_infer(categorical_features=[],
                                      display_types=True, features_todrop=[],
                                      id_columns=[],
                                      ml_usecase='classification',
                                      numerical_features=[], target='mau',
                                      time_features=[])),
                ('imputer',
                 Simple_Imputer(categorical_strategy='not_available',
                                fill_value_categorical=None,
                                fill_value_numerical=None,
                                numeric_strategy...
                ('scaling', 'passthrough'), ('P_transform', 'passthrough'),
                ('binn', 'passthrough'), ('rem_outliers', 'passthrough'),
                ('cluster_all', 'passthrough'),
                ('dummy', Dummify(target='mau')),
                ('fix_perfect', Remove_100(target='mau')),
                ('clean_names', Clean_Colum_Names()),
                ('feature_select', 'passthrough'), ('fix_multi', 'passthrough'),
                ('dfs', 'passthrough'), ('pca', 'passthrough')],
         verbose=False)
2025-08-12 00:30:29,993:INFO:get_config() succesfully completed......................................
